199 01811_噶舉派林熱巴文集 199 323
201 01120_百論 275 201
203 01081_鼻奈耶 277 203
203 01179_信心銘 277 203
203 01180_信心銘 277 203
203 01182_證道歌 277 203
203 01183_證道歌 277 203
203 01185_臨濟錄 277 203
203 01188_趙州錄 277 203
203 01189_趙州錄 277 203
203 01191_碧巖錄 277 203
203 01192_碧巖錄 277 203
203 01193_無門關 277 203
203 01195_無門關 277 203
203 01215_淨土論 277 203
203 01245_十地經 277 203
203 01257_藥師經 277 203
203 01259_地藏經 277 203
203 01261_楞嚴經 277 203
203 01264_圓覺經 277 203
203 01266_大日經 277 203
203 01312_百論疏 277 203
203 01371_楞伽經 277 203
205 01083_毗尼母論 279 205
205 01117_十二門論 279 205
205 01152_辨中邊論 279 205
205 01163_三論玄義 279 205
205 01199_五燈會元 279 205
205 01200_五燈會元 279 205
205 01221_觀念法門 279 205
205 01227_無量義經 279 205
205 01256_金光明經 279 205
205 01322_觀音玄義 279 205
205 01375_解深密經 279 205
205 01606_善見律疏 279 205
207 01101_阿毗曇心論 281 207
207 01126_菩提資糧論 281 207
207 01127_寶行王正論 281 207
207 01196_景德傳燈錄 281 207
207 01197_景德傳燈錄 281 207
207 01204_禪林僧寶傳 281 207
207 01206_淨土十疑論 281 207
207 01210_阿彌陀經疏 281 207
207 01250_如來出現品 281 207
207 01350_圓覺經略疏 281 207
207 01608_善見律註解 281 207
207 01610_善見律講記 281 207
207 01611_毗尼母論疏 281 207
209 01082_善見律毗婆沙 283 209
209 01103_阿毗曇心論經 283 209
209 01105_雜阿毗曇心論 283 209
209 01123_十住毗婆沙論 283 209
209 01129_勸發諸王要偈 283 209
209 01218_觀無量壽經疏 283 209
209 01232_維摩詰所說經 283 209
209 01270_蘇悉地羯羅經 283 209
209 01614_毗尼母論註解 283 209
211 01086_律二十二明瞭論 285 211
211 01099_舍利弗阿毗曇論 285 211
211 01109_阿毗達磨俱舍論 285 211
211 01114_阿毗達磨顯宗論 285 211
211 01154_究竟一乘寶性論 285 211
211 01208_觀無量壽佛經疏 285 211
211 01220_阿彌陀經通贊疏 285 211
211 01365_究竟一乘寶性論 285 211
211 01809_噶舉派帕莫竹巴文集 211 285
212 01805_噶舉派桑傑年巴文集 212 306
213 01084_薩婆多毗尼毗婆沙 287 213
213 01112_阿毗達磨順正理論 287 213
215 01107_阿毗達磨大毗婆沙論 289 215
219 01213_無量壽經優婆提舍願生偈 293 219
220 01779_噶舉派那洛六法 220 325
221 01803_噶舉派竹清嘉措仁波切文集 221 348
222 01791_噶舉派噶瑪巴傳承 222 296
224 01076_四分律 278 224
224 01077_五分律 278 224
224 01078_十誦律 278 224
224 01785_噶舉派密勒日巴道歌 224 326
225 01799_噶舉派波卡仁波切文集 225 301
226 01581_四分律疏 280 226
226 01587_五分律疏 280 226
226 01594_十誦律疏 280 226
227 01115_中論 283 227
227 01238_心經 283 227
227 01274_妙吉祥平等祕密最上觀門大教王經 301 227
228 01079_摩訶僧祇律 282 228
228 01583_四分律註解 282 228
228 01585_四分律講記 282 228
228 01589_五分律註解 282 228
228 01591_五分律講記 282 228
228 01596_十誦律註解 282 228
228 01598_十誦律講記 282 228
229 01243_華嚴經 285 229
229 01541_心經疏 285 229
230 01159_佛性論 285 230
230 01252_涅槃經 285 230
230 01600_摩訶僧祇律疏 284 230
231 01122_大智度論 287 231
231 01247_入法界品 287 231
231 01544_心經註解 287 231
231 01546_心經講記 287 231
232 01148_攝大乘論 284 232
232 01161_大乘玄論 284 232
232 01362_佛性論疏 287 232
232 01369_涅槃經疏 287 232
232 01602_摩訶僧祇律註解 286 232
232 01604_摩訶僧祇律講記 286 232
233 01132_龍樹菩薩傳 289 233
233 01171_華嚴原人論 289 233
233 01212_往生論註 285 233
233 01233_仁王般若經 289 233
233 01240_大品般若經 289 233
233 01242_小品般若經 289 233
234 01157_大乘起信論 286 234
234 01184_臨濟錄 280 234
234 01253_大般涅槃經 289 234
234 01298_菩薩戒義疏 286 234
234 01576_菩薩戒經疏 286 234
235 01169_華嚴金師子章 291 235
235 01224_往生禮讚偈 287 235
235 01548_阿彌陀經疏 287 235
235 01553_無量壽經疏 287 235
235 01783_噶舉派密勒日巴傳 235 332
235 01793_噶舉派司徒仁波切文集 235 317
236 01134_大乘二十頌論 288 236
236 01139_成唯識論 284 236
236 01150_大乘莊嚴經論 288 236
236 01175_六祖壇經 282 236
236 01176_六祖壇經 282 236
236 01226_法華經 287 236
236 01341_大乘起信論疏 288 236
236 01578_菩薩戒經註解 288 236
236 01580_菩薩戒經講記 288 236
237 01080_根本說一切有部律 293 237
237 01550_阿彌陀經註解 289 237
237 01552_阿彌陀經講記 289 237
238 01135_唯識二十論 286 238
238 01138_唯識三十頌 286 238
238 01141_大乘五蘊論 286 238
238 01165_法華玄義 289 238
238 01168_摩訶止觀 289 238
238 01203_禪林僧寶傳 284 238
238 01230_普賢菩薩行法經 290 238
238 01292_四分律刪補隨機羯磨疏 292 238
238 01320_摩訶止觀 289 238
238 01351_大乘起信論別記 290 238
238 01356_大乘起信論疏記 290 238
238 01381_大乘阿毗達磨經 290 238
238 01383_瑜伽師地論 286 238
239 01155_大乘法界無差別論 295 239
239 01732_吉美林巴空行心髓 239 524
240 01145_大乘阿毗達磨集論 292 240
240 01316_法華經玄義 291 240
240 01347_大乘起信論裂網疏 292 240
240 01353_大乘起信論筆削記 292 240
240 01359_大乘起信論裂網疏 292 240
240 01377_成唯識論演祕 288 240
241 01708_薩迦派護法總集 241 503
241 01813_噶舉派止貢噶舉文集 241 357
242 01143_大乘百法明門論 290 242
242 01174_禪源諸詮集都序 288 242
242 01345_禪源諸詮集都序 288 242
242 01374_成唯識論了義燈 290 242
242 01380_唯識三十論頌釋 290 242
242 01807_噶舉派達波拉傑文集 242 354
243 01268_金剛頂經 289 243
243 01536_金剛經疏 289 243
243 01789_噶舉派大寶法王文集 243 307
243 01795_噶舉派蔣貢仁波切文集 243 325
244 01781_噶舉派瑪爾巴傳 244 324
244 01787_噶舉派岡波巴文集 244 324
245 01236_金剛般若經 291 245
245 01272_陀羅尼集經 291 245
245 01538_金剛經註解 291 245
246 01023_甘珠爾佛說大圓滿幻化網 517 246
248 01712_薩迦派空行總集 248 494
249 01685_薩迦派圓滿次第 249 516
249 01700_薩迦派勝樂金剛 249 514
249 01710_薩迦派財神總集 249 495
250 01660_薩迦派道果金剛句 250 450
250 01704_薩迦派喜金剛 250 587
250 01797_噶舉派創古仁波切文集 250 327
251 01775_噶舉派大手印傳承 251 401
252 01672_薩迦派空行修法 252 489
253 01706_薩迦派幻化網 253 549
254 01019_甘珠爾佛說大圓滿法界心要 545 254
256 01669_薩迦派護法修法 256 456
257 01720_龍欽巴三休息論 257 517
257 01758_麥彭仁波切大圓滿論 257 438
260 01768_麥彭仁波切勝樂金剛論 260 432
261 01690_薩迦派大手印 261 545
262 01623_宗喀巴中觀論 262 529
263 01666_薩迦派修法總集 263 456
265 01024_甘珠爾佛說大圓滿法界寶藏論 456 265
265 01722_龍欽巴四心滴 265 493
266 01012_甘珠爾佛說薩惹哈尊者傳 511 266
266 01762_麥彭仁波切那洛六法論 266 405
266 01801_噶舉派頂果仁波切文集 266 352
267 01675_薩迦派長壽修法 267 490
268 01777_噶舉派大手印口訣 268 339
269 01025_甘珠爾佛說大圓滿七寶藏論 430 269
270 01702_薩迦派大威德金剛 270 582
270 01716_龍欽巴尊者文集 270 486
270 01742_麥彭仁波切大圓滿直指 270 477
271 01022_甘珠爾佛說大圓滿心性休息 501 271
271 01278_金剛頂瑜伽中發阿耨多羅三藐三菩提心論 317 271
272 01684_薩迦派生起次第 272 478
273 01754_麥彭仁波切戒律論 273 440
273 01766_麥彭仁波切密集金剛論 273 424
274 01011_甘珠爾佛說帝洛巴尊者傳 507 274
275 01016_甘珠爾佛說宗喀巴道歌集 511 275
275 01018_甘珠爾佛說大圓滿心要 527 275
275 01674_薩迦派財神修法 275 508
276 01718_龍欽巴七寶藏 276 595
276 01756_麥彭仁波切密宗論 276 411
276 01764_麥彭仁波切時輪金剛論 276 431
276 01772_麥彭仁波切喜金剛論 276 454
277 01662_薩迦派傳承祈請文 277 463
278 01724_龍欽巴龍欽心髓 278 515
278 01750_麥彭仁波切釋量論 278 433
280 01688_薩迦派氣脈明點 280 515
280 01694_薩迦派那洛六法 280 540
281 01014_甘珠爾佛說金剛歌道歌集 552 281
281 01021_甘珠爾佛說大圓滿十七續 491 281
281 01652_薩迦班智達智者入門 281 483
281 01691_薩迦派大圓滿 281 516
281 01727_吉美林巴文集 281 505
281 01746_麥彭仁波切現觀莊嚴論 281 413
282 01738_麥彭仁波切澄清寶珠論 282 454
283 01714_薩迦派本尊總集 283 502
283 01752_麥彭仁波切俱舍論 283 424
284 01774_麥彭仁波切幻化網論 284 443
285 01664_薩迦派灌頂儀軌 285 512
286 01682_薩迦派中陰救度 286 492
287 01748_麥彭仁波切入菩薩行論 287 425
289 01013_甘珠爾佛說盧伊巴尊者傳 516 289
289 01698_薩迦派密集金剛 289 542
289 01770_麥彭仁波切大威德金剛論 289 470
290 01668_薩迦派本尊修法 290 501
290 01726_龍欽巴大寶藏論 290 510
291 01729_吉美林巴龍欽心髓 291 472
294 01658_薩迦派道果法 294 526
295 01744_麥彭仁波切中觀莊嚴論 295 446
295 01760_麥彭仁波切大手印論 295 429
296 01740_麥彭仁波切智慧寶燈論 296 450
300 01626_宗喀巴現觀論 300 459
300 01637_歷輩班禪喇嘛文集 300 479
301 01621_宗喀巴密宗道次第 301 550
301 01696_薩迦派時輪金剛 301 527
303 01017_甘珠爾佛說蓮華生道歌集 595 303
304 01634_第一世班禪喇嘛文集 304 428
305 01650_薩迦班智達量理寶藏論 305 488
306 01632_第一世達賴喇嘛文集 306 465
309 01020_甘珠爾佛說大圓滿口訣部 525 309
309 01678_薩迦派度亡法 309 503
313 01680_薩迦派頗瓦法 313 528
314 01628_賈曹傑文集 314 462
318 01912_苯教供養空行 318 492
319 01910_苯教供養財神 319 495
321 01643_土觀佛教史 321 456
321 01648_薩迦班智達三律儀論 321 554
321 01734_麥彭仁波切文集 321 489
324 01629_克主傑文集 324 480
326 01892_苯教財神總集 326 490
327 01619_宗喀巴道次第略論 327 521
328 01906_苯教祈禱文總集 328 515
329 01015_甘珠爾佛說密勒日巴道歌集 564 329
329 01462_大乘起信論纂注 368 329
331 02000_寶積經疏 331 492
333 01641_土觀宗派源流 333 491
333 01736_麥彭仁波切定解寶燈論 333 466
333 01902_苯教修法總集 333 521
335 01635_歷輩達賴喇嘛文集 335 473
338 01894_苯教空行總集 338 563
340 01531_涅槃經集解 369 340
341 01477_華嚴經論 365 341
347 01654_薩迦班智達薩迦格言 347 509
347 01888_苯教幻化網 347 493
348 01486_楞嚴經合轍 348 360
348 01492_圓覺經略疏 348 349
349 01499_維摩詰經略疏 372 349
349 01533_大乘莊嚴經論 361 349
350 01529_涅槃經疏 361 350
351 01513_法華經疏 351 360
351 01518_瑜伽師地論記 370 351
351 01890_苯教護法總集 351 541
351 01904_苯教儀軌總集 351 508
352 01540_金剛般若波羅蜜經註解 374 352
352 01884_苯教大威德金剛 352 553
352 01886_苯教喜金剛 352 530
352 02002_大寶積經疏 352 531
353 01914_苯教供養本尊 353 512
355 01482_楞嚴經指掌疏 355 371
355 01485_成唯識論了義燈 383 355
355 01490_圓覺經大疏 367 355
355 01504_維摩詰經義記 378 355
355 01646_薩迦班智達文集 355 513
359 01500_觀所緣緣論 373 359
359 01656_薩迦五祖文集 359 450
360 01494_圓覺經直解 360 363
360 01498_維摩詰經疏 360 363
361 01468_大乘起信論注 422 361
361 01516_瑜伽師地論釋 368 361
361 01640_章嘉國師文集 361 455
362 01487_成唯識論演祕 390 362
362 01539_金剛經講記 362 386
363 01483_成唯識論掌中樞要 382 363
363 01515_法華經義記 363 370
364 01495_圓覺經講記 364 368
364 01908_苯教供養護法 364 510
365 01517_法華經講記 365 374
365 01527_華嚴經講記 365 376
366 01882_苯教勝樂金剛 366 500
367 01480_楞嚴經蒙鈔 367 373
367 01966_蘇悉地經供養法疏 367 550
368 01880_苯教密集金剛 368 520
370 01488_楞嚴經淺釋 386 370
371 01501_維摩詰經玄疏 387 371
371 01896_苯教本尊總集 371 510
372 01478_楞嚴經通議 372 394
372 01502_觀所緣緣論釋 372 383
372 01534_涅槃經講記 372 389
372 02007_佛地經疏 372 631
373 01484_楞嚴經正脈疏 386 373
373 01506_維摩詰經注 373 373
374 01523_華嚴經合論 374 404
374 02009_仁王經疏 374 530
375 01505_因明入正理論疏 375 384
375 01507_因明大疏蠡測 384 375
377 01962_金剛頂經供養法疏 377 573
379 01898_苯教灌頂儀軌 379 540
379 01927_大乘玄論 379 580
379 02012_金光明經疏 379 493
381 01503_因明入正理論 381 400
381 01511_因明正理門論疏 394 381
382 01472_大乘起信論研究 382 392
382 01921_十二門論疏 382 600
383 01512_法華經文句 383 383
384 01493_唯識三十論釋 386 384
384 01510_法華經玄義 386 384
384 01900_苯教傳承祈請 384 537
384 01931_三論略章 384 547
385 01479_成唯識論 385 436
385 01617_宗喀巴道次第廣論 385 600
385 01956_大日經供養法疏 385 539
386 01508_維摩詰經講記 386 386
386 02004_大方等大集經疏 386 521
388 01489_唯識二十論 388 396
389 01858_苯教財神 389 551
389 01920_百論疏 389 551
390 01464_大乘起信論義記 442 390
390 01525_華嚴經綱要 390 454
390 01917_中論疏 390 618
390 01949_優婆塞戒經疏 390 574
391 01972_觀世音菩薩授記經疏 391 550
394 01924_法華論疏 394 542
394 02649_維摩詰經 394 417
394 02821_論藏精要_1 394 417
394 02828_維摩詰經_1 394 417
394 02834_菩薩行論_1 394 417
394 02835_中觀論書_1 394 417
394 02839_大乘論書_1 394 417
394 02840_小乘論書_1 394 417
394 02841_部派論書_1 394 417
395 01519_華嚴經疏 395 454
395 01530_辨中邊論頌 395 411
397 01491_唯識三十論頌 397 397
398 02641_律藏補遺 398 418
398 02645_金剛經釋 398 418
398 02652_密宗儀軌 398 418
398 02659_戒律論書 398 418
398 02820_律藏補遺_1 398 418
398 02822_禪修指南_1 398 418
398 02824_金剛經釋_1 398 418
398 02830_禪宗語錄_1 398 418
398 02831_密宗儀軌_1 398 418
398 02838_戒律論書_1 398 418
398 02843_佛教地理_1 398 418
398 02844_佛教藝術_1 398 418
398 02845_佛教音樂_1 398 418
398 02846_佛教建築_1 398 418
398 02847_佛教繪畫_1 398 418
398 02848_佛教雕塑_1 398 418
398 02849_佛教石窟_1 398 418
398 02850_佛教寺院_1 398 418
398 02851_佛教節日_1 398 418
398 02852_佛教儀式_1 398 418
398 02853_佛教倫理_1 398 418
398 02854_佛教哲學_1 398 418
398 02860_佛教醫學_1 398 418
398 02862_佛教曆法_1 398 418
398 02863_佛教語言_1 398 418
398 02864_佛教文學_1 398 418
398 02865_佛教詩歌_1 398 418
398 02866_佛教戲劇_1 398 418
398 02867_佛教散文_1 398 418
398 02868_佛教小說_1 398 418
398 02869_佛教寓言_1 398 418
398 02870_佛教神話_1 398 418
398 02999_律藏補遺_2 398 418
398 03003_金剛經釋_2 398 418
398 03010_密宗儀軌_2 398 418
398 03017_戒律論書_2 398 418
398 03178_律藏補遺_3 398 418
398 03182_金剛經釋_3 398 418
398 03189_密宗儀軌_3 398 418
398 03196_戒律論書_3 398 418
398 03357_律藏補遺_4 398 418
398 03361_金剛經釋_4 398 418
398 03368_密宗儀軌_4 398 418
398 03375_戒律論書_4 398 418
398 03536_律藏補遺_5 398 418
398 03540_金剛經釋_5 398 418
398 03547_密宗儀軌_5 398 418
398 03554_戒律論書_5 398 418
398 03715_律藏補遺_6 398 418
398 03719_金剛經釋_6 398 418
398 03726_密宗儀軌_6 398 418
398 03733_戒律論書_6 398 418
398 03894_律藏補遺_7 398 418
398 03898_金剛經釋_7 398 418
398 03905_密宗儀軌_7 398 418
398 03912_戒律論書_7 398 418
398 04073_律藏補遺_8 398 418
398 04077_金剛經釋_8 398 418
398 04084_密宗儀軌_8 398 418
398 04091_戒律論書_8 398 418
398 04252_律藏補遺_9 398 418
398 04256_金剛經釋_9 398 418
398 04263_密宗儀軌_9 398 418
398 04270_戒律論書_9 398 418
398 04431_律藏補遺_10 398 418
398 04435_金剛經釋_10 398 418
398 04442_密宗儀軌_10 398 418
398 04449_戒律論書_10 398 418
398 04610_律藏補遺_11 398 418
398 04614_金剛經釋_11 398 418
398 04621_密宗儀軌_11 398 418
398 04628_戒律論書_11 398 418
398 04660_律藏補遺 398 418
398 04664_金剛經釋 398 418
398 04671_密宗儀軌 398 418
398 04678_戒律論書 398 418
398 04880_佛教美學 398 418
398 05166_律藏補遺_1 398 418
398 05170_金剛經釋_1 398 418
398 05177_密宗儀軌_1 398 418
398 05184_戒律論書_1 398 418
398 05672_律藏補遺_2 398 418
398 05676_金剛經釋_2 398 418
398 05683_密宗儀軌_2 398 418
398 05690_戒律論書_2 398 418
398 06178_律藏補遺_3 398 418
398 06182_金剛經釋_3 398 418
398 06189_密宗儀軌_3 398 418
398 06196_戒律論書_3 398 418
398 06684_律藏補遺_4 398 418
398 06688_金剛經釋_4 398 418
398 06695_密宗儀軌_4 398 418
398 06702_戒律論書_4 398 418
398 07190_律藏補遺_5 398 418
398 07194_金剛經釋_5 398 418
398 07201_密宗儀軌_5 398 418
398 07208_戒律論書_5 398 418
398 07696_律藏補遺_6 398 418
398 07700_金剛經釋_6 398 418
398 07707_密宗儀軌_6 398 418
398 07714_戒律論書_6 398 418
398 08202_律藏補遺_7 398 418
398 08206_金剛經釋_7 398 418
398 08213_密宗儀軌_7 398 418
398 08220_戒律論書_7 398 418
398 08708_律藏補遺_8 398 418
398 08712_金剛經釋_8 398 418
398 08719_密宗儀軌_8 398 418
398 08726_戒律論書_8 398 418
398 08879_律藏補遺 398 418
398 08883_金剛經釋 398 418
398 08890_密宗儀軌 398 418
398 08897_戒律論書 398 418
398 09385_律藏補遺_1 398 418
398 09389_金剛經釋_1 398 418
398 09396_密宗儀軌_1 398 418
398 09403_戒律論書_1 398 418
398 09891_律藏補遺_2 398 418
398 09895_金剛經釋_2 398 418
398 09902_密宗儀軌_2 398 418
398 09909_戒律論書_2 398 418
398 10397_律藏補遺_3 398 418
398 10401_金剛經釋_3 398 418
398 10408_密宗儀軌_3 398 418
398 10415_戒律論書_3 398 418
398 10903_律藏補遺_4 398 418
398 10907_金剛經釋_4 398 418
398 10914_密宗儀軌_4 398 418
398 10921_戒律論書_4 398 418
398 11409_律藏補遺_5 398 418
398 11413_金剛經釋_5 398 418
398 11420_密宗儀軌_5 398 418
398 11427_戒律論書_5 398 418
398 11915_律藏補遺_6 398 418
398 11919_金剛經釋_6 398 418
398 11926_密宗儀軌_6 398 418
398 11933_戒律論書_6 398 418
398 12421_律藏補遺_7 398 418
398 12425_金剛經釋_7 398 418
398 12432_密宗儀軌_7 398 418
398 12439_戒律論書_7 398 418
398 12927_律藏補遺_8 398 418
398 12931_金剛經釋_8 398 418
398 12938_密宗儀軌_8 398 418
398 12945_戒律論書_8 398 418
398 13433_律藏補遺_9 398 418
398 13437_金剛經釋_9 398 418
398 13444_密宗儀軌_9 398 418
398 13451_戒律論書_9 398 418
398 13939_律藏補遺_10 398 418
398 13943_金剛經釋_10 398 418
398 13950_密宗儀軌_10 398 418
398 13957_戒律論書_10 398 418
398 14445_律藏補遺_11 398 418
398 14449_金剛經釋_11 398 418
398 14456_密宗儀軌_11 398 418
398 14463_戒律論書_11 398 418
398 14951_律藏補遺_12 398 418
398 14955_金剛經釋_12 398 418
398 14962_密宗儀軌_12 398 418
398 14969_戒律論書_12 398 418
398 15457_律藏補遺_13 398 418
398 15461_金剛經釋_13 398 418
398 15468_密宗儀軌_13 398 418
398 15475_戒律論書_13 398 418
398 15963_律藏補遺_14 398 418
398 15967_金剛經釋_14 398 418
398 15974_密宗儀軌_14 398 418
398 15981_戒律論書_14 398 418
398 16469_律藏補遺_15 398 418
398 16473_金剛經釋_15 398 418
398 16480_密宗儀軌_15 398 418
398 16487_戒律論書_15 398 418
398 16975_律藏補遺_16 398 418
398 16979_金剛經釋_16 398 418
398 16986_密宗儀軌_16 398 418
398 16993_戒律論書_16 398 418
398 17481_律藏補遺_17 398 418
398 17485_金剛經釋_17 398 418
398 17492_密宗儀軌_17 398 418
398 17499_戒律論書_17 398 418
398 17987_律藏補遺_18 398 418
398 17991_金剛經釋_18 398 418
398 17998_密宗儀軌_18 398 418
398 18005_戒律論書_18 398 418
398 18493_律藏補遺_19 398 418
398 18497_金剛經釋_19 398 418
398 18504_密宗儀軌_19 398 418
398 18511_戒律論書_19 398 418
398 18999_律藏補遺_20 398 418
398 19003_金剛經釋_20 398 418
398 19010_密宗儀軌_20 398 418
398 19017_戒律論書_20 398 418
398 19505_律藏補遺_21 398 418
398 19509_金剛經釋_21 398 418
398 19516_密宗儀軌_21 398 418
398 19523_戒律論書_21 398 418
398 20011_律藏補遺_22 398 418
398 20015_金剛經釋_22 398 418
398 20022_密宗儀軌_22 398 418
398 20029_戒律論書_22 398 418
398 20517_律藏補遺_23 398 418
398 20521_金剛經釋_23 398 418
398 20528_密宗儀軌_23 398 418
398 20535_戒律論書_23 398 418
398 21023_律藏補遺_24 398 418
398 21027_金剛經釋_24 398 418
398 21034_密宗儀軌_24 398 418
398 21041_戒律論書_24 398 418
398 21529_律藏補遺_25 398 418
398 21533_金剛經釋_25 398 418
398 21540_密宗儀軌_25 398 418
398 21547_戒律論書_25 398 418
398 22035_律藏補遺_26 398 418
398 22039_金剛經釋_26 398 418
398 22046_密宗儀軌_26 398 418
398 22053_戒律論書_26 398 418
398 22541_律藏補遺_27 398 418
398 22545_金剛經釋_27 398 418
398 22552_密宗儀軌_27 398 418
398 22559_戒律論書_27 398 418
398 23047_律藏補遺_28 398 418
398 23051_金剛經釋_28 398 418
398 23058_密宗儀軌_28 398 418
398 23065_戒律論書_28 398 418
398 23553_律藏補遺_29 398 418
398 23557_金剛經釋_29 398 418
398 23564_密宗儀軌_29 398 418
398 23571_戒律論書_29 398 418
398 24059_律藏補遺_30 398 418
398 24063_金剛經釋_30 398 418
398 24070_密宗儀軌_30 398 418
398 24077_戒律論書_30 398 418
398 24565_律藏補遺_31 398 418
398 24569_金剛經釋_31 398 418
398 24576_密宗儀軌_31 398 418
398 24583_戒律論書_31 398 418
398 25071_律藏補遺_32 398 418
398 25075_金剛經釋_32 398 418
398 25082_密宗儀軌_32 398 418
398 25089_戒律論書_32 398 418
398 25577_律藏補遺_33 398 418
398 25581_金剛經釋_33 398 418
398 25588_密宗儀軌_33 398 418
398 25595_戒律論書_33 398 418
398 26083_律藏補遺_34 398 418
398 26087_金剛經釋_34 398 418
398 26094_密宗儀軌_34 398 418
398 26101_戒律論書_34 398 418
398 26589_律藏補遺_35 398 418
398 26593_金剛經釋_35 398 418
398 26600_密宗儀軌_35 398 418
398 26607_戒律論書_35 398 418
398 27095_律藏補遺_36 398 418
398 27099_金剛經釋_36 398 418
398 27106_密宗儀軌_36 398 418
398 27113_戒律論書_36 398 418
398 27601_律藏補遺_37 398 418
398 27605_金剛經釋_37 398 418
398 27612_密宗儀軌_37 398 418
398 27619_戒律論書_37 398 418
398 28107_律藏補遺_38 398 418
398 28111_金剛經釋_38 398 418
398 28118_密宗儀軌_38 398 418
398 28125_戒律論書_38 398 418
398 28613_律藏補遺_39 398 418
398 28617_金剛經釋_39 398 418
398 28624_密宗儀軌_39 398 418
398 28631_戒律論書_39 398 418
398 29119_律藏補遺_40 398 418
398 29123_金剛經釋_40 398 418
398 29130_密宗儀軌_40 398 418
398 29137_戒律論書_40 398 418
398 29625_律藏補遺_41 398 418
398 29629_金剛經釋_41 398 418
398 29636_密宗儀軌_41 398 418
400 01476_楞嚴經疏解 400 421
400 01876_苯教那洛六法 400 646
400 02857_佛教經濟學_1 400 423
400 04872_佛教認識論 400 423
400 04873_佛教本體論 400 423
400 04874_佛教價值論 400 423
400 04875_佛教實踐論 400 423
400 04876_佛教方法論 400 423
400 04878_佛教知識論 400 423
400 04879_佛教道德論 400 423
401 01481_成唯識論述記 405 401
401 01878_苯教時輪金剛 401 545
401 01926_涅槃經遊意 401 569
401 01960_金剛頂經疏 401 606
402 01522_攝大乘論釋 402 411
402 02646_法華經義 402 419
402 02648_涅槃經疏 402 419
402 02819_阿含經選_1 402 419
402 02823_般若心經_1 402 419
402 02825_法華經義_1 402 419
402 02826_華嚴經論_1 402 419
402 02827_涅槃經疏_1 402 419
402 02829_淨土經論_1 402 419
402 02833_佛傳故事_1 402 419
402 02836_唯識論書_1 402 419
402 02837_因明論書_1 402 419
402 02842_佛教史傳_1 402 419
402 02871_佛教傳說_1 402 419
402 03004_法華經義_2 402 419
402 03006_涅槃經疏_2 402 419
402 03183_法華經義_3 402 419
402 03185_涅槃經疏_3 402 419
402 03362_法華經義_4 402 419
402 03364_涅槃經疏_4 402 419
402 03541_法華經義_5 402 419
402 03543_涅槃經疏_5 402 419
402 03720_法華經義_6 402 419
402 03722_涅槃經疏_6 402 419
402 03899_法華經義_7 402 419
402 03901_涅槃經疏_7 402 419
402 04078_法華經義_8 402 419
402 04080_涅槃經疏_8 402 419
402 04257_法華經義_9 402 419
402 04259_涅槃經疏_9 402 419
402 04436_法華經義_10 402 419
402 04438_涅槃經疏_10 402 419
402 04615_法華經義_11 402 419
402 04617_涅槃經疏_11 402 419
402 04665_法華經義 402 419
402 04667_涅槃經疏 402 419
402 05171_法華經義_1 402 419
402 05173_涅槃經疏_1 402 419
402 05677_法華經義_2 402 419
402 05679_涅槃經疏_2 402 419
402 06183_法華經義_3 402 419
402 06185_涅槃經疏_3 402 419
402 06689_法華經義_4 402 419
402 06691_涅槃經疏_4 402 419
402 07195_法華經義_5 402 419
402 07197_涅槃經疏_5 402 419
402 07701_法華經義_6 402 419
402 07703_涅槃經疏_6 402 419
402 08207_法華經義_7 402 419
402 08209_涅槃經疏_7 402 419
402 08713_法華經義_8 402 419
402 08715_涅槃經疏_8 402 419
402 08884_法華經義 402 419
402 08886_涅槃經疏 402 419
402 09390_法華經義_1 402 419
402 09392_涅槃經疏_1 402 419
402 09896_法華經義_2 402 419
402 09898_涅槃經疏_2 402 419
402 10402_法華經義_3 402 419
402 10404_涅槃經疏_3 402 419
402 10908_法華經義_4 402 419
402 10910_涅槃經疏_4 402 419
402 11414_法華經義_5 402 419
402 11416_涅槃經疏_5 402 419
402 11920_法華經義_6 402 419
402 11922_涅槃經疏_6 402 419
402 12426_法華經義_7 402 419
402 12428_涅槃經疏_7 402 419
402 12932_法華經義_8 402 419
402 12934_涅槃經疏_8 402 419
402 13438_法華經義_9 402 419
402 13440_涅槃經疏_9 402 419
402 13944_法華經義_10 402 419
402 13946_涅槃經疏_10 402 419
402 14450_法華經義_11 402 419
402 14452_涅槃經疏_11 402 419
402 14956_法華經義_12 402 419
402 14958_涅槃經疏_12 402 419
402 15462_法華經義_13 402 419
402 15464_涅槃經疏_13 402 419
402 15968_法華經義_14 402 419
402 15970_涅槃經疏_14 402 419
402 16474_法華經義_15 402 419
402 16476_涅槃經疏_15 402 419
402 16980_法華經義_16 402 419
402 16982_涅槃經疏_16 402 419
402 17486_法華經義_17 402 419
402 17488_涅槃經疏_17 402 419
402 17992_法華經義_18 402 419
402 17994_涅槃經疏_18 402 419
402 18498_法華經義_19 402 419
402 18500_涅槃經疏_19 402 419
402 19004_法華經義_20 402 419
402 19006_涅槃經疏_20 402 419
402 19510_法華經義_21 402 419
402 19512_涅槃經疏_21 402 419
402 20016_法華經義_22 402 419
402 20018_涅槃經疏_22 402 419
402 20522_法華經義_23 402 419
402 20524_涅槃經疏_23 402 419
402 21028_法華經義_24 402 419
402 21030_涅槃經疏_24 402 419
402 21534_法華經義_25 402 419
402 21536_涅槃經疏_25 402 419
402 22040_法華經義_26 402 419
402 22042_涅槃經疏_26 402 419
402 22546_法華經義_27 402 419
402 22548_涅槃經疏_27 402 419
402 23052_法華經義_28 402 419
402 23054_涅槃經疏_28 402 419
402 23558_法華經義_29 402 419
402 23560_涅槃經疏_29 402 419
402 24064_法華經義_30 402 419
402 24066_涅槃經疏_30 402 419
402 24570_法華經義_31 402 419
402 24572_涅槃經疏_31 402 419
402 25076_法華經義_32 402 419
402 25078_涅槃經疏_32 402 419
402 25582_法華經義_33 402 419
402 25584_涅槃經疏_33 402 419
402 26088_法華經義_34 402 419
402 26090_涅槃經疏_34 402 419
402 26594_法華經義_35 402 419
402 26596_涅槃經疏_35 402 419
402 27100_法華經義_36 402 419
402 27102_涅槃經疏_36 402 419
402 27606_法華經義_37 402 419
402 27608_涅槃經疏_37 402 419
402 28112_法華經義_38 402 419
402 28114_涅槃經疏_38 402 419
402 28618_法華經義_39 402 419
402 28620_涅槃經疏_39 402 419
402 29124_法華經義_40 402 419
402 29126_涅槃經疏_40 402 419
402 29630_法華經義_41 402 419
402 29632_涅槃經疏_41 402 419
404 01532_辨中邊論述記 404 405
404 01933_華嚴遊意 404 596
404 01958_大日經住心品疏 404 544
404 02516_南傳律藏注 404 424
404 02708_佛教密宗譜 404 424
404 02709_佛教律宗譜 404 424
404 02760_佛教密宗願 404 424
404 02761_佛教密宗力 404 424
404 02762_佛教密宗智 404 424
404 02855_佛教心理學_1 404 424
404 02856_佛教社會學_1 404 424
404 02858_佛教政治學_1 404 424
404 02859_佛教教育學_1 404 424
404 02861_佛教天文學_1 404 424
404 02873_佛教勸善書_1 404 424
404 02874_佛教感應錄_1 404 424
404 02875_佛教靈驗記_1 404 424
404 02887_佛教密宗譜_1 404 424
404 02888_佛教律宗譜_1 404 424
404 02939_佛教密宗願_1 404 424
404 02940_佛教密宗力_1 404 424
404 02941_佛教密宗智_1 404 424
404 03066_佛教密宗譜_2 404 424
404 03067_佛教律宗譜_2 404 424
404 03118_佛教密宗願_2 404 424
404 03119_佛教密宗力_2 404 424
404 03120_佛教密宗智_2 404 424
404 03245_佛教密宗譜_3 404 424
404 03246_佛教律宗譜_3 404 424
404 03297_佛教密宗願_3 404 424
404 03298_佛教密宗力_3 404 424
404 03299_佛教密宗智_3 404 424
404 03424_佛教密宗譜_4 404 424
404 03425_佛教律宗譜_4 404 424
404 03476_佛教密宗願_4 404 424
404 03477_佛教密宗力_4 404 424
404 03478_佛教密宗智_4 404 424
404 03603_佛教密宗譜_5 404 424
404 03604_佛教律宗譜_5 404 424
404 03655_佛教密宗願_5 404 424
404 03656_佛教密宗力_5 404 424
404 03657_佛教密宗智_5 404 424
404 03782_佛教密宗譜_6 404 424
404 03783_佛教律宗譜_6 404 424
404 03834_佛教密宗願_6 404 424
404 03835_佛教密宗力_6 404 424
404 03836_佛教密宗智_6 404 424
404 03961_佛教密宗譜_7 404 424
404 03962_佛教律宗譜_7 404 424
404 04013_佛教密宗願_7 404 424
404 04014_佛教密宗力_7 404 424
404 04015_佛教密宗智_7 404 424
404 04140_佛教密宗譜_8 404 424
404 04141_佛教律宗譜_8 404 424
404 04192_佛教密宗願_8 404 424
404 04193_佛教密宗力_8 404 424
404 04194_佛教密宗智_8 404 424
404 04319_佛教密宗譜_9 404 424
404 04320_佛教律宗譜_9 404 424
404 04371_佛教密宗願_9 404 424
404 04372_佛教密宗力_9 404 424
404 04373_佛教密宗智_9 404 424
404 04498_佛教密宗譜_10 404 424
404 04499_佛教律宗譜_10 404 424
404 04550_佛教密宗願_10 404 424
404 04551_佛教密宗力_10 404 424
404 04552_佛教密宗智_10 404 424
404 04727_佛教密宗譜 404 424
404 04728_佛教律宗譜 404 424
404 04779_佛教密宗願 404 424
404 04780_佛教密宗力 404 424
404 04781_佛教密宗智 404 424
404 04838_佛教考古學 404 424
404 04839_佛教文獻學 404 424
404 04840_佛教目錄學 404 424
404 04844_佛教翻譯學 404 424
404 04845_佛教音韻學 404 424
404 04846_佛教文字學 404 424
404 04847_佛教語義學 404 424
404 04848_佛教語用學 404 424
404 04849_佛教修辭學 404 424
404 04850_佛教文體學 404 424
404 04851_佛教敘事學 404 424
404 04852_佛教符號學 404 424
404 04853_佛教解釋學 404 424
404 04854_佛教現象學 404 424
404 04858_佛教後現代 404 424
404 04862_佛教非暴力 404 424
404 04871_佛教邏輯學 404 424
404 04881_佛教宗教學 404 424
404 04882_佛教比較學 404 424
404 04883_佛教對話學 404 424
404 04884_佛教交流學 404 424
404 04886_佛教媒體學 404 424
404 04887_佛教網絡學 404 424
404 04888_佛教數字學 404 424
404 04889_佛教信息學 404 424
404 04890_佛教數據學 404 424
404 04891_佛教統計學 404 424
404 04892_佛教計量學 404 424
404 04893_佛教圖譜學 404 424
404 04894_佛教可視化 404 424
404 04910_佛教區塊鏈 404 424
404 04915_佛教雲計算 404 424
404 05233_佛教密宗譜_1 404 424
404 05234_佛教律宗譜_1 404 424
404 05285_佛教密宗願_1 404 424
404 05286_佛教密宗力_1 404 424
404 05287_佛教密宗智_1 404 424
404 05739_佛教密宗譜_2 404 424
404 05740_佛教律宗譜_2 404 424
404 05791_佛教密宗願_2 404 424
404 05792_佛教密宗力_2 404 424
404 05793_佛教密宗智_2 404 424
404 06245_佛教密宗譜_3 404 424
404 06246_佛教律宗譜_3 404 424
404 06297_佛教密宗願_3 404 424
404 06298_佛教密宗力_3 404 424
404 06299_佛教密宗智_3 404 424
404 06751_佛教密宗譜_4 404 424
404 06752_佛教律宗譜_4 404 424
404 06803_佛教密宗願_4 404 424
404 06804_佛教密宗力_4 404 424
404 06805_佛教密宗智_4 404 424
404 07257_佛教密宗譜_5 404 424
404 07258_佛教律宗譜_5 404 424
404 07309_佛教密宗願_5 404 424
404 07310_佛教密宗力_5 404 424
404 07311_佛教密宗智_5 404 424
404 07763_佛教密宗譜_6 404 424
404 07764_佛教律宗譜_6 404 424
404 07815_佛教密宗願_6 404 424
404 07816_佛教密宗力_6 404 424
404 07817_佛教密宗智_6 404 424
404 08269_佛教密宗譜_7 404 424
404 08270_佛教律宗譜_7 404 424
404 08321_佛教密宗願_7 404 424
404 08322_佛教密宗力_7 404 424
404 08323_佛教密宗智_7 404 424
404 08775_佛教密宗譜_8 404 424
404 08776_佛教律宗譜_8 404 424
404 08827_佛教密宗願_8 404 424
404 08828_佛教密宗力_8 404 424
404 08829_佛教密宗智_8 404 424
404 08946_佛教密宗譜 404 424
404 08947_佛教律宗譜 404 424
404 08998_佛教密宗願 404 424
404 08999_佛教密宗力 404 424
404 09000_佛教密宗智 404 424
404 09452_佛教密宗譜_1 404 424
404 09453_佛教律宗譜_1 404 424
404 09504_佛教密宗願_1 404 424
404 09505_佛教密宗力_1 404 424
404 09506_佛教密宗智_1 404 424
404 09958_佛教密宗譜_2 404 424
404 09959_佛教律宗譜_2 404 424
404 10010_佛教密宗願_2 404 424
404 10011_佛教密宗力_2 404 424
404 10012_佛教密宗智_2 404 424
404 10464_佛教密宗譜_3 404 424
404 10465_佛教律宗譜_3 404 424
404 10516_佛教密宗願_3 404 424
404 10517_佛教密宗力_3 404 424
404 10518_佛教密宗智_3 404 424
404 10970_佛教密宗譜_4 404 424
404 10971_佛教律宗譜_4 404 424
404 11022_佛教密宗願_4 404 424
404 11023_佛教密宗力_4 404 424
404 11024_佛教密宗智_4 404 424
404 11476_佛教密宗譜_5 404 424
404 11477_佛教律宗譜_5 404 424
404 11528_佛教密宗願_5 404 424
404 11529_佛教密宗力_5 404 424
404 11530_佛教密宗智_5 404 424
404 11982_佛教密宗譜_6 404 424
404 11983_佛教律宗譜_6 404 424
404 12034_佛教密宗願_6 404 424
404 12035_佛教密宗力_6 404 424
404 12036_佛教密宗智_6 404 424
404 12488_佛教密宗譜_7 404 424
404 12489_佛教律宗譜_7 404 424
404 12540_佛教密宗願_7 404 424
404 12541_佛教密宗力_7 404 424
404 12542_佛教密宗智_7 404 424
404 12994_佛教密宗譜_8 404 424
404 12995_佛教律宗譜_8 404 424
404 13046_佛教密宗願_8 404 424
404 13047_佛教密宗力_8 404 424
404 13048_佛教密宗智_8 404 424
404 13500_佛教密宗譜_9 404 424
404 13501_佛教律宗譜_9 404 424
404 13552_佛教密宗願_9 404 424
404 13553_佛教密宗力_9 404 424
404 13554_佛教密宗智_9 404 424
404 14006_佛教密宗譜_10 404 424
404 14007_佛教律宗譜_10 404 424
404 14058_佛教密宗願_10 404 424
404 14059_佛教密宗力_10 404 424
404 14060_佛教密宗智_10 404 424
404 14512_佛教密宗譜_11 404 424
404 14513_佛教律宗譜_11 404 424
404 14564_佛教密宗願_11 404 424
404 14565_佛教密宗力_11 404 424
404 14566_佛教密宗智_11 404 424
404 15018_佛教密宗譜_12 404 424
404 15019_佛教律宗譜_12 404 424
404 15070_佛教密宗願_12 404 424
404 15071_佛教密宗力_12 404 424
404 15072_佛教密宗智_12 404 424
404 15524_佛教密宗譜_13 404 424
404 15525_佛教律宗譜_13 404 424
404 15576_佛教密宗願_13 404 424
404 15577_佛教密宗力_13 404 424
404 15578_佛教密宗智_13 404 424
404 16030_佛教密宗譜_14 404 424
404 16031_佛教律宗譜_14 404 424
404 16082_佛教密宗願_14 404 424
404 16083_佛教密宗力_14 404 424
404 16084_佛教密宗智_14 404 424
404 16536_佛教密宗譜_15 404 424
404 16537_佛教律宗譜_15 404 424
404 16588_佛教密宗願_15 404 424
404 16589_佛教密宗力_15 404 424
404 16590_佛教密宗智_15 404 424
404 17042_佛教密宗譜_16 404 424
404 17043_佛教律宗譜_16 404 424
404 17094_佛教密宗願_16 404 424
404 17095_佛教密宗力_16 404 424
404 17096_佛教密宗智_16 404 424
404 17548_佛教密宗譜_17 404 424
404 17549_佛教律宗譜_17 404 424
404 17600_佛教密宗願_17 404 424
404 17601_佛教密宗力_17 404 424
404 17602_佛教密宗智_17 404 424
404 18054_佛教密宗譜_18 404 424
404 18055_佛教律宗譜_18 404 424
404 18106_佛教密宗願_18 404 424
404 18107_佛教密宗力_18 404 424
404 18108_佛教密宗智_18 404 424
404 18560_佛教密宗譜_19 404 424
404 18561_佛教律宗譜_19 404 424
404 18612_佛教密宗願_19 404 424
404 18613_佛教密宗力_19 404 424
404 18614_佛教密宗智_19 404 424
404 19066_佛教密宗譜_20 404 424
404 19067_佛教律宗譜_20 404 424
404 19118_佛教密宗願_20 404 424
404 19119_佛教密宗力_20 404 424
404 19120_佛教密宗智_20 404 424
404 19572_佛教密宗譜_21 404 424
404 19573_佛教律宗譜_21 404 424
404 19624_佛教密宗願_21 404 424
404 19625_佛教密宗力_21 404 424
404 19626_佛教密宗智_21 404 424
404 20078_佛教密宗譜_22 404 424
404 20079_佛教律宗譜_22 404 424
404 20130_佛教密宗願_22 404 424
404 20131_佛教密宗力_22 404 424
404 20132_佛教密宗智_22 404 424
404 20584_佛教密宗譜_23 404 424
404 20585_佛教律宗譜_23 404 424
404 20636_佛教密宗願_23 404 424
404 20637_佛教密宗力_23 404 424
404 20638_佛教密宗智_23 404 424
404 21090_佛教密宗譜_24 404 424
404 21091_佛教律宗譜_24 404 424
404 21142_佛教密宗願_24 404 424
404 21143_佛教密宗力_24 404 424
404 21144_佛教密宗智_24 404 424
404 21596_佛教密宗譜_25 404 424
404 21597_佛教律宗譜_25 404 424
404 21648_佛教密宗願_25 404 424
404 21649_佛教密宗力_25 404 424
404 21650_佛教密宗智_25 404 424
404 22102_佛教密宗譜_26 404 424
404 22103_佛教律宗譜_26 404 424
404 22154_佛教密宗願_26 404 424
404 22155_佛教密宗力_26 404 424
404 22156_佛教密宗智_26 404 424
404 22608_佛教密宗譜_27 404 424
404 22609_佛教律宗譜_27 404 424
404 22660_佛教密宗願_27 404 424
404 22661_佛教密宗力_27 404 424
404 22662_佛教密宗智_27 404 424
404 23114_佛教密宗譜_28 404 424
404 23115_佛教律宗譜_28 404 424
404 23166_佛教密宗願_28 404 424
404 23167_佛教密宗力_28 404 424
404 23168_佛教密宗智_28 404 424
404 23620_佛教密宗譜_29 404 424
404 23621_佛教律宗譜_29 404 424
404 23672_佛教密宗願_29 404 424
404 23673_佛教密宗力_29 404 424
404 23674_佛教密宗智_29 404 424
404 24126_佛教密宗譜_30 404 424
404 24127_佛教律宗譜_30 404 424
404 24178_佛教密宗願_30 404 424
404 24179_佛教密宗力_30 404 424
404 24180_佛教密宗智_30 404 424
404 24632_佛教密宗譜_31 404 424
404 24633_佛教律宗譜_31 404 424
404 24684_佛教密宗願_31 404 424
404 24685_佛教密宗力_31 404 424
404 24686_佛教密宗智_31 404 424
404 25138_佛教密宗譜_32 404 424
404 25139_佛教律宗譜_32 404 424
404 25190_佛教密宗願_32 404 424
404 25191_佛教密宗力_32 404 424
404 25192_佛教密宗智_32 404 424
404 25644_佛教密宗譜_33 404 424
404 25645_佛教律宗譜_33 404 424
404 25696_佛教密宗願_33 404 424
404 25697_佛教密宗力_33 404 424
404 25698_佛教密宗智_33 404 424
404 26150_佛教密宗譜_34 404 424
404 26151_佛教律宗譜_34 404 424
404 26202_佛教密宗願_34 404 424
404 26203_佛教密宗力_34 404 424
404 26204_佛教密宗智_34 404 424
404 26656_佛教密宗譜_35 404 424
404 26657_佛教律宗譜_35 404 424
404 26708_佛教密宗願_35 404 424
404 26709_佛教密宗力_35 404 424
404 26710_佛教密宗智_35 404 424
404 27162_佛教密宗譜_36 404 424
404 27163_佛教律宗譜_36 404 424
404 27214_佛教密宗願_36 404 424
404 27215_佛教密宗力_36 404 424
404 27216_佛教密宗智_36 404 424
404 27668_佛教密宗譜_37 404 424
404 27669_佛教律宗譜_37 404 424
404 27720_佛教密宗願_37 404 424
404 27721_佛教密宗力_37 404 424
404 27722_佛教密宗智_37 404 424
404 28174_佛教密宗譜_38 404 424
404 28175_佛教律宗譜_38 404 424
404 28226_佛教密宗願_38 404 424
404 28227_佛教密宗力_38 404 424
404 28228_佛教密宗智_38 404 424
404 28680_佛教密宗譜_39 404 424
404 28681_佛教律宗譜_39 404 424
404 28732_佛教密宗願_39 404 424
404 28733_佛教密宗力_39 404 424
404 28734_佛教密宗智_39 404 424
404 29186_佛教密宗譜_40 404 424
404 29187_佛教律宗譜_40 404 424
404 29238_佛教密宗願_40 404 424
404 29239_佛教密宗力_40 404 424
404 29240_佛教密宗智_40 404 424
405 01521_華嚴經隨疏演義鈔 405 414
405 01528_辨中邊論 405 438
405 01844_苯教心部 405 597
405 01874_苯教大手印 405 590
406 01970_文殊師利根本儀軌疏 406 571
406 02710_佛教三論宗譜 406 429
406 02715_佛教地論宗譜 406 429
406 02716_佛教攝論宗譜 406 429
406 02795_佛教東亞經典 406 429
406 02797_佛教南亞經典 406 429
406 02798_佛教中亞經典 406 429
406 02799_佛教西域經典 406 429
406 02800_佛教印度經典 406 429
406 02803_佛教緬甸經典 406 429
406 02804_佛教泰國經典 406 429
406 02805_佛教老撾經典 406 429
406 02807_佛教越南經典 406 429
406 02808_佛教印尼經典 406 429
406 02809_佛教馬來經典 406 429
406 02811_佛教日本經典 406 429
406 02812_佛教韓國經典 406 429
406 02813_佛教蒙古經典 406 429
406 02815_佛教歐美經典 406 429
406 02816_佛教非洲經典 406 429
406 02818_佛教世界經典 406 429
406 02832_陀羅尼集_1 406 420
406 02889_佛教三論宗譜_1 406 429
406 03068_佛教三論宗譜_2 406 429
406 03247_佛教三論宗譜_3 406 429
406 03426_佛教三論宗譜_4 406 429
406 03605_佛教三論宗譜_5 406 429
406 03784_佛教三論宗譜_6 406 429
406 03963_佛教三論宗譜_7 406 429
406 04142_佛教三論宗譜_8 406 429
406 04321_佛教三論宗譜_9 406 429
406 04500_佛教三論宗譜_10 406 429
406 04729_佛教三論宗譜 406 429
406 04899_佛教神經網絡 406 429
406 04919_佛教神經計算 406 429
406 04921_佛教神經科學 406 429
406 05235_佛教三論宗譜_1 406 429
406 05741_佛教三論宗譜_2 406 429
406 06247_佛教三論宗譜_3 406 429
406 06753_佛教三論宗譜_4 406 429
406 07259_佛教三論宗譜_5 406 429
406 07765_佛教三論宗譜_6 406 429
406 08271_佛教三論宗譜_7 406 429
406 08777_佛教三論宗譜_8 406 429
406 08948_佛教三論宗譜 406 429
406 09454_佛教三論宗譜_1 406 429
406 09960_佛教三論宗譜_2 406 429
406 10466_佛教三論宗譜_3 406 429
406 10972_佛教三論宗譜_4 406 429
406 11478_佛教三論宗譜_5 406 429
406 11984_佛教三論宗譜_6 406 429
406 12490_佛教三論宗譜_7 406 429
406 12996_佛教三論宗譜_8 406 429
406 13502_佛教三論宗譜_9 406 429
406 14008_佛教三論宗譜_10 406 429
406 14514_佛教三論宗譜_11 406 429
406 15020_佛教三論宗譜_12 406 429
406 15526_佛教三論宗譜_13 406 429
406 16032_佛教三論宗譜_14 406 429
406 16538_佛教三論宗譜_15 406 429
406 17044_佛教三論宗譜_16 406 429
406 17550_佛教三論宗譜_17 406 429
406 18056_佛教三論宗譜_18 406 429
406 18562_佛教三論宗譜_19 406 429
406 19068_佛教三論宗譜_20 406 429
406 19574_佛教三論宗譜_21 406 429
406 20080_佛教三論宗譜_22 406 429
406 20586_佛教三論宗譜_23 406 429
406 21092_佛教三論宗譜_24 406 429
406 21598_佛教三論宗譜_25 406 429
406 22104_佛教三論宗譜_26 406 429
406 22610_佛教三論宗譜_27 406 429
406 23116_佛教三論宗譜_28 406 429
406 23622_佛教三論宗譜_29 406 429
406 24128_佛教三論宗譜_30 406 429
406 24634_佛教三論宗譜_31 406 429
406 25140_佛教三論宗譜_32 406 429
406 25646_佛教三論宗譜_33 406 429
406 26152_佛教三論宗譜_34 406 429
406 26658_佛教三論宗譜_35 406 429
406 27164_佛教三論宗譜_36 406 429
406 27670_佛教三論宗譜_37 406 429
406 28176_佛教三論宗譜_38 406 429
406 28682_佛教三論宗譜_39 406 429
406 29188_佛教三論宗譜_40 406 429
407 01929_二諦義 407 590
407 01940_小品般若經疏 407 505
407 01941_仁王經疏 407 520
407 01954_大日經疏 407 640
407 01974_藥師經疏 407 580
408 01948_菩薩戒疏 408 577
408 02517_南傳經藏注 408 425
408 02518_南傳論藏注 408 425
408 02519_南傳小部注 408 425
408 02527_南傳譬喻注 408 425
408 02531_南傳義釋注 408 425
408 02533_南傳經集註 408 425
408 02534_南傳小誦注 408 425
408 02536_南傳寶經注 408 425
408 02544_南傳中部注 408 425
408 02545_南傳長部注 408 425
408 02553_南傳雙論注 408 425
408 02554_南傳界論注 408 425
408 02556_南傳論事注 408 425
408 02557_南傳島史注 408 425
408 02558_南傳大史注 408 425
408 02559_南傳小史注 408 425
408 02700_佛教外國傳 408 425
408 02701_佛教求法傳 408 425
408 02702_佛教譯經傳 408 425
408 02703_佛教護法傳 408 425
408 02876_佛教高僧傳_1 408 425
408 02877_佛教居士傳_1 408 425
408 02878_佛教女衆傳_1 408 425
408 02879_佛教外國傳_1 408 425
408 02880_佛教求法傳_1 408 425
408 02881_佛教譯經傳_1 408 425
408 02882_佛教護法傳_1 408 425
408 04885_佛教傳播學 408 425
409 01509_因明正理門論 411 409
410 01526_攝大乘論世親釋 410 415
410 02704_佛教禪宗燈錄 410 430
410 02705_佛教天台宗譜 410 430
410 02711_佛教法相宗譜 410 430
410 02712_佛教成實宗譜 410 430
410 02717_佛教禪宗公案 410 430
410 02718_佛教禪宗偈頌 410 430
410 02719_佛教禪宗語錄 410 430
410 02720_佛教禪宗清規 410 430
410 02721_佛教禪宗規約 410 430
410 02730_佛教密宗經典 410 430
410 02731_佛教密宗論書 410 430
410 02732_佛教密宗儀軌 410 430
410 02733_佛教密宗灌頂 410 430
410 02735_佛教密宗法器 410 430
410 02736_佛教密宗護摩 410 430
410 02737_佛教密宗手印 410 430
410 02738_佛教密宗真言 410 430
410 02740_佛教密宗觀想 410 430
410 02741_佛教密宗修行 410 430
410 02742_佛教密宗成就 410 430
410 02743_佛教密宗神通 410 430
410 02744_佛教密宗治病 410 430
410 02745_佛教密宗延壽 410 430
410 02746_佛教密宗招財 410 430
410 02747_佛教密宗息災 410 430
410 02748_佛教密宗增益 410 430
410 02749_佛教密宗敬愛 410 430
410 02750_佛教密宗調伏 410 430
410 02751_佛教密宗誅法 410 430
410 02752_佛教密宗供養 410 430
410 02753_佛教密宗佈施 410 430
410 02754_佛教密宗持戒 410 430
410 02755_佛教密宗忍辱 410 430
410 02756_佛教密宗精進 410 430
410 02757_佛教密宗禪定 410 430
410 02758_佛教密宗般若 410 430
410 02759_佛教密宗方便 410 430
410 02763_佛教密宗慈悲 410 430
410 02764_佛教密宗喜舍 410 430
410 02768_佛教南傳戒律 410 430
410 02778_佛教藏傳戒律 410 430
410 02788_佛教漢傳戒律 410 430
410 02872_佛教民間故事_1 410 430
410 02883_佛教禪宗燈錄_1 410 430
410 02884_佛教天台宗譜_1 410 430
410 02909_佛教密宗經典_1 410 430
410 02910_佛教密宗論書_1 410 430
410 02911_佛教密宗儀軌_1 410 430
410 02912_佛教密宗灌頂_1 410 430
410 02914_佛教密宗法器_1 410 430
410 02915_佛教密宗護摩_1 410 430
410 02916_佛教密宗手印_1 410 430
410 02917_佛教密宗真言_1 410 430
410 02919_佛教密宗觀想_1 410 430
410 02920_佛教密宗修行_1 410 430
410 02921_佛教密宗成就_1 410 430
410 02922_佛教密宗神通_1 410 430
410 02923_佛教密宗治病_1 410 430
410 02924_佛教密宗延壽_1 410 430
410 02925_佛教密宗招財_1 410 430
410 02926_佛教密宗息災_1 410 430
410 02927_佛教密宗增益_1 410 430
410 02928_佛教密宗敬愛_1 410 430
410 02929_佛教密宗調伏_1 410 430
410 02930_佛教密宗誅法_1 410 430
410 02931_佛教密宗供養_1 410 430
410 02932_佛教密宗佈施_1 410 430
410 02933_佛教密宗持戒_1 410 430
410 02934_佛教密宗忍辱_1 410 430
410 02935_佛教密宗精進_1 410 430
410 02936_佛教密宗禪定_1 410 430
410 02937_佛教密宗般若_1 410 430
410 02938_佛教密宗方便_1 410 430
410 02942_佛教密宗慈悲_1 410 430
410 02943_佛教密宗喜舍_1 410 430
410 02947_佛教南傳戒律_1 410 430
410 02957_佛教藏傳戒律_1 410 430
410 02967_佛教漢傳戒律_1 410 430
410 03088_佛教密宗經典_2 410 430
410 03089_佛教密宗論書_2 410 430
410 03090_佛教密宗儀軌_2 410 430
410 03091_佛教密宗灌頂_2 410 430
410 03093_佛教密宗法器_2 410 430
410 03094_佛教密宗護摩_2 410 430
410 03095_佛教密宗手印_2 410 430
410 03096_佛教密宗真言_2 410 430
410 03098_佛教密宗觀想_2 410 430
410 03099_佛教密宗修行_2 410 430
410 03100_佛教密宗成就_2 410 430
410 03101_佛教密宗神通_2 410 430
410 03102_佛教密宗治病_2 410 430
410 03103_佛教密宗延壽_2 410 430
410 03104_佛教密宗招財_2 410 430
410 03105_佛教密宗息災_2 410 430
410 03106_佛教密宗增益_2 410 430
410 03107_佛教密宗敬愛_2 410 430
410 03108_佛教密宗調伏_2 410 430
410 03109_佛教密宗誅法_2 410 430
410 03110_佛教密宗供養_2 410 430
410 03111_佛教密宗佈施_2 410 430
410 03112_佛教密宗持戒_2 410 430
410 03113_佛教密宗忍辱_2 410 430
410 03114_佛教密宗精進_2 410 430
410 03115_佛教密宗禪定_2 410 430
410 03116_佛教密宗般若_2 410 430
410 03117_佛教密宗方便_2 410 430
410 03121_佛教密宗慈悲_2 410 430
410 03122_佛教密宗喜舍_2 410 430
410 03126_佛教南傳戒律_2 410 430
410 03136_佛教藏傳戒律_2 410 430
410 03146_佛教漢傳戒律_2 410 430
410 03267_佛教密宗經典_3 410 430
410 03268_佛教密宗論書_3 410 430
410 03269_佛教密宗儀軌_3 410 430
410 03270_佛教密宗灌頂_3 410 430
410 03272_佛教密宗法器_3 410 430
410 03273_佛教密宗護摩_3 410 430
410 03274_佛教密宗手印_3 410 430
410 03275_佛教密宗真言_3 410 430
410 03277_佛教密宗觀想_3 410 430
410 03278_佛教密宗修行_3 410 430
410 03279_佛教密宗成就_3 410 430
410 03280_佛教密宗神通_3 410 430
410 03281_佛教密宗治病_3 410 430
410 03282_佛教密宗延壽_3 410 430
410 03283_佛教密宗招財_3 410 430
410 03284_佛教密宗息災_3 410 430
410 03285_佛教密宗增益_3 410 430
410 03286_佛教密宗敬愛_3 410 430
410 03287_佛教密宗調伏_3 410 430
410 03288_佛教密宗誅法_3 410 430
410 03289_佛教密宗供養_3 410 430
410 03290_佛教密宗佈施_3 410 430
410 03291_佛教密宗持戒_3 410 430
410 03292_佛教密宗忍辱_3 410 430
410 03293_佛教密宗精進_3 410 430
410 03294_佛教密宗禪定_3 410 430
410 03295_佛教密宗般若_3 410 430
410 03296_佛教密宗方便_3 410 430
410 03300_佛教密宗慈悲_3 410 430
410 03301_佛教密宗喜舍_3 410 430
410 03305_佛教南傳戒律_3 410 430
410 03315_佛教藏傳戒律_3 410 430
410 03325_佛教漢傳戒律_3 410 430
410 03446_佛教密宗經典_4 410 430
410 03447_佛教密宗論書_4 410 430
410 03448_佛教密宗儀軌_4 410 430
410 03449_佛教密宗灌頂_4 410 430
410 03451_佛教密宗法器_4 410 430
410 03452_佛教密宗護摩_4 410 430
410 03453_佛教密宗手印_4 410 430
410 03454_佛教密宗真言_4 410 430
410 03456_佛教密宗觀想_4 410 430
410 03457_佛教密宗修行_4 410 430
410 03458_佛教密宗成就_4 410 430
410 03459_佛教密宗神通_4 410 430
410 03460_佛教密宗治病_4 410 430
410 03461_佛教密宗延壽_4 410 430
410 03462_佛教密宗招財_4 410 430
410 03463_佛教密宗息災_4 410 430
410 03464_佛教密宗增益_4 410 430
410 03465_佛教密宗敬愛_4 410 430
410 03466_佛教密宗調伏_4 410 430
410 03467_佛教密宗誅法_4 410 430
410 03468_佛教密宗供養_4 410 430
410 03469_佛教密宗佈施_4 410 430
410 03470_佛教密宗持戒_4 410 430
410 03471_佛教密宗忍辱_4 410 430
410 03472_佛教密宗精進_4 410 430
410 03473_佛教密宗禪定_4 410 430
410 03474_佛教密宗般若_4 410 430
410 03475_佛教密宗方便_4 410 430
410 03479_佛教密宗慈悲_4 410 430
410 03480_佛教密宗喜舍_4 410 430
410 03484_佛教南傳戒律_4 410 430
410 03494_佛教藏傳戒律_4 410 430
410 03504_佛教漢傳戒律_4 410 430
410 03625_佛教密宗經典_5 410 430
410 03626_佛教密宗論書_5 410 430
410 03627_佛教密宗儀軌_5 410 430
410 03628_佛教密宗灌頂_5 410 430
410 03630_佛教密宗法器_5 410 430
410 03631_佛教密宗護摩_5 410 430
410 03632_佛教密宗手印_5 410 430
410 03633_佛教密宗真言_5 410 430
410 03635_佛教密宗觀想_5 410 430
410 03636_佛教密宗修行_5 410 430
410 03637_佛教密宗成就_5 410 430
410 03638_佛教密宗神通_5 410 430
410 03639_佛教密宗治病_5 410 430
410 03640_佛教密宗延壽_5 410 430
410 03641_佛教密宗招財_5 410 430
410 03642_佛教密宗息災_5 410 430
410 03643_佛教密宗增益_5 410 430
410 03644_佛教密宗敬愛_5 410 430
410 03645_佛教密宗調伏_5 410 430
410 03646_佛教密宗誅法_5 410 430
410 03647_佛教密宗供養_5 410 430
410 03648_佛教密宗佈施_5 410 430
410 03649_佛教密宗持戒_5 410 430
410 03650_佛教密宗忍辱_5 410 430
410 03651_佛教密宗精進_5 410 430
410 03652_佛教密宗禪定_5 410 430
410 03653_佛教密宗般若_5 410 430
410 03654_佛教密宗方便_5 410 430
410 03658_佛教密宗慈悲_5 410 430
410 03659_佛教密宗喜舍_5 410 430
410 03663_佛教南傳戒律_5 410 430
410 03673_佛教藏傳戒律_5 410 430
410 03683_佛教漢傳戒律_5 410 430
410 03804_佛教密宗經典_6 410 430
410 03805_佛教密宗論書_6 410 430
410 03806_佛教密宗儀軌_6 410 430
410 03807_佛教密宗灌頂_6 410 430
410 03809_佛教密宗法器_6 410 430
410 03810_佛教密宗護摩_6 410 430
410 03811_佛教密宗手印_6 410 430
410 03812_佛教密宗真言_6 410 430
410 03814_佛教密宗觀想_6 410 430
410 03815_佛教密宗修行_6 410 430
410 03816_佛教密宗成就_6 410 430
410 03817_佛教密宗神通_6 410 430
410 03818_佛教密宗治病_6 410 430
410 03819_佛教密宗延壽_6 410 430
410 03820_佛教密宗招財_6 410 430
410 03821_佛教密宗息災_6 410 430
410 03822_佛教密宗增益_6 410 430
410 03823_佛教密宗敬愛_6 410 430
410 03824_佛教密宗調伏_6 410 430
410 03825_佛教密宗誅法_6 410 430
410 03826_佛教密宗供養_6 410 430
410 03827_佛教密宗佈施_6 410 430
410 03828_佛教密宗持戒_6 410 430
410 03829_佛教密宗忍辱_6 410 430
410 03830_佛教密宗精進_6 410 430
410 03831_佛教密宗禪定_6 410 430
410 03832_佛教密宗般若_6 410 430
410 03833_佛教密宗方便_6 410 430
410 03837_佛教密宗慈悲_6 410 430
410 03838_佛教密宗喜舍_6 410 430
410 03842_佛教南傳戒律_6 410 430
410 03852_佛教藏傳戒律_6 410 430
410 03862_佛教漢傳戒律_6 410 430
410 03983_佛教密宗經典_7 410 430
410 03984_佛教密宗論書_7 410 430
410 03985_佛教密宗儀軌_7 410 430
410 03986_佛教密宗灌頂_7 410 430
410 03988_佛教密宗法器_7 410 430
410 03989_佛教密宗護摩_7 410 430
410 03990_佛教密宗手印_7 410 430
410 03991_佛教密宗真言_7 410 430
410 03993_佛教密宗觀想_7 410 430
410 03994_佛教密宗修行_7 410 430
410 03995_佛教密宗成就_7 410 430
410 03996_佛教密宗神通_7 410 430
410 03997_佛教密宗治病_7 410 430
410 03998_佛教密宗延壽_7 410 430
410 03999_佛教密宗招財_7 410 430
410 04000_佛教密宗息災_7 410 430
410 04001_佛教密宗增益_7 410 430
410 04002_佛教密宗敬愛_7 410 430
410 04003_佛教密宗調伏_7 410 430
410 04004_佛教密宗誅法_7 410 430
410 04005_佛教密宗供養_7 410 430
410 04006_佛教密宗佈施_7 410 430
410 04007_佛教密宗持戒_7 410 430
410 04008_佛教密宗忍辱_7 410 430
410 04009_佛教密宗精進_7 410 430
410 04010_佛教密宗禪定_7 410 430
410 04011_佛教密宗般若_7 410 430
410 04012_佛教密宗方便_7 410 430
410 04016_佛教密宗慈悲_7 410 430
410 04017_佛教密宗喜舍_7 410 430
410 04021_佛教南傳戒律_7 410 430
410 04031_佛教藏傳戒律_7 410 430
410 04041_佛教漢傳戒律_7 410 430
410 04162_佛教密宗經典_8 410 430
410 04163_佛教密宗論書_8 410 430
410 04164_佛教密宗儀軌_8 410 430
410 04165_佛教密宗灌頂_8 410 430
410 04167_佛教密宗法器_8 410 430
410 04168_佛教密宗護摩_8 410 430
410 04169_佛教密宗手印_8 410 430
410 04170_佛教密宗真言_8 410 430
410 04172_佛教密宗觀想_8 410 430
410 04173_佛教密宗修行_8 410 430
410 04174_佛教密宗成就_8 410 430
410 04175_佛教密宗神通_8 410 430
410 04176_佛教密宗治病_8 410 430
410 04177_佛教密宗延壽_8 410 430
410 04178_佛教密宗招財_8 410 430
410 04179_佛教密宗息災_8 410 430
410 04180_佛教密宗增益_8 410 430
410 04181_佛教密宗敬愛_8 410 430
410 04182_佛教密宗調伏_8 410 430
410 04183_佛教密宗誅法_8 410 430
410 04184_佛教密宗供養_8 410 430
410 04185_佛教密宗佈施_8 410 430
410 04186_佛教密宗持戒_8 410 430
410 04187_佛教密宗忍辱_8 410 430
410 04188_佛教密宗精進_8 410 430
410 04189_佛教密宗禪定_8 410 430
410 04190_佛教密宗般若_8 410 430
410 04191_佛教密宗方便_8 410 430
410 04195_佛教密宗慈悲_8 410 430
410 04196_佛教密宗喜舍_8 410 430
410 04200_佛教南傳戒律_8 410 430
410 04210_佛教藏傳戒律_8 410 430
410 04220_佛教漢傳戒律_8 410 430
410 04341_佛教密宗經典_9 410 430
410 04342_佛教密宗論書_9 410 430
410 04343_佛教密宗儀軌_9 410 430
410 04344_佛教密宗灌頂_9 410 430
410 04346_佛教密宗法器_9 410 430
410 04347_佛教密宗護摩_9 410 430
410 04348_佛教密宗手印_9 410 430
410 04349_佛教密宗真言_9 410 430
410 04351_佛教密宗觀想_9 410 430
410 04352_佛教密宗修行_9 410 430
410 04353_佛教密宗成就_9 410 430
410 04354_佛教密宗神通_9 410 430
410 04355_佛教密宗治病_9 410 430
410 04356_佛教密宗延壽_9 410 430
410 04357_佛教密宗招財_9 410 430
410 04358_佛教密宗息災_9 410 430
410 04359_佛教密宗增益_9 410 430
410 04360_佛教密宗敬愛_9 410 430
410 04361_佛教密宗調伏_9 410 430
410 04362_佛教密宗誅法_9 410 430
410 04363_佛教密宗供養_9 410 430
410 04364_佛教密宗佈施_9 410 430
410 04365_佛教密宗持戒_9 410 430
410 04366_佛教密宗忍辱_9 410 430
410 04367_佛教密宗精進_9 410 430
410 04368_佛教密宗禪定_9 410 430
410 04369_佛教密宗般若_9 410 430
410 04370_佛教密宗方便_9 410 430
410 04374_佛教密宗慈悲_9 410 430
410 04375_佛教密宗喜舍_9 410 430
410 04379_佛教南傳戒律_9 410 430
410 04389_佛教藏傳戒律_9 410 430
410 04399_佛教漢傳戒律_9 410 430
410 04520_佛教密宗經典_10 410 430
410 04521_佛教密宗論書_10 410 430
410 04522_佛教密宗儀軌_10 410 430
410 04523_佛教密宗灌頂_10 410 430
410 04525_佛教密宗法器_10 410 430
410 04526_佛教密宗護摩_10 410 430
410 04527_佛教密宗手印_10 410 430
410 04528_佛教密宗真言_10 410 430
410 04530_佛教密宗觀想_10 410 430
410 04531_佛教密宗修行_10 410 430
410 04532_佛教密宗成就_10 410 430
410 04533_佛教密宗神通_10 410 430
410 04534_佛教密宗治病_10 410 430
410 04535_佛教密宗延壽_10 410 430
410 04536_佛教密宗招財_10 410 430
410 04537_佛教密宗息災_10 410 430
410 04538_佛教密宗增益_10 410 430
410 04539_佛教密宗敬愛_10 410 430
410 04540_佛教密宗調伏_10 410 430
410 04541_佛教密宗誅法_10 410 430
410 04542_佛教密宗供養_10 410 430
410 04543_佛教密宗佈施_10 410 430
410 04544_佛教密宗持戒_10 410 430
410 04545_佛教密宗忍辱_10 410 430
410 04546_佛教密宗精進_10 410 430
410 04547_佛教密宗禪定_10 410 430
410 04548_佛教密宗般若_10 410 430
410 04549_佛教密宗方便_10 410 430
410 04553_佛教密宗慈悲_10 410 430
410 04554_佛教密宗喜舍_10 410 430
410 04558_佛教南傳戒律_10 410 430
410 04568_佛教藏傳戒律_10 410 430
410 04578_佛教漢傳戒律_10 410 430
410 04749_佛教密宗經典 410 430
410 04750_佛教密宗論書 410 430
410 04751_佛教密宗儀軌 410 430
410 04752_佛教密宗灌頂 410 430
410 04754_佛教密宗法器 410 430
410 04755_佛教密宗護摩 410 430
410 04756_佛教密宗手印 410 430
410 04757_佛教密宗真言 410 430
410 04759_佛教密宗觀想 410 430
410 04760_佛教密宗修行 410 430
410 04761_佛教密宗成就 410 430
410 04762_佛教密宗神通 410 430
410 04763_佛教密宗治病 410 430
410 04764_佛教密宗延壽 410 430
410 04765_佛教密宗招財 410 430
410 04766_佛教密宗息災 410 430
410 04767_佛教密宗增益 410 430
410 04768_佛教密宗敬愛 410 430
410 04769_佛教密宗調伏 410 430
410 04770_佛教密宗誅法 410 430
410 04771_佛教密宗供養 410 430
410 04772_佛教密宗佈施 410 430
410 04773_佛教密宗持戒 410 430
410 04774_佛教密宗忍辱 410 430
410 04775_佛教密宗精進 410 430
410 04776_佛教密宗禪定 410 430
410 04777_佛教密宗般若 410 430
410 04778_佛教密宗方便 410 430
410 04782_佛教密宗慈悲 410 430
410 04783_佛教密宗喜舍 410 430
410 04787_佛教南傳戒律 410 430
410 04797_佛教藏傳戒律 410 430
410 04807_佛教漢傳戒律 410 430
410 04855_佛教存在主義 410 430
410 04856_佛教結構主義 410 430
410 04857_佛教解構主義 410 430
410 04859_佛教女性主義 410 430
410 04860_佛教生態主義 410 430
410 04861_佛教和平主義 410 430
410 04863_佛教人權思想 410 430
410 04864_佛教民主思想 410 430
410 04865_佛教自由思想 410 430
410 04866_佛教平等思想 410 430
410 04867_佛教博愛思想 410 430
410 04868_佛教和諧思想 410 430
410 04869_佛教中庸思想 410 430
410 04870_佛教辯證思維 410 430
410 04877_佛教形而上學 410 430
410 04895_佛教虛擬現實 410 430
410 04896_佛教人工智能 410 430
410 04897_佛教機器學習 410 430
410 04898_佛教深度學習 410 430
410 04900_佛教自然語言 410 430
410 04902_佛教語音識別 410 430
410 04903_佛教圖像識別 410 430
410 04904_佛教知識圖譜 410 430
410 04905_佛教語義網絡 410 430
410 04906_佛教專家系統 410 430
410 04907_佛教智能代理 410 430
410 04909_佛教虛擬助手 410 430
410 04911_佛教加密貨幣 410 430
410 04912_佛教智能合約 410 430
410 04913_佛教去中心化 410 430
410 04916_佛教邊緣計算 410 430
410 04917_佛教量子計算 410 430
410 04918_佛教生物計算 410 430
410 04920_佛教認知科學 410 430
410 04925_佛教心理治療 410 430
410 04926_佛教心理諮詢 410 430
410 04927_佛教心理評估 410 430
410 04928_佛教心理測量 410 430
410 04929_佛教心理統計 410 430
410 04965_佛教冥想研究 410 430
410 04966_佛教正念研究 410 430
410 04967_佛教覺知研究 410 430
410 04968_佛教專注研究 410 430
410 04969_佛教慈悲研究 410 430
410 04970_佛教智慧研究 410 430
410 04971_佛教覺悟研究 410 430
410 04972_佛教解脫研究 410 430
410 04974_佛教空性研究 410 430
410 04975_佛教緣起研究 410 430
410 04976_佛教因果研究 410 430
410 04977_佛教輪迴研究 410 430
410 04978_佛教業力研究 410 430
410 04979_佛教果報研究 410 430
410 04980_佛教地獄研究 410 430
410 04981_佛教餓鬼研究 410 430
410 04982_佛教畜生研究 410 430
410 04984_佛教人道研究 410 430
410 04985_佛教天道研究 410 430
410 04986_佛教聲聞研究 410 430
410 04987_佛教緣覺研究 410 430
410 04988_佛教菩薩研究 410 430
410 04989_佛教佛果研究 410 430
410 04990_佛教十地研究 410 430
410 04991_佛教五道研究 410 430
410 04992_佛教十信研究 410 430
410 04993_佛教十住研究 410 430
410 04994_佛教十行研究 410 430
410 04996_佛教十忍研究 410 430
410 04997_佛教十地研究 410 430
410 04998_佛教等覺研究 410 430
410 04999_佛教妙覺研究 410 430
410 05000_佛教三身研究 410 430
410 05001_佛教四智研究 410 430
410 05002_佛教五眼研究 410 430
410 05003_佛教六通研究 410 430
410 05004_佛教十力研究 410 430
410 05022_佛教三界研究 410 430
410 05023_佛教九地研究 410 430
410 05025_佛教四生研究 410 430
410 05035_佛教五根研究 410 430
410 05036_佛教五力研究 410 430
410 05057_佛教六度研究 410 430
410 05058_佛教十度研究 410 430
410 05092_佛教九想研究 410 430
410 05093_佛教十想研究 410 430
410 05094_佛教八念研究 410 430
410 05113_佛教六度研究 410 430
410 05114_佛教十度研究 410 430
410 05148_佛教九想研究 410 430
410 05255_佛教密宗經典_1 410 430
410 05256_佛教密宗論書_1 410 430
410 05257_佛教密宗儀軌_1 410 430
410 05258_佛教密宗灌頂_1 410 430
410 05260_佛教密宗法器_1 410 430
410 05261_佛教密宗護摩_1 410 430
410 05262_佛教密宗手印_1 410 430
410 05263_佛教密宗真言_1 410 430
410 05265_佛教密宗觀想_1 410 430
410 05266_佛教密宗修行_1 410 430
410 05267_佛教密宗成就_1 410 430
410 05268_佛教密宗神通_1 410 430
410 05269_佛教密宗治病_1 410 430
410 05270_佛教密宗延壽_1 410 430
410 05271_佛教密宗招財_1 410 430
410 05272_佛教密宗息災_1 410 430
410 05273_佛教密宗增益_1 410 430
410 05274_佛教密宗敬愛_1 410 430
410 05275_佛教密宗調伏_1 410 430
410 05276_佛教密宗誅法_1 410 430
410 05277_佛教密宗供養_1 410 430
410 05278_佛教密宗佈施_1 410 430
410 05279_佛教密宗持戒_1 410 430
410 05280_佛教密宗忍辱_1 410 430
410 05281_佛教密宗精進_1 410 430
410 05282_佛教密宗禪定_1 410 430
410 05283_佛教密宗般若_1 410 430
410 05284_佛教密宗方便_1 410 430
410 05288_佛教密宗慈悲_1 410 430
410 05289_佛教密宗喜舍_1 410 430
410 05293_佛教南傳戒律_1 410 430
410 05303_佛教藏傳戒律_1 410 430
410 05313_佛教漢傳戒律_1 410 430
410 05375_佛教中庸思想_1 410 430
410 05496_佛教十地研究_1 410 430
410 05503_佛教十地研究_1 410 430
410 05506_佛教三身研究_1 410 430
410 05528_佛教三界研究_1 410 430
410 05529_佛教九地研究_1 410 430
410 05563_佛教六度研究_1 410 430
410 05564_佛教十度研究_1 410 430
410 05598_佛教九想研究_1 410 430
410 05619_佛教六度研究_1 410 430
410 05620_佛教十度研究_1 410 430
410 05654_佛教九想研究_1 410 430
410 05761_佛教密宗經典_2 410 430
410 05762_佛教密宗論書_2 410 430
410 05763_佛教密宗儀軌_2 410 430
410 05764_佛教密宗灌頂_2 410 430
410 05766_佛教密宗法器_2 410 430
410 05767_佛教密宗護摩_2 410 430
410 05768_佛教密宗手印_2 410 430
410 05769_佛教密宗真言_2 410 430
410 05771_佛教密宗觀想_2 410 430
410 05772_佛教密宗修行_2 410 430
410 05773_佛教密宗成就_2 410 430
410 05774_佛教密宗神通_2 410 430
410 05775_佛教密宗治病_2 410 430
410 05776_佛教密宗延壽_2 410 430
410 05777_佛教密宗招財_2 410 430
410 05778_佛教密宗息災_2 410 430
410 05779_佛教密宗增益_2 410 430
410 05780_佛教密宗敬愛_2 410 430
410 05781_佛教密宗調伏_2 410 430
410 05782_佛教密宗誅法_2 410 430
410 05783_佛教密宗供養_2 410 430
410 05784_佛教密宗佈施_2 410 430
410 05785_佛教密宗持戒_2 410 430
410 05786_佛教密宗忍辱_2 410 430
410 05787_佛教密宗精進_2 410 430
410 05788_佛教密宗禪定_2 410 430
410 05789_佛教密宗般若_2 410 430
410 05790_佛教密宗方便_2 410 430
410 05794_佛教密宗慈悲_2 410 430
410 05795_佛教密宗喜舍_2 410 430
410 05799_佛教南傳戒律_2 410 430
410 05809_佛教藏傳戒律_2 410 430
410 05819_佛教漢傳戒律_2 410 430
410 05881_佛教中庸思想_2 410 430
410 06002_佛教十地研究_2 410 430
410 06009_佛教十地研究_2 410 430
410 06012_佛教三身研究_2 410 430
410 06034_佛教三界研究_2 410 430
410 06035_佛教九地研究_2 410 430
410 06069_佛教六度研究_2 410 430
410 06070_佛教十度研究_2 410 430
410 06104_佛教九想研究_2 410 430
410 06125_佛教六度研究_2 410 430
410 06126_佛教十度研究_2 410 430
410 06160_佛教九想研究_2 410 430
410 06267_佛教密宗經典_3 410 430
410 06268_佛教密宗論書_3 410 430
410 06269_佛教密宗儀軌_3 410 430
410 06270_佛教密宗灌頂_3 410 430
410 06272_佛教密宗法器_3 410 430
410 06273_佛教密宗護摩_3 410 430
410 06274_佛教密宗手印_3 410 430
410 06275_佛教密宗真言_3 410 430
410 06277_佛教密宗觀想_3 410 430
410 06278_佛教密宗修行_3 410 430
410 06279_佛教密宗成就_3 410 430
410 06280_佛教密宗神通_3 410 430
410 06281_佛教密宗治病_3 410 430
410 06282_佛教密宗延壽_3 410 430
410 06283_佛教密宗招財_3 410 430
410 06284_佛教密宗息災_3 410 430
410 06285_佛教密宗增益_3 410 430
410 06286_佛教密宗敬愛_3 410 430
410 06287_佛教密宗調伏_3 410 430
410 06288_佛教密宗誅法_3 410 430
410 06289_佛教密宗供養_3 410 430
410 06290_佛教密宗佈施_3 410 430
410 06291_佛教密宗持戒_3 410 430
410 06292_佛教密宗忍辱_3 410 430
410 06293_佛教密宗精進_3 410 430
410 06294_佛教密宗禪定_3 410 430
410 06295_佛教密宗般若_3 410 430
410 06296_佛教密宗方便_3 410 430
410 06300_佛教密宗慈悲_3 410 430
410 06301_佛教密宗喜舍_3 410 430
410 06305_佛教南傳戒律_3 410 430
410 06315_佛教藏傳戒律_3 410 430
410 06325_佛教漢傳戒律_3 410 430
410 06387_佛教中庸思想_3 410 430
410 06508_佛教十地研究_3 410 430
410 06515_佛教十地研究_3 410 430
410 06518_佛教三身研究_3 410 430
410 06540_佛教三界研究_3 410 430
410 06541_佛教九地研究_3 410 430
410 06575_佛教六度研究_3 410 430
410 06576_佛教十度研究_3 410 430
410 06610_佛教九想研究_3 410 430
410 06631_佛教六度研究_3 410 430
410 06632_佛教十度研究_3 410 430
410 06666_佛教九想研究_3 410 430
410 06773_佛教密宗經典_4 410 430
410 06774_佛教密宗論書_4 410 430
410 06775_佛教密宗儀軌_4 410 430
410 06776_佛教密宗灌頂_4 410 430
410 06778_佛教密宗法器_4 410 430
410 06779_佛教密宗護摩_4 410 430
410 06780_佛教密宗手印_4 410 430
410 06781_佛教密宗真言_4 410 430
410 06783_佛教密宗觀想_4 410 430
410 06784_佛教密宗修行_4 410 430
410 06785_佛教密宗成就_4 410 430
410 06786_佛教密宗神通_4 410 430
410 06787_佛教密宗治病_4 410 430
410 06788_佛教密宗延壽_4 410 430
410 06789_佛教密宗招財_4 410 430
410 06790_佛教密宗息災_4 410 430
410 06791_佛教密宗增益_4 410 430
410 06792_佛教密宗敬愛_4 410 430
410 06793_佛教密宗調伏_4 410 430
410 06794_佛教密宗誅法_4 410 430
410 06795_佛教密宗供養_4 410 430
410 06796_佛教密宗佈施_4 410 430
410 06797_佛教密宗持戒_4 410 430
410 06798_佛教密宗忍辱_4 410 430
410 06799_佛教密宗精進_4 410 430
410 06800_佛教密宗禪定_4 410 430
410 06801_佛教密宗般若_4 410 430
410 06802_佛教密宗方便_4 410 430
410 06806_佛教密宗慈悲_4 410 430
410 06807_佛教密宗喜舍_4 410 430
410 06811_佛教南傳戒律_4 410 430
410 06821_佛教藏傳戒律_4 410 430
410 06831_佛教漢傳戒律_4 410 430
410 06893_佛教中庸思想_4 410 430
410 07014_佛教十地研究_4 410 430
410 07021_佛教十地研究_4 410 430
410 07024_佛教三身研究_4 410 430
410 07046_佛教三界研究_4 410 430
410 07047_佛教九地研究_4 410 430
410 07081_佛教六度研究_4 410 430
410 07082_佛教十度研究_4 410 430
410 07116_佛教九想研究_4 410 430
410 07137_佛教六度研究_4 410 430
410 07138_佛教十度研究_4 410 430
410 07172_佛教九想研究_4 410 430
410 07279_佛教密宗經典_5 410 430
410 07280_佛教密宗論書_5 410 430
410 07281_佛教密宗儀軌_5 410 430
410 07282_佛教密宗灌頂_5 410 430
410 07284_佛教密宗法器_5 410 430
410 07285_佛教密宗護摩_5 410 430
410 07286_佛教密宗手印_5 410 430
410 07287_佛教密宗真言_5 410 430
410 07289_佛教密宗觀想_5 410 430
410 07290_佛教密宗修行_5 410 430
410 07291_佛教密宗成就_5 410 430
410 07292_佛教密宗神通_5 410 430
410 07293_佛教密宗治病_5 410 430
410 07294_佛教密宗延壽_5 410 430
410 07295_佛教密宗招財_5 410 430
410 07296_佛教密宗息災_5 410 430
410 07297_佛教密宗增益_5 410 430
410 07298_佛教密宗敬愛_5 410 430
410 07299_佛教密宗調伏_5 410 430
410 07300_佛教密宗誅法_5 410 430
410 07301_佛教密宗供養_5 410 430
410 07302_佛教密宗佈施_5 410 430
410 07303_佛教密宗持戒_5 410 430
410 07304_佛教密宗忍辱_5 410 430
410 07305_佛教密宗精進_5 410 430
410 07306_佛教密宗禪定_5 410 430
410 07307_佛教密宗般若_5 410 430
410 07308_佛教密宗方便_5 410 430
410 07312_佛教密宗慈悲_5 410 430
410 07313_佛教密宗喜舍_5 410 430
410 07317_佛教南傳戒律_5 410 430
410 07327_佛教藏傳戒律_5 410 430
410 07337_佛教漢傳戒律_5 410 430
410 07399_佛教中庸思想_5 410 430
410 07520_佛教十地研究_5 410 430
410 07527_佛教十地研究_5 410 430
410 07530_佛教三身研究_5 410 430
410 07552_佛教三界研究_5 410 430
410 07553_佛教九地研究_5 410 430
410 07587_佛教六度研究_5 410 430
410 07588_佛教十度研究_5 410 430
410 07622_佛教九想研究_5 410 430
410 07643_佛教六度研究_5 410 430
410 07644_佛教十度研究_5 410 430
410 07678_佛教九想研究_5 410 430
410 07785_佛教密宗經典_6 410 430
410 07786_佛教密宗論書_6 410 430
410 07787_佛教密宗儀軌_6 410 430
410 07788_佛教密宗灌頂_6 410 430
410 07790_佛教密宗法器_6 410 430
410 07791_佛教密宗護摩_6 410 430
410 07792_佛教密宗手印_6 410 430
410 07793_佛教密宗真言_6 410 430
410 07795_佛教密宗觀想_6 410 430
410 07796_佛教密宗修行_6 410 430
410 07797_佛教密宗成就_6 410 430
410 07798_佛教密宗神通_6 410 430
410 07799_佛教密宗治病_6 410 430
410 07800_佛教密宗延壽_6 410 430
410 07801_佛教密宗招財_6 410 430
410 07802_佛教密宗息災_6 410 430
410 07803_佛教密宗增益_6 410 430
410 07804_佛教密宗敬愛_6 410 430
410 07805_佛教密宗調伏_6 410 430
410 07806_佛教密宗誅法_6 410 430
410 07807_佛教密宗供養_6 410 430
410 07808_佛教密宗佈施_6 410 430
410 07809_佛教密宗持戒_6 410 430
410 07810_佛教密宗忍辱_6 410 430
410 07811_佛教密宗精進_6 410 430
410 07812_佛教密宗禪定_6 410 430
410 07813_佛教密宗般若_6 410 430
410 07814_佛教密宗方便_6 410 430
410 07818_佛教密宗慈悲_6 410 430
410 07819_佛教密宗喜舍_6 410 430
410 07823_佛教南傳戒律_6 410 430
410 07833_佛教藏傳戒律_6 410 430
410 07843_佛教漢傳戒律_6 410 430
410 07905_佛教中庸思想_6 410 430
410 08026_佛教十地研究_6 410 430
410 08033_佛教十地研究_6 410 430
410 08036_佛教三身研究_6 410 430
410 08058_佛教三界研究_6 410 430
410 08059_佛教九地研究_6 410 430
410 08093_佛教六度研究_6 410 430
410 08094_佛教十度研究_6 410 430
410 08128_佛教九想研究_6 410 430
410 08149_佛教六度研究_6 410 430
410 08150_佛教十度研究_6 410 430
410 08184_佛教九想研究_6 410 430
410 08291_佛教密宗經典_7 410 430
410 08292_佛教密宗論書_7 410 430
410 08293_佛教密宗儀軌_7 410 430
410 08294_佛教密宗灌頂_7 410 430
410 08296_佛教密宗法器_7 410 430
410 08297_佛教密宗護摩_7 410 430
410 08298_佛教密宗手印_7 410 430
410 08299_佛教密宗真言_7 410 430
410 08301_佛教密宗觀想_7 410 430
410 08302_佛教密宗修行_7 410 430
410 08303_佛教密宗成就_7 410 430
410 08304_佛教密宗神通_7 410 430
410 08305_佛教密宗治病_7 410 430
410 08306_佛教密宗延壽_7 410 430
410 08307_佛教密宗招財_7 410 430
410 08308_佛教密宗息災_7 410 430
410 08309_佛教密宗增益_7 410 430
410 08310_佛教密宗敬愛_7 410 430
410 08311_佛教密宗調伏_7 410 430
410 08312_佛教密宗誅法_7 410 430
410 08313_佛教密宗供養_7 410 430
410 08314_佛教密宗佈施_7 410 430
410 08315_佛教密宗持戒_7 410 430
410 08316_佛教密宗忍辱_7 410 430
410 08317_佛教密宗精進_7 410 430
410 08318_佛教密宗禪定_7 410 430
410 08319_佛教密宗般若_7 410 430
410 08320_佛教密宗方便_7 410 430
410 08324_佛教密宗慈悲_7 410 430
410 08325_佛教密宗喜舍_7 410 430
410 08329_佛教南傳戒律_7 410 430
410 08339_佛教藏傳戒律_7 410 430
410 08349_佛教漢傳戒律_7 410 430
410 08411_佛教中庸思想_7 410 430
410 08532_佛教十地研究_7 410 430
410 08539_佛教十地研究_7 410 430
410 08542_佛教三身研究_7 410 430
410 08564_佛教三界研究_7 410 430
410 08565_佛教九地研究_7 410 430
410 08599_佛教六度研究_7 410 430
410 08600_佛教十度研究_7 410 430
410 08634_佛教九想研究_7 410 430
410 08655_佛教六度研究_7 410 430
410 08656_佛教十度研究_7 410 430
410 08690_佛教九想研究_7 410 430
410 08797_佛教密宗經典_8 410 430
410 08798_佛教密宗論書_8 410 430
410 08799_佛教密宗儀軌_8 410 430
410 08800_佛教密宗灌頂_8 410 430
410 08802_佛教密宗法器_8 410 430
410 08803_佛教密宗護摩_8 410 430
410 08804_佛教密宗手印_8 410 430
410 08805_佛教密宗真言_8 410 430
410 08807_佛教密宗觀想_8 410 430
410 08808_佛教密宗修行_8 410 430
410 08809_佛教密宗成就_8 410 430
410 08810_佛教密宗神通_8 410 430
410 08811_佛教密宗治病_8 410 430
410 08812_佛教密宗延壽_8 410 430
410 08813_佛教密宗招財_8 410 430
410 08814_佛教密宗息災_8 410 430
410 08815_佛教密宗增益_8 410 430
410 08816_佛教密宗敬愛_8 410 430
410 08817_佛教密宗調伏_8 410 430
410 08818_佛教密宗誅法_8 410 430
410 08819_佛教密宗供養_8 410 430
410 08820_佛教密宗佈施_8 410 430
410 08821_佛教密宗持戒_8 410 430
410 08822_佛教密宗忍辱_8 410 430
410 08823_佛教密宗精進_8 410 430
410 08824_佛教密宗禪定_8 410 430
410 08825_佛教密宗般若_8 410 430
410 08826_佛教密宗方便_8 410 430
410 08830_佛教密宗慈悲_8 410 430
410 08831_佛教密宗喜舍_8 410 430
410 08835_佛教南傳戒律_8 410 430
410 08845_佛教藏傳戒律_8 410 430
410 08855_佛教漢傳戒律_8 410 430
410 08968_佛教密宗經典 410 430
410 08969_佛教密宗論書 410 430
410 08970_佛教密宗儀軌 410 430
410 08971_佛教密宗灌頂 410 430
410 08973_佛教密宗法器 410 430
410 08974_佛教密宗護摩 410 430
410 08975_佛教密宗手印 410 430
410 08976_佛教密宗真言 410 430
410 08978_佛教密宗觀想 410 430
410 08979_佛教密宗修行 410 430
410 08980_佛教密宗成就 410 430
410 08981_佛教密宗神通 410 430
410 08982_佛教密宗治病 410 430
410 08983_佛教密宗延壽 410 430
410 08984_佛教密宗招財 410 430
410 08985_佛教密宗息災 410 430
410 08986_佛教密宗增益 410 430
410 08987_佛教密宗敬愛 410 430
410 08988_佛教密宗調伏 410 430
410 08989_佛教密宗誅法 410 430
410 08990_佛教密宗供養 410 430
410 08991_佛教密宗佈施 410 430
410 08992_佛教密宗持戒 410 430
410 08993_佛教密宗忍辱 410 430
410 08994_佛教密宗精進 410 430
410 08995_佛教密宗禪定 410 430
410 08996_佛教密宗般若 410 430
410 08997_佛教密宗方便 410 430
410 09001_佛教密宗慈悲 410 430
410 09002_佛教密宗喜舍 410 430
410 09006_佛教南傳戒律 410 430
410 09016_佛教藏傳戒律 410 430
410 09026_佛教漢傳戒律 410 430
410 09088_佛教中庸思想 410 430
410 09209_佛教十地研究 410 430
410 09216_佛教十地研究 410 430
410 09219_佛教三身研究 410 430
410 09241_佛教三界研究 410 430
410 09242_佛教九地研究 410 430
410 09276_佛教六度研究 410 430
410 09277_佛教十度研究 410 430
410 09311_佛教九想研究 410 430
410 09332_佛教六度研究 410 430
410 09333_佛教十度研究 410 430
410 09367_佛教九想研究 410 430
410 09474_佛教密宗經典_1 410 430
410 09475_佛教密宗論書_1 410 430
410 09476_佛教密宗儀軌_1 410 430
410 09477_佛教密宗灌頂_1 410 430
410 09479_佛教密宗法器_1 410 430
410 09480_佛教密宗護摩_1 410 430
410 09481_佛教密宗手印_1 410 430
410 09482_佛教密宗真言_1 410 430
410 09484_佛教密宗觀想_1 410 430
410 09485_佛教密宗修行_1 410 430
410 09486_佛教密宗成就_1 410 430
410 09487_佛教密宗神通_1 410 430
410 09488_佛教密宗治病_1 410 430
410 09489_佛教密宗延壽_1 410 430
410 09490_佛教密宗招財_1 410 430
410 09491_佛教密宗息災_1 410 430
410 09492_佛教密宗增益_1 410 430
410 09493_佛教密宗敬愛_1 410 430
410 09494_佛教密宗調伏_1 410 430
410 09495_佛教密宗誅法_1 410 430
410 09496_佛教密宗供養_1 410 430
410 09497_佛教密宗佈施_1 410 430
410 09498_佛教密宗持戒_1 410 430
410 09499_佛教密宗忍辱_1 410 430
410 09500_佛教密宗精進_1 410 430
410 09501_佛教密宗禪定_1 410 430
410 09502_佛教密宗般若_1 410 430
410 09503_佛教密宗方便_1 410 430
410 09507_佛教密宗慈悲_1 410 430
410 09508_佛教密宗喜舍_1 410 430
410 09512_佛教南傳戒律_1 410 430
410 09522_佛教藏傳戒律_1 410 430
410 09532_佛教漢傳戒律_1 410 430
410 09594_佛教中庸思想_1 410 430
410 09715_佛教十地研究_1 410 430
410 09722_佛教十地研究_1 410 430
410 09725_佛教三身研究_1 410 430
410 09747_佛教三界研究_1 410 430
410 09748_佛教九地研究_1 410 430
410 09782_佛教六度研究_1 410 430
410 09783_佛教十度研究_1 410 430
410 09817_佛教九想研究_1 410 430
410 09838_佛教六度研究_1 410 430
410 09839_佛教十度研究_1 410 430
410 09873_佛教九想研究_1 410 430
410 09980_佛教密宗經典_2 410 430
410 09981_佛教密宗論書_2 410 430
410 09982_佛教密宗儀軌_2 410 430
410 09983_佛教密宗灌頂_2 410 430
410 09985_佛教密宗法器_2 410 430
410 09986_佛教密宗護摩_2 410 430
410 09987_佛教密宗手印_2 410 430
410 09988_佛教密宗真言_2 410 430
410 09990_佛教密宗觀想_2 410 430
410 09991_佛教密宗修行_2 410 430
410 09992_佛教密宗成就_2 410 430
410 09993_佛教密宗神通_2 410 430
410 09994_佛教密宗治病_2 410 430
410 09995_佛教密宗延壽_2 410 430
410 09996_佛教密宗招財_2 410 430
410 09997_佛教密宗息災_2 410 430
410 09998_佛教密宗增益_2 410 430
410 09999_佛教密宗敬愛_2 410 430
410 10000_佛教密宗調伏_2 410 430
410 10001_佛教密宗誅法_2 410 430
410 10002_佛教密宗供養_2 410 430
410 10003_佛教密宗佈施_2 410 430
410 10004_佛教密宗持戒_2 410 430
410 10005_佛教密宗忍辱_2 410 430
410 10006_佛教密宗精進_2 410 430
410 10007_佛教密宗禪定_2 410 430
410 10008_佛教密宗般若_2 410 430
410 10009_佛教密宗方便_2 410 430
410 10013_佛教密宗慈悲_2 410 430
410 10014_佛教密宗喜舍_2 410 430
410 10018_佛教南傳戒律_2 410 430
410 10028_佛教藏傳戒律_2 410 430
410 10038_佛教漢傳戒律_2 410 430
410 10100_佛教中庸思想_2 410 430
410 10221_佛教十地研究_2 410 430
410 10228_佛教十地研究_2 410 430
410 10231_佛教三身研究_2 410 430
410 10253_佛教三界研究_2 410 430
410 10254_佛教九地研究_2 410 430
410 10288_佛教六度研究_2 410 430
410 10289_佛教十度研究_2 410 430
410 10323_佛教九想研究_2 410 430
410 10344_佛教六度研究_2 410 430
410 10345_佛教十度研究_2 410 430
410 10379_佛教九想研究_2 410 430
410 10486_佛教密宗經典_3 410 430
410 10487_佛教密宗論書_3 410 430
410 10488_佛教密宗儀軌_3 410 430
410 10489_佛教密宗灌頂_3 410 430
410 10491_佛教密宗法器_3 410 430
410 10492_佛教密宗護摩_3 410 430
410 10493_佛教密宗手印_3 410 430
410 10494_佛教密宗真言_3 410 430
410 10496_佛教密宗觀想_3 410 430
410 10497_佛教密宗修行_3 410 430
410 10498_佛教密宗成就_3 410 430
410 10499_佛教密宗神通_3 410 430
410 10500_佛教密宗治病_3 410 430
410 10501_佛教密宗延壽_3 410 430
410 10502_佛教密宗招財_3 410 430
410 10503_佛教密宗息災_3 410 430
410 10504_佛教密宗增益_3 410 430
410 10505_佛教密宗敬愛_3 410 430
410 10506_佛教密宗調伏_3 410 430
410 10507_佛教密宗誅法_3 410 430
410 10508_佛教密宗供養_3 410 430
410 10509_佛教密宗佈施_3 410 430
410 10510_佛教密宗持戒_3 410 430
410 10511_佛教密宗忍辱_3 410 430
410 10512_佛教密宗精進_3 410 430
410 10513_佛教密宗禪定_3 410 430
410 10514_佛教密宗般若_3 410 430
410 10515_佛教密宗方便_3 410 430
410 10519_佛教密宗慈悲_3 410 430
410 10520_佛教密宗喜舍_3 410 430
410 10524_佛教南傳戒律_3 410 430
410 10534_佛教藏傳戒律_3 410 430
410 10544_佛教漢傳戒律_3 410 430
410 10606_佛教中庸思想_3 410 430
410 10727_佛教十地研究_3 410 430
410 10734_佛教十地研究_3 410 430
410 10737_佛教三身研究_3 410 430
410 10759_佛教三界研究_3 410 430
410 10760_佛教九地研究_3 410 430
410 10794_佛教六度研究_3 410 430
410 10795_佛教十度研究_3 410 430
410 10829_佛教九想研究_3 410 430
410 10850_佛教六度研究_3 410 430
410 10851_佛教十度研究_3 410 430
410 10885_佛教九想研究_3 410 430
410 10992_佛教密宗經典_4 410 430
410 10993_佛教密宗論書_4 410 430
410 10994_佛教密宗儀軌_4 410 430
410 10995_佛教密宗灌頂_4 410 430
410 10997_佛教密宗法器_4 410 430
410 10998_佛教密宗護摩_4 410 430
410 10999_佛教密宗手印_4 410 430
410 11000_佛教密宗真言_4 410 430
410 11002_佛教密宗觀想_4 410 430
410 11003_佛教密宗修行_4 410 430
410 11004_佛教密宗成就_4 410 430
410 11005_佛教密宗神通_4 410 430
410 11006_佛教密宗治病_4 410 430
410 11007_佛教密宗延壽_4 410 430
410 11008_佛教密宗招財_4 410 430
410 11009_佛教密宗息災_4 410 430
410 11010_佛教密宗增益_4 410 430
410 11011_佛教密宗敬愛_4 410 430
410 11012_佛教密宗調伏_4 410 430
410 11013_佛教密宗誅法_4 410 430
410 11014_佛教密宗供養_4 410 430
410 11015_佛教密宗佈施_4 410 430
410 11016_佛教密宗持戒_4 410 430
410 11017_佛教密宗忍辱_4 410 430
410 11018_佛教密宗精進_4 410 430
410 11019_佛教密宗禪定_4 410 430
410 11020_佛教密宗般若_4 410 430
410 11021_佛教密宗方便_4 410 430
410 11025_佛教密宗慈悲_4 410 430
410 11026_佛教密宗喜舍_4 410 430
410 11030_佛教南傳戒律_4 410 430
410 11040_佛教藏傳戒律_4 410 430
410 11050_佛教漢傳戒律_4 410 430
410 11112_佛教中庸思想_4 410 430
410 11233_佛教十地研究_4 410 430
410 11240_佛教十地研究_4 410 430
410 11243_佛教三身研究_4 410 430
410 11265_佛教三界研究_4 410 430
410 11266_佛教九地研究_4 410 430
410 11300_佛教六度研究_4 410 430
410 11301_佛教十度研究_4 410 430
410 11335_佛教九想研究_4 410 430
410 11356_佛教六度研究_4 410 430
410 11357_佛教十度研究_4 410 430
410 11391_佛教九想研究_4 410 430
410 11498_佛教密宗經典_5 410 430
410 11499_佛教密宗論書_5 410 430
410 11500_佛教密宗儀軌_5 410 430
410 11501_佛教密宗灌頂_5 410 430
410 11503_佛教密宗法器_5 410 430
410 11504_佛教密宗護摩_5 410 430
410 11505_佛教密宗手印_5 410 430
410 11506_佛教密宗真言_5 410 430
410 11508_佛教密宗觀想_5 410 430
410 11509_佛教密宗修行_5 410 430
410 11510_佛教密宗成就_5 410 430
410 11511_佛教密宗神通_5 410 430
410 11512_佛教密宗治病_5 410 430
410 11513_佛教密宗延壽_5 410 430
410 11514_佛教密宗招財_5 410 430
410 11515_佛教密宗息災_5 410 430
410 11516_佛教密宗增益_5 410 430
410 11517_佛教密宗敬愛_5 410 430
410 11518_佛教密宗調伏_5 410 430
410 11519_佛教密宗誅法_5 410 430
410 11520_佛教密宗供養_5 410 430
410 11521_佛教密宗佈施_5 410 430
410 11522_佛教密宗持戒_5 410 430
410 11523_佛教密宗忍辱_5 410 430
410 11524_佛教密宗精進_5 410 430
410 11525_佛教密宗禪定_5 410 430
410 11526_佛教密宗般若_5 410 430
410 11527_佛教密宗方便_5 410 430
410 11531_佛教密宗慈悲_5 410 430
410 11532_佛教密宗喜舍_5 410 430
410 11536_佛教南傳戒律_5 410 430
410 11546_佛教藏傳戒律_5 410 430
410 11556_佛教漢傳戒律_5 410 430
410 11618_佛教中庸思想_5 410 430
410 11739_佛教十地研究_5 410 430
410 11746_佛教十地研究_5 410 430
410 11749_佛教三身研究_5 410 430
410 11771_佛教三界研究_5 410 430
410 11772_佛教九地研究_5 410 430
410 11806_佛教六度研究_5 410 430
410 11807_佛教十度研究_5 410 430
410 11841_佛教九想研究_5 410 430
410 11862_佛教六度研究_5 410 430
410 11863_佛教十度研究_5 410 430
410 11897_佛教九想研究_5 410 430
410 12004_佛教密宗經典_6 410 430
410 12005_佛教密宗論書_6 410 430
410 12006_佛教密宗儀軌_6 410 430
410 12007_佛教密宗灌頂_6 410 430
410 12009_佛教密宗法器_6 410 430
410 12010_佛教密宗護摩_6 410 430
410 12011_佛教密宗手印_6 410 430
410 12012_佛教密宗真言_6 410 430
410 12014_佛教密宗觀想_6 410 430
410 12015_佛教密宗修行_6 410 430
410 12016_佛教密宗成就_6 410 430
410 12017_佛教密宗神通_6 410 430
410 12018_佛教密宗治病_6 410 430
410 12019_佛教密宗延壽_6 410 430
410 12020_佛教密宗招財_6 410 430
410 12021_佛教密宗息災_6 410 430
410 12022_佛教密宗增益_6 410 430
410 12023_佛教密宗敬愛_6 410 430
410 12024_佛教密宗調伏_6 410 430
410 12025_佛教密宗誅法_6 410 430
410 12026_佛教密宗供養_6 410 430
410 12027_佛教密宗佈施_6 410 430
410 12028_佛教密宗持戒_6 410 430
410 12029_佛教密宗忍辱_6 410 430
410 12030_佛教密宗精進_6 410 430
410 12031_佛教密宗禪定_6 410 430
410 12032_佛教密宗般若_6 410 430
410 12033_佛教密宗方便_6 410 430
410 12037_佛教密宗慈悲_6 410 430
410 12038_佛教密宗喜舍_6 410 430
410 12042_佛教南傳戒律_6 410 430
410 12052_佛教藏傳戒律_6 410 430
410 12062_佛教漢傳戒律_6 410 430
410 12124_佛教中庸思想_6 410 430
410 12245_佛教十地研究_6 410 430
410 12252_佛教十地研究_6 410 430
410 12255_佛教三身研究_6 410 430
410 12277_佛教三界研究_6 410 430
410 12278_佛教九地研究_6 410 430
410 12312_佛教六度研究_6 410 430
410 12313_佛教十度研究_6 410 430
410 12347_佛教九想研究_6 410 430
410 12368_佛教六度研究_6 410 430
410 12369_佛教十度研究_6 410 430
410 12403_佛教九想研究_6 410 430
410 12510_佛教密宗經典_7 410 430
410 12511_佛教密宗論書_7 410 430
410 12512_佛教密宗儀軌_7 410 430
410 12513_佛教密宗灌頂_7 410 430
410 12515_佛教密宗法器_7 410 430
410 12516_佛教密宗護摩_7 410 430
410 12517_佛教密宗手印_7 410 430
410 12518_佛教密宗真言_7 410 430
410 12520_佛教密宗觀想_7 410 430
410 12521_佛教密宗修行_7 410 430
410 12522_佛教密宗成就_7 410 430
410 12523_佛教密宗神通_7 410 430
410 12524_佛教密宗治病_7 410 430
410 12525_佛教密宗延壽_7 410 430
410 12526_佛教密宗招財_7 410 430
410 12527_佛教密宗息災_7 410 430
410 12528_佛教密宗增益_7 410 430
410 12529_佛教密宗敬愛_7 410 430
410 12530_佛教密宗調伏_7 410 430
410 12531_佛教密宗誅法_7 410 430
410 12532_佛教密宗供養_7 410 430
410 12533_佛教密宗佈施_7 410 430
410 12534_佛教密宗持戒_7 410 430
410 12535_佛教密宗忍辱_7 410 430
410 12536_佛教密宗精進_7 410 430
410 12537_佛教密宗禪定_7 410 430
410 12538_佛教密宗般若_7 410 430
410 12539_佛教密宗方便_7 410 430
410 12543_佛教密宗慈悲_7 410 430
410 12544_佛教密宗喜舍_7 410 430
410 12548_佛教南傳戒律_7 410 430
410 12558_佛教藏傳戒律_7 410 430
410 12568_佛教漢傳戒律_7 410 430
410 12630_佛教中庸思想_7 410 430
410 12751_佛教十地研究_7 410 430
410 12758_佛教十地研究_7 410 430
410 12761_佛教三身研究_7 410 430
410 12783_佛教三界研究_7 410 430
410 12784_佛教九地研究_7 410 430
410 12818_佛教六度研究_7 410 430
410 12819_佛教十度研究_7 410 430
410 12853_佛教九想研究_7 410 430
410 12874_佛教六度研究_7 410 430
410 12875_佛教十度研究_7 410 430
410 12909_佛教九想研究_7 410 430
410 13016_佛教密宗經典_8 410 430
410 13017_佛教密宗論書_8 410 430
410 13018_佛教密宗儀軌_8 410 430
410 13019_佛教密宗灌頂_8 410 430
410 13021_佛教密宗法器_8 410 430
410 13022_佛教密宗護摩_8 410 430
410 13023_佛教密宗手印_8 410 430
410 13024_佛教密宗真言_8 410 430
410 13026_佛教密宗觀想_8 410 430
410 13027_佛教密宗修行_8 410 430
410 13028_佛教密宗成就_8 410 430
410 13029_佛教密宗神通_8 410 430
410 13030_佛教密宗治病_8 410 430
410 13031_佛教密宗延壽_8 410 430
410 13032_佛教密宗招財_8 410 430
410 13033_佛教密宗息災_8 410 430
410 13034_佛教密宗增益_8 410 430
410 13035_佛教密宗敬愛_8 410 430
410 13036_佛教密宗調伏_8 410 430
410 13037_佛教密宗誅法_8 410 430
410 13038_佛教密宗供養_8 410 430
410 13039_佛教密宗佈施_8 410 430
410 13040_佛教密宗持戒_8 410 430
410 13041_佛教密宗忍辱_8 410 430
410 13042_佛教密宗精進_8 410 430
410 13043_佛教密宗禪定_8 410 430
410 13044_佛教密宗般若_8 410 430
410 13045_佛教密宗方便_8 410 430
410 13049_佛教密宗慈悲_8 410 430
410 13050_佛教密宗喜舍_8 410 430
410 13054_佛教南傳戒律_8 410 430
410 13064_佛教藏傳戒律_8 410 430
410 13074_佛教漢傳戒律_8 410 430
410 13136_佛教中庸思想_8 410 430
410 13257_佛教十地研究_8 410 430
410 13264_佛教十地研究_8 410 430
410 13267_佛教三身研究_8 410 430
410 13289_佛教三界研究_8 410 430
410 13290_佛教九地研究_8 410 430
410 13324_佛教六度研究_8 410 430
410 13325_佛教十度研究_8 410 430
410 13359_佛教九想研究_8 410 430
410 13380_佛教六度研究_8 410 430
410 13381_佛教十度研究_8 410 430
410 13415_佛教九想研究_8 410 430
410 13522_佛教密宗經典_9 410 430
410 13523_佛教密宗論書_9 410 430
410 13524_佛教密宗儀軌_9 410 430
410 13525_佛教密宗灌頂_9 410 430
410 13527_佛教密宗法器_9 410 430
410 13528_佛教密宗護摩_9 410 430
410 13529_佛教密宗手印_9 410 430
410 13530_佛教密宗真言_9 410 430
410 13532_佛教密宗觀想_9 410 430
410 13533_佛教密宗修行_9 410 430
410 13534_佛教密宗成就_9 410 430
410 13535_佛教密宗神通_9 410 430
410 13536_佛教密宗治病_9 410 430
410 13537_佛教密宗延壽_9 410 430
410 13538_佛教密宗招財_9 410 430
410 13539_佛教密宗息災_9 410 430
410 13540_佛教密宗增益_9 410 430
410 13541_佛教密宗敬愛_9 410 430
410 13542_佛教密宗調伏_9 410 430
410 13543_佛教密宗誅法_9 410 430
410 13544_佛教密宗供養_9 410 430
410 13545_佛教密宗佈施_9 410 430
410 13546_佛教密宗持戒_9 410 430
410 13547_佛教密宗忍辱_9 410 430
410 13548_佛教密宗精進_9 410 430
410 13549_佛教密宗禪定_9 410 430
410 13550_佛教密宗般若_9 410 430
410 13551_佛教密宗方便_9 410 430
410 13555_佛教密宗慈悲_9 410 430
410 13556_佛教密宗喜舍_9 410 430
410 13560_佛教南傳戒律_9 410 430
410 13570_佛教藏傳戒律_9 410 430
410 13580_佛教漢傳戒律_9 410 430
410 13642_佛教中庸思想_9 410 430
410 13763_佛教十地研究_9 410 430
410 13770_佛教十地研究_9 410 430
410 13773_佛教三身研究_9 410 430
410 13795_佛教三界研究_9 410 430
410 13796_佛教九地研究_9 410 430
410 13830_佛教六度研究_9 410 430
410 13831_佛教十度研究_9 410 430
410 13865_佛教九想研究_9 410 430
410 13886_佛教六度研究_9 410 430
410 13887_佛教十度研究_9 410 430
410 13921_佛教九想研究_9 410 430
410 14028_佛教密宗經典_10 410 430
410 14029_佛教密宗論書_10 410 430
410 14030_佛教密宗儀軌_10 410 430
410 14031_佛教密宗灌頂_10 410 430
410 14033_佛教密宗法器_10 410 430
410 14034_佛教密宗護摩_10 410 430
410 14035_佛教密宗手印_10 410 430
410 14036_佛教密宗真言_10 410 430
410 14038_佛教密宗觀想_10 410 430
410 14039_佛教密宗修行_10 410 430
410 14040_佛教密宗成就_10 410 430
410 14041_佛教密宗神通_10 410 430
410 14042_佛教密宗治病_10 410 430
410 14043_佛教密宗延壽_10 410 430
410 14044_佛教密宗招財_10 410 430
410 14045_佛教密宗息災_10 410 430
410 14046_佛教密宗增益_10 410 430
410 14047_佛教密宗敬愛_10 410 430
410 14048_佛教密宗調伏_10 410 430
410 14049_佛教密宗誅法_10 410 430
410 14050_佛教密宗供養_10 410 430
410 14051_佛教密宗佈施_10 410 430
410 14052_佛教密宗持戒_10 410 430
410 14053_佛教密宗忍辱_10 410 430
410 14054_佛教密宗精進_10 410 430
410 14055_佛教密宗禪定_10 410 430
410 14056_佛教密宗般若_10 410 430
410 14057_佛教密宗方便_10 410 430
410 14061_佛教密宗慈悲_10 410 430
410 14062_佛教密宗喜舍_10 410 430
410 14066_佛教南傳戒律_10 410 430
410 14076_佛教藏傳戒律_10 410 430
410 14086_佛教漢傳戒律_10 410 430
410 14148_佛教中庸思想_10 410 430
410 14269_佛教十地研究_10 410 430
410 14276_佛教十地研究_10 410 430
410 14279_佛教三身研究_10 410 430
410 14301_佛教三界研究_10 410 430
410 14302_佛教九地研究_10 410 430
410 14336_佛教六度研究_10 410 430
410 14337_佛教十度研究_10 410 430
410 14371_佛教九想研究_10 410 430
410 14392_佛教六度研究_10 410 430
410 14393_佛教十度研究_10 410 430
410 14427_佛教九想研究_10 410 430
410 14534_佛教密宗經典_11 410 430
410 14535_佛教密宗論書_11 410 430
410 14536_佛教密宗儀軌_11 410 430
410 14537_佛教密宗灌頂_11 410 430
410 14539_佛教密宗法器_11 410 430
410 14540_佛教密宗護摩_11 410 430
410 14541_佛教密宗手印_11 410 430
410 14542_佛教密宗真言_11 410 430
410 14544_佛教密宗觀想_11 410 430
410 14545_佛教密宗修行_11 410 430
410 14546_佛教密宗成就_11 410 430
410 14547_佛教密宗神通_11 410 430
410 14548_佛教密宗治病_11 410 430
410 14549_佛教密宗延壽_11 410 430
410 14550_佛教密宗招財_11 410 430
410 14551_佛教密宗息災_11 410 430
410 14552_佛教密宗增益_11 410 430
410 14553_佛教密宗敬愛_11 410 430
410 14554_佛教密宗調伏_11 410 430
410 14555_佛教密宗誅法_11 410 430
410 14556_佛教密宗供養_11 410 430
410 14557_佛教密宗佈施_11 410 430
410 14558_佛教密宗持戒_11 410 430
410 14559_佛教密宗忍辱_11 410 430
410 14560_佛教密宗精進_11 410 430
410 14561_佛教密宗禪定_11 410 430
410 14562_佛教密宗般若_11 410 430
410 14563_佛教密宗方便_11 410 430
410 14567_佛教密宗慈悲_11 410 430
410 14568_佛教密宗喜舍_11 410 430
410 14572_佛教南傳戒律_11 410 430
410 14582_佛教藏傳戒律_11 410 430
410 14592_佛教漢傳戒律_11 410 430
410 14654_佛教中庸思想_11 410 430
410 14775_佛教十地研究_11 410 430
410 14782_佛教十地研究_11 410 430
410 14785_佛教三身研究_11 410 430
410 14807_佛教三界研究_11 410 430
410 14808_佛教九地研究_11 410 430
410 14842_佛教六度研究_11 410 430
410 14843_佛教十度研究_11 410 430
410 14877_佛教九想研究_11 410 430
410 14898_佛教六度研究_11 410 430
410 14899_佛教十度研究_11 410 430
410 14933_佛教九想研究_11 410 430
410 15040_佛教密宗經典_12 410 430
410 15041_佛教密宗論書_12 410 430
410 15042_佛教密宗儀軌_12 410 430
410 15043_佛教密宗灌頂_12 410 430
410 15045_佛教密宗法器_12 410 430
410 15046_佛教密宗護摩_12 410 430
410 15047_佛教密宗手印_12 410 430
410 15048_佛教密宗真言_12 410 430
410 15050_佛教密宗觀想_12 410 430
410 15051_佛教密宗修行_12 410 430
410 15052_佛教密宗成就_12 410 430
410 15053_佛教密宗神通_12 410 430
410 15054_佛教密宗治病_12 410 430
410 15055_佛教密宗延壽_12 410 430
410 15056_佛教密宗招財_12 410 430
410 15057_佛教密宗息災_12 410 430
410 15058_佛教密宗增益_12 410 430
410 15059_佛教密宗敬愛_12 410 430
410 15060_佛教密宗調伏_12 410 430
410 15061_佛教密宗誅法_12 410 430
410 15062_佛教密宗供養_12 410 430
410 15063_佛教密宗佈施_12 410 430
410 15064_佛教密宗持戒_12 410 430
410 15065_佛教密宗忍辱_12 410 430
410 15066_佛教密宗精進_12 410 430
410 15067_佛教密宗禪定_12 410 430
410 15068_佛教密宗般若_12 410 430
410 15069_佛教密宗方便_12 410 430
410 15073_佛教密宗慈悲_12 410 430
410 15074_佛教密宗喜舍_12 410 430
410 15078_佛教南傳戒律_12 410 430
410 15088_佛教藏傳戒律_12 410 430
410 15098_佛教漢傳戒律_12 410 430
410 15160_佛教中庸思想_12 410 430
410 15281_佛教十地研究_12 410 430
410 15288_佛教十地研究_12 410 430
410 15291_佛教三身研究_12 410 430
410 15313_佛教三界研究_12 410 430
410 15314_佛教九地研究_12 410 430
410 15348_佛教六度研究_12 410 430
410 15349_佛教十度研究_12 410 430
410 15383_佛教九想研究_12 410 430
410 15404_佛教六度研究_12 410 430
410 15405_佛教十度研究_12 410 430
410 15439_佛教九想研究_12 410 430
410 15546_佛教密宗經典_13 410 430
410 15547_佛教密宗論書_13 410 430
410 15548_佛教密宗儀軌_13 410 430
410 15549_佛教密宗灌頂_13 410 430
410 15551_佛教密宗法器_13 410 430
410 15552_佛教密宗護摩_13 410 430
410 15553_佛教密宗手印_13 410 430
410 15554_佛教密宗真言_13 410 430
410 15556_佛教密宗觀想_13 410 430
410 15557_佛教密宗修行_13 410 430
410 15558_佛教密宗成就_13 410 430
410 15559_佛教密宗神通_13 410 430
410 15560_佛教密宗治病_13 410 430
410 15561_佛教密宗延壽_13 410 430
410 15562_佛教密宗招財_13 410 430
410 15563_佛教密宗息災_13 410 430
410 15564_佛教密宗增益_13 410 430
410 15565_佛教密宗敬愛_13 410 430
410 15566_佛教密宗調伏_13 410 430
410 15567_佛教密宗誅法_13 410 430
410 15568_佛教密宗供養_13 410 430
410 15569_佛教密宗佈施_13 410 430
410 15570_佛教密宗持戒_13 410 430
410 15571_佛教密宗忍辱_13 410 430
410 15572_佛教密宗精進_13 410 430
410 15573_佛教密宗禪定_13 410 430
410 15574_佛教密宗般若_13 410 430
410 15575_佛教密宗方便_13 410 430
410 15579_佛教密宗慈悲_13 410 430
410 15580_佛教密宗喜舍_13 410 430
410 15584_佛教南傳戒律_13 410 430
410 15594_佛教藏傳戒律_13 410 430
410 15604_佛教漢傳戒律_13 410 430
410 15666_佛教中庸思想_13 410 430
410 15787_佛教十地研究_13 410 430
410 15794_佛教十地研究_13 410 430
410 15797_佛教三身研究_13 410 430
410 15819_佛教三界研究_13 410 430
410 15820_佛教九地研究_13 410 430
410 15854_佛教六度研究_13 410 430
410 15855_佛教十度研究_13 410 430
410 15889_佛教九想研究_13 410 430
410 15910_佛教六度研究_13 410 430
410 15911_佛教十度研究_13 410 430
410 15945_佛教九想研究_13 410 430
410 16052_佛教密宗經典_14 410 430
410 16053_佛教密宗論書_14 410 430
410 16054_佛教密宗儀軌_14 410 430
410 16055_佛教密宗灌頂_14 410 430
410 16057_佛教密宗法器_14 410 430
410 16058_佛教密宗護摩_14 410 430
410 16059_佛教密宗手印_14 410 430
410 16060_佛教密宗真言_14 410 430
410 16062_佛教密宗觀想_14 410 430
410 16063_佛教密宗修行_14 410 430
410 16064_佛教密宗成就_14 410 430
410 16065_佛教密宗神通_14 410 430
410 16066_佛教密宗治病_14 410 430
410 16067_佛教密宗延壽_14 410 430
410 16068_佛教密宗招財_14 410 430
410 16069_佛教密宗息災_14 410 430
410 16070_佛教密宗增益_14 410 430
410 16071_佛教密宗敬愛_14 410 430
410 16072_佛教密宗調伏_14 410 430
410 16073_佛教密宗誅法_14 410 430
410 16074_佛教密宗供養_14 410 430
410 16075_佛教密宗佈施_14 410 430
410 16076_佛教密宗持戒_14 410 430
410 16077_佛教密宗忍辱_14 410 430
410 16078_佛教密宗精進_14 410 430
410 16079_佛教密宗禪定_14 410 430
410 16080_佛教密宗般若_14 410 430
410 16081_佛教密宗方便_14 410 430
410 16085_佛教密宗慈悲_14 410 430
410 16086_佛教密宗喜舍_14 410 430
410 16090_佛教南傳戒律_14 410 430
410 16100_佛教藏傳戒律_14 410 430
410 16110_佛教漢傳戒律_14 410 430
410 16172_佛教中庸思想_14 410 430
410 16293_佛教十地研究_14 410 430
410 16300_佛教十地研究_14 410 430
410 16303_佛教三身研究_14 410 430
410 16325_佛教三界研究_14 410 430
410 16326_佛教九地研究_14 410 430
410 16360_佛教六度研究_14 410 430
410 16361_佛教十度研究_14 410 430
410 16395_佛教九想研究_14 410 430
410 16416_佛教六度研究_14 410 430
410 16417_佛教十度研究_14 410 430
410 16451_佛教九想研究_14 410 430
410 16558_佛教密宗經典_15 410 430
410 16559_佛教密宗論書_15 410 430
410 16560_佛教密宗儀軌_15 410 430
410 16561_佛教密宗灌頂_15 410 430
410 16563_佛教密宗法器_15 410 430
410 16564_佛教密宗護摩_15 410 430
410 16565_佛教密宗手印_15 410 430
410 16566_佛教密宗真言_15 410 430
410 16568_佛教密宗觀想_15 410 430
410 16569_佛教密宗修行_15 410 430
410 16570_佛教密宗成就_15 410 430
410 16571_佛教密宗神通_15 410 430
410 16572_佛教密宗治病_15 410 430
410 16573_佛教密宗延壽_15 410 430
410 16574_佛教密宗招財_15 410 430
410 16575_佛教密宗息災_15 410 430
410 16576_佛教密宗增益_15 410 430
410 16577_佛教密宗敬愛_15 410 430
410 16578_佛教密宗調伏_15 410 430
410 16579_佛教密宗誅法_15 410 430
410 16580_佛教密宗供養_15 410 430
410 16581_佛教密宗佈施_15 410 430
410 16582_佛教密宗持戒_15 410 430
410 16583_佛教密宗忍辱_15 410 430
410 16584_佛教密宗精進_15 410 430
410 16585_佛教密宗禪定_15 410 430
410 16586_佛教密宗般若_15 410 430
410 16587_佛教密宗方便_15 410 430
410 16591_佛教密宗慈悲_15 410 430
410 16592_佛教密宗喜舍_15 410 430
410 16596_佛教南傳戒律_15 410 430
410 16606_佛教藏傳戒律_15 410 430
410 16616_佛教漢傳戒律_15 410 430
410 16678_佛教中庸思想_15 410 430
410 16799_佛教十地研究_15 410 430
410 16806_佛教十地研究_15 410 430
410 16809_佛教三身研究_15 410 430
410 16831_佛教三界研究_15 410 430
410 16832_佛教九地研究_15 410 430
410 16866_佛教六度研究_15 410 430
410 16867_佛教十度研究_15 410 430
410 16901_佛教九想研究_15 410 430
410 16922_佛教六度研究_15 410 430
410 16923_佛教十度研究_15 410 430
410 16957_佛教九想研究_15 410 430
410 17064_佛教密宗經典_16 410 430
410 17065_佛教密宗論書_16 410 430
410 17066_佛教密宗儀軌_16 410 430
410 17067_佛教密宗灌頂_16 410 430
410 17069_佛教密宗法器_16 410 430
410 17070_佛教密宗護摩_16 410 430
410 17071_佛教密宗手印_16 410 430
410 17072_佛教密宗真言_16 410 430
410 17074_佛教密宗觀想_16 410 430
410 17075_佛教密宗修行_16 410 430
410 17076_佛教密宗成就_16 410 430
410 17077_佛教密宗神通_16 410 430
410 17078_佛教密宗治病_16 410 430
410 17079_佛教密宗延壽_16 410 430
410 17080_佛教密宗招財_16 410 430
410 17081_佛教密宗息災_16 410 430
410 17082_佛教密宗增益_16 410 430
410 17083_佛教密宗敬愛_16 410 430
410 17084_佛教密宗調伏_16 410 430
410 17085_佛教密宗誅法_16 410 430
410 17086_佛教密宗供養_16 410 430
410 17087_佛教密宗佈施_16 410 430
410 17088_佛教密宗持戒_16 410 430
410 17089_佛教密宗忍辱_16 410 430
410 17090_佛教密宗精進_16 410 430
410 17091_佛教密宗禪定_16 410 430
410 17092_佛教密宗般若_16 410 430
410 17093_佛教密宗方便_16 410 430
410 17097_佛教密宗慈悲_16 410 430
410 17098_佛教密宗喜舍_16 410 430
410 17102_佛教南傳戒律_16 410 430
410 17112_佛教藏傳戒律_16 410 430
410 17122_佛教漢傳戒律_16 410 430
410 17184_佛教中庸思想_16 410 430
410 17305_佛教十地研究_16 410 430
410 17312_佛教十地研究_16 410 430
410 17315_佛教三身研究_16 410 430
410 17337_佛教三界研究_16 410 430
410 17338_佛教九地研究_16 410 430
410 17372_佛教六度研究_16 410 430
410 17373_佛教十度研究_16 410 430
410 17407_佛教九想研究_16 410 430
410 17428_佛教六度研究_16 410 430
410 17429_佛教十度研究_16 410 430
410 17463_佛教九想研究_16 410 430
410 17570_佛教密宗經典_17 410 430
410 17571_佛教密宗論書_17 410 430
410 17572_佛教密宗儀軌_17 410 430
410 17573_佛教密宗灌頂_17 410 430
410 17575_佛教密宗法器_17 410 430
410 17576_佛教密宗護摩_17 410 430
410 17577_佛教密宗手印_17 410 430
410 17578_佛教密宗真言_17 410 430
410 17580_佛教密宗觀想_17 410 430
410 17581_佛教密宗修行_17 410 430
410 17582_佛教密宗成就_17 410 430
410 17583_佛教密宗神通_17 410 430
410 17584_佛教密宗治病_17 410 430
410 17585_佛教密宗延壽_17 410 430
410 17586_佛教密宗招財_17 410 430
410 17587_佛教密宗息災_17 410 430
410 17588_佛教密宗增益_17 410 430
410 17589_佛教密宗敬愛_17 410 430
410 17590_佛教密宗調伏_17 410 430
410 17591_佛教密宗誅法_17 410 430
410 17592_佛教密宗供養_17 410 430
410 17593_佛教密宗佈施_17 410 430
410 17594_佛教密宗持戒_17 410 430
410 17595_佛教密宗忍辱_17 410 430
410 17596_佛教密宗精進_17 410 430
410 17597_佛教密宗禪定_17 410 430
410 17598_佛教密宗般若_17 410 430
410 17599_佛教密宗方便_17 410 430
410 17603_佛教密宗慈悲_17 410 430
410 17604_佛教密宗喜舍_17 410 430
410 17608_佛教南傳戒律_17 410 430
410 17618_佛教藏傳戒律_17 410 430
410 17628_佛教漢傳戒律_17 410 430
410 17690_佛教中庸思想_17 410 430
410 17811_佛教十地研究_17 410 430
410 17818_佛教十地研究_17 410 430
410 17821_佛教三身研究_17 410 430
410 17843_佛教三界研究_17 410 430
410 17844_佛教九地研究_17 410 430
410 17878_佛教六度研究_17 410 430
410 17879_佛教十度研究_17 410 430
410 17913_佛教九想研究_17 410 430
410 17934_佛教六度研究_17 410 430
410 17935_佛教十度研究_17 410 430
410 17969_佛教九想研究_17 410 430
410 18076_佛教密宗經典_18 410 430
410 18077_佛教密宗論書_18 410 430
410 18078_佛教密宗儀軌_18 410 430
410 18079_佛教密宗灌頂_18 410 430
410 18081_佛教密宗法器_18 410 430
410 18082_佛教密宗護摩_18 410 430
410 18083_佛教密宗手印_18 410 430
410 18084_佛教密宗真言_18 410 430
410 18086_佛教密宗觀想_18 410 430
410 18087_佛教密宗修行_18 410 430
410 18088_佛教密宗成就_18 410 430
410 18089_佛教密宗神通_18 410 430
410 18090_佛教密宗治病_18 410 430
410 18091_佛教密宗延壽_18 410 430
410 18092_佛教密宗招財_18 410 430
410 18093_佛教密宗息災_18 410 430
410 18094_佛教密宗增益_18 410 430
410 18095_佛教密宗敬愛_18 410 430
410 18096_佛教密宗調伏_18 410 430
410 18097_佛教密宗誅法_18 410 430
410 18098_佛教密宗供養_18 410 430
410 18099_佛教密宗佈施_18 410 430
410 18100_佛教密宗持戒_18 410 430
410 18101_佛教密宗忍辱_18 410 430
410 18102_佛教密宗精進_18 410 430
410 18103_佛教密宗禪定_18 410 430
410 18104_佛教密宗般若_18 410 430
410 18105_佛教密宗方便_18 410 430
410 18109_佛教密宗慈悲_18 410 430
410 18110_佛教密宗喜舍_18 410 430
410 18114_佛教南傳戒律_18 410 430
410 18124_佛教藏傳戒律_18 410 430
410 18134_佛教漢傳戒律_18 410 430
410 18196_佛教中庸思想_18 410 430
410 18317_佛教十地研究_18 410 430
410 18324_佛教十地研究_18 410 430
410 18327_佛教三身研究_18 410 430
410 18349_佛教三界研究_18 410 430
410 18350_佛教九地研究_18 410 430
410 18384_佛教六度研究_18 410 430
410 18385_佛教十度研究_18 410 430
410 18419_佛教九想研究_18 410 430
410 18440_佛教六度研究_18 410 430
410 18441_佛教十度研究_18 410 430
410 18475_佛教九想研究_18 410 430
410 18582_佛教密宗經典_19 410 430
410 18583_佛教密宗論書_19 410 430
410 18584_佛教密宗儀軌_19 410 430
410 18585_佛教密宗灌頂_19 410 430
410 18587_佛教密宗法器_19 410 430
410 18588_佛教密宗護摩_19 410 430
410 18589_佛教密宗手印_19 410 430
410 18590_佛教密宗真言_19 410 430
410 18592_佛教密宗觀想_19 410 430
410 18593_佛教密宗修行_19 410 430
410 18594_佛教密宗成就_19 410 430
410 18595_佛教密宗神通_19 410 430
410 18596_佛教密宗治病_19 410 430
410 18597_佛教密宗延壽_19 410 430
410 18598_佛教密宗招財_19 410 430
410 18599_佛教密宗息災_19 410 430
410 18600_佛教密宗增益_19 410 430
410 18601_佛教密宗敬愛_19 410 430
410 18602_佛教密宗調伏_19 410 430
410 18603_佛教密宗誅法_19 410 430
410 18604_佛教密宗供養_19 410 430
410 18605_佛教密宗佈施_19 410 430
410 18606_佛教密宗持戒_19 410 430
410 18607_佛教密宗忍辱_19 410 430
410 18608_佛教密宗精進_19 410 430
410 18609_佛教密宗禪定_19 410 430
410 18610_佛教密宗般若_19 410 430
410 18611_佛教密宗方便_19 410 430
410 18615_佛教密宗慈悲_19 410 430
410 18616_佛教密宗喜舍_19 410 430
410 18620_佛教南傳戒律_19 410 430
410 18630_佛教藏傳戒律_19 410 430
410 18640_佛教漢傳戒律_19 410 430
410 18702_佛教中庸思想_19 410 430
410 18823_佛教十地研究_19 410 430
410 18830_佛教十地研究_19 410 430
410 18833_佛教三身研究_19 410 430
410 18855_佛教三界研究_19 410 430
410 18856_佛教九地研究_19 410 430
410 18890_佛教六度研究_19 410 430
410 18891_佛教十度研究_19 410 430
410 18925_佛教九想研究_19 410 430
410 18946_佛教六度研究_19 410 430
410 18947_佛教十度研究_19 410 430
410 18981_佛教九想研究_19 410 430
410 19088_佛教密宗經典_20 410 430
410 19089_佛教密宗論書_20 410 430
410 19090_佛教密宗儀軌_20 410 430
410 19091_佛教密宗灌頂_20 410 430
410 19093_佛教密宗法器_20 410 430
410 19094_佛教密宗護摩_20 410 430
410 19095_佛教密宗手印_20 410 430
410 19096_佛教密宗真言_20 410 430
410 19098_佛教密宗觀想_20 410 430
410 19099_佛教密宗修行_20 410 430
410 19100_佛教密宗成就_20 410 430
410 19101_佛教密宗神通_20 410 430
410 19102_佛教密宗治病_20 410 430
410 19103_佛教密宗延壽_20 410 430
410 19104_佛教密宗招財_20 410 430
410 19105_佛教密宗息災_20 410 430
410 19106_佛教密宗增益_20 410 430
410 19107_佛教密宗敬愛_20 410 430
410 19108_佛教密宗調伏_20 410 430
410 19109_佛教密宗誅法_20 410 430
410 19110_佛教密宗供養_20 410 430
410 19111_佛教密宗佈施_20 410 430
410 19112_佛教密宗持戒_20 410 430
410 19113_佛教密宗忍辱_20 410 430
410 19114_佛教密宗精進_20 410 430
410 19115_佛教密宗禪定_20 410 430
410 19116_佛教密宗般若_20 410 430
410 19117_佛教密宗方便_20 410 430
410 19121_佛教密宗慈悲_20 410 430
410 19122_佛教密宗喜舍_20 410 430
410 19126_佛教南傳戒律_20 410 430
410 19136_佛教藏傳戒律_20 410 430
410 19146_佛教漢傳戒律_20 410 430
410 19208_佛教中庸思想_20 410 430
410 19329_佛教十地研究_20 410 430
410 19336_佛教十地研究_20 410 430
410 19339_佛教三身研究_20 410 430
410 19361_佛教三界研究_20 410 430
410 19362_佛教九地研究_20 410 430
410 19396_佛教六度研究_20 410 430
410 19397_佛教十度研究_20 410 430
410 19431_佛教九想研究_20 410 430
410 19452_佛教六度研究_20 410 430
410 19453_佛教十度研究_20 410 430
410 19487_佛教九想研究_20 410 430
410 19594_佛教密宗經典_21 410 430
410 19595_佛教密宗論書_21 410 430
410 19596_佛教密宗儀軌_21 410 430
410 19597_佛教密宗灌頂_21 410 430
410 19599_佛教密宗法器_21 410 430
410 19600_佛教密宗護摩_21 410 430
410 19601_佛教密宗手印_21 410 430
410 19602_佛教密宗真言_21 410 430
410 19604_佛教密宗觀想_21 410 430
410 19605_佛教密宗修行_21 410 430
410 19606_佛教密宗成就_21 410 430
410 19607_佛教密宗神通_21 410 430
410 19608_佛教密宗治病_21 410 430
410 19609_佛教密宗延壽_21 410 430
410 19610_佛教密宗招財_21 410 430
410 19611_佛教密宗息災_21 410 430
410 19612_佛教密宗增益_21 410 430
410 19613_佛教密宗敬愛_21 410 430
410 19614_佛教密宗調伏_21 410 430
410 19615_佛教密宗誅法_21 410 430
410 19616_佛教密宗供養_21 410 430
410 19617_佛教密宗佈施_21 410 430
410 19618_佛教密宗持戒_21 410 430
410 19619_佛教密宗忍辱_21 410 430
410 19620_佛教密宗精進_21 410 430
410 19621_佛教密宗禪定_21 410 430
410 19622_佛教密宗般若_21 410 430
410 19623_佛教密宗方便_21 410 430
410 19627_佛教密宗慈悲_21 410 430
410 19628_佛教密宗喜舍_21 410 430
410 19632_佛教南傳戒律_21 410 430
410 19642_佛教藏傳戒律_21 410 430
410 19652_佛教漢傳戒律_21 410 430
410 19714_佛教中庸思想_21 410 430
410 19835_佛教十地研究_21 410 430
410 19842_佛教十地研究_21 410 430
410 19845_佛教三身研究_21 410 430
410 19867_佛教三界研究_21 410 430
410 19868_佛教九地研究_21 410 430
410 19902_佛教六度研究_21 410 430
410 19903_佛教十度研究_21 410 430
410 19937_佛教九想研究_21 410 430
410 19958_佛教六度研究_21 410 430
410 19959_佛教十度研究_21 410 430
410 19993_佛教九想研究_21 410 430
410 20100_佛教密宗經典_22 410 430
410 20101_佛教密宗論書_22 410 430
410 20102_佛教密宗儀軌_22 410 430
410 20103_佛教密宗灌頂_22 410 430
410 20105_佛教密宗法器_22 410 430
410 20106_佛教密宗護摩_22 410 430
410 20107_佛教密宗手印_22 410 430
410 20108_佛教密宗真言_22 410 430
410 20110_佛教密宗觀想_22 410 430
410 20111_佛教密宗修行_22 410 430
410 20112_佛教密宗成就_22 410 430
410 20113_佛教密宗神通_22 410 430
410 20114_佛教密宗治病_22 410 430
410 20115_佛教密宗延壽_22 410 430
410 20116_佛教密宗招財_22 410 430
410 20117_佛教密宗息災_22 410 430
410 20118_佛教密宗增益_22 410 430
410 20119_佛教密宗敬愛_22 410 430
410 20120_佛教密宗調伏_22 410 430
410 20121_佛教密宗誅法_22 410 430
410 20122_佛教密宗供養_22 410 430
410 20123_佛教密宗佈施_22 410 430
410 20124_佛教密宗持戒_22 410 430
410 20125_佛教密宗忍辱_22 410 430
410 20126_佛教密宗精進_22 410 430
410 20127_佛教密宗禪定_22 410 430
410 20128_佛教密宗般若_22 410 430
410 20129_佛教密宗方便_22 410 430
410 20133_佛教密宗慈悲_22 410 430
410 20134_佛教密宗喜舍_22 410 430
410 20138_佛教南傳戒律_22 410 430
410 20148_佛教藏傳戒律_22 410 430
410 20158_佛教漢傳戒律_22 410 430
410 20220_佛教中庸思想_22 410 430
410 20341_佛教十地研究_22 410 430
410 20348_佛教十地研究_22 410 430
410 20351_佛教三身研究_22 410 430
410 20373_佛教三界研究_22 410 430
410 20374_佛教九地研究_22 410 430
410 20408_佛教六度研究_22 410 430
410 20409_佛教十度研究_22 410 430
410 20443_佛教九想研究_22 410 430
410 20464_佛教六度研究_22 410 430
410 20465_佛教十度研究_22 410 430
410 20499_佛教九想研究_22 410 430
410 20606_佛教密宗經典_23 410 430
410 20607_佛教密宗論書_23 410 430
410 20608_佛教密宗儀軌_23 410 430
410 20609_佛教密宗灌頂_23 410 430
410 20611_佛教密宗法器_23 410 430
410 20612_佛教密宗護摩_23 410 430
410 20613_佛教密宗手印_23 410 430
410 20614_佛教密宗真言_23 410 430
410 20616_佛教密宗觀想_23 410 430
410 20617_佛教密宗修行_23 410 430
410 20618_佛教密宗成就_23 410 430
410 20619_佛教密宗神通_23 410 430
410 20620_佛教密宗治病_23 410 430
410 20621_佛教密宗延壽_23 410 430
410 20622_佛教密宗招財_23 410 430
410 20623_佛教密宗息災_23 410 430
410 20624_佛教密宗增益_23 410 430
410 20625_佛教密宗敬愛_23 410 430
410 20626_佛教密宗調伏_23 410 430
410 20627_佛教密宗誅法_23 410 430
410 20628_佛教密宗供養_23 410 430
410 20629_佛教密宗佈施_23 410 430
410 20630_佛教密宗持戒_23 410 430
410 20631_佛教密宗忍辱_23 410 430
410 20632_佛教密宗精進_23 410 430
410 20633_佛教密宗禪定_23 410 430
410 20634_佛教密宗般若_23 410 430
410 20635_佛教密宗方便_23 410 430
410 20639_佛教密宗慈悲_23 410 430
410 20640_佛教密宗喜舍_23 410 430
410 20644_佛教南傳戒律_23 410 430
410 20654_佛教藏傳戒律_23 410 430
410 20664_佛教漢傳戒律_23 410 430
410 20726_佛教中庸思想_23 410 430
410 20847_佛教十地研究_23 410 430
410 20854_佛教十地研究_23 410 430
410 20857_佛教三身研究_23 410 430
410 20879_佛教三界研究_23 410 430
410 20880_佛教九地研究_23 410 430
410 20914_佛教六度研究_23 410 430
410 20915_佛教十度研究_23 410 430
410 20949_佛教九想研究_23 410 430
410 20970_佛教六度研究_23 410 430
410 20971_佛教十度研究_23 410 430
410 21005_佛教九想研究_23 410 430
410 21112_佛教密宗經典_24 410 430
410 21113_佛教密宗論書_24 410 430
410 21114_佛教密宗儀軌_24 410 430
410 21115_佛教密宗灌頂_24 410 430
410 21117_佛教密宗法器_24 410 430
410 21118_佛教密宗護摩_24 410 430
410 21119_佛教密宗手印_24 410 430
410 21120_佛教密宗真言_24 410 430
410 21122_佛教密宗觀想_24 410 430
410 21123_佛教密宗修行_24 410 430
410 21124_佛教密宗成就_24 410 430
410 21125_佛教密宗神通_24 410 430
410 21126_佛教密宗治病_24 410 430
410 21127_佛教密宗延壽_24 410 430
410 21128_佛教密宗招財_24 410 430
410 21129_佛教密宗息災_24 410 430
410 21130_佛教密宗增益_24 410 430
410 21131_佛教密宗敬愛_24 410 430
410 21132_佛教密宗調伏_24 410 430
410 21133_佛教密宗誅法_24 410 430
410 21134_佛教密宗供養_24 410 430
410 21135_佛教密宗佈施_24 410 430
410 21136_佛教密宗持戒_24 410 430
410 21137_佛教密宗忍辱_24 410 430
410 21138_佛教密宗精進_24 410 430
410 21139_佛教密宗禪定_24 410 430
410 21140_佛教密宗般若_24 410 430
410 21141_佛教密宗方便_24 410 430
410 21145_佛教密宗慈悲_24 410 430
410 21146_佛教密宗喜舍_24 410 430
410 21150_佛教南傳戒律_24 410 430
410 21160_佛教藏傳戒律_24 410 430
410 21170_佛教漢傳戒律_24 410 430
410 21232_佛教中庸思想_24 410 430
410 21353_佛教十地研究_24 410 430
410 21360_佛教十地研究_24 410 430
410 21363_佛教三身研究_24 410 430
410 21385_佛教三界研究_24 410 430
410 21386_佛教九地研究_24 410 430
410 21420_佛教六度研究_24 410 430
410 21421_佛教十度研究_24 410 430
410 21455_佛教九想研究_24 410 430
410 21476_佛教六度研究_24 410 430
410 21477_佛教十度研究_24 410 430
410 21511_佛教九想研究_24 410 430
410 21618_佛教密宗經典_25 410 430
410 21619_佛教密宗論書_25 410 430
410 21620_佛教密宗儀軌_25 410 430
410 21621_佛教密宗灌頂_25 410 430
410 21623_佛教密宗法器_25 410 430
410 21624_佛教密宗護摩_25 410 430
410 21625_佛教密宗手印_25 410 430
410 21626_佛教密宗真言_25 410 430
410 21628_佛教密宗觀想_25 410 430
410 21629_佛教密宗修行_25 410 430
410 21630_佛教密宗成就_25 410 430
410 21631_佛教密宗神通_25 410 430
410 21632_佛教密宗治病_25 410 430
410 21633_佛教密宗延壽_25 410 430
410 21634_佛教密宗招財_25 410 430
410 21635_佛教密宗息災_25 410 430
410 21636_佛教密宗增益_25 410 430
410 21637_佛教密宗敬愛_25 410 430
410 21638_佛教密宗調伏_25 410 430
410 21639_佛教密宗誅法_25 410 430
410 21640_佛教密宗供養_25 410 430
410 21641_佛教密宗佈施_25 410 430
410 21642_佛教密宗持戒_25 410 430
410 21643_佛教密宗忍辱_25 410 430
410 21644_佛教密宗精進_25 410 430
410 21645_佛教密宗禪定_25 410 430
410 21646_佛教密宗般若_25 410 430
410 21647_佛教密宗方便_25 410 430
410 21651_佛教密宗慈悲_25 410 430
410 21652_佛教密宗喜舍_25 410 430
410 21656_佛教南傳戒律_25 410 430
410 21666_佛教藏傳戒律_25 410 430
410 21676_佛教漢傳戒律_25 410 430
410 21738_佛教中庸思想_25 410 430
410 21859_佛教十地研究_25 410 430
410 21866_佛教十地研究_25 410 430
410 21869_佛教三身研究_25 410 430
410 21891_佛教三界研究_25 410 430
410 21892_佛教九地研究_25 410 430
410 21926_佛教六度研究_25 410 430
410 21927_佛教十度研究_25 410 430
410 21961_佛教九想研究_25 410 430
410 21982_佛教六度研究_25 410 430
410 21983_佛教十度研究_25 410 430
410 22017_佛教九想研究_25 410 430
410 22124_佛教密宗經典_26 410 430
410 22125_佛教密宗論書_26 410 430
410 22126_佛教密宗儀軌_26 410 430
410 22127_佛教密宗灌頂_26 410 430
410 22129_佛教密宗法器_26 410 430
410 22130_佛教密宗護摩_26 410 430
410 22131_佛教密宗手印_26 410 430
410 22132_佛教密宗真言_26 410 430
410 22134_佛教密宗觀想_26 410 430
410 22135_佛教密宗修行_26 410 430
410 22136_佛教密宗成就_26 410 430
410 22137_佛教密宗神通_26 410 430
410 22138_佛教密宗治病_26 410 430
410 22139_佛教密宗延壽_26 410 430
410 22140_佛教密宗招財_26 410 430
410 22141_佛教密宗息災_26 410 430
410 22142_佛教密宗增益_26 410 430
410 22143_佛教密宗敬愛_26 410 430
410 22144_佛教密宗調伏_26 410 430
410 22145_佛教密宗誅法_26 410 430
410 22146_佛教密宗供養_26 410 430
410 22147_佛教密宗佈施_26 410 430
410 22148_佛教密宗持戒_26 410 430
410 22149_佛教密宗忍辱_26 410 430
410 22150_佛教密宗精進_26 410 430
410 22151_佛教密宗禪定_26 410 430
410 22152_佛教密宗般若_26 410 430
410 22153_佛教密宗方便_26 410 430
410 22157_佛教密宗慈悲_26 410 430
410 22158_佛教密宗喜舍_26 410 430
410 22162_佛教南傳戒律_26 410 430
410 22172_佛教藏傳戒律_26 410 430
410 22182_佛教漢傳戒律_26 410 430
410 22244_佛教中庸思想_26 410 430
410 22365_佛教十地研究_26 410 430
410 22372_佛教十地研究_26 410 430
410 22375_佛教三身研究_26 410 430
410 22397_佛教三界研究_26 410 430
410 22398_佛教九地研究_26 410 430
410 22432_佛教六度研究_26 410 430
410 22433_佛教十度研究_26 410 430
410 22467_佛教九想研究_26 410 430
410 22488_佛教六度研究_26 410 430
410 22489_佛教十度研究_26 410 430
410 22523_佛教九想研究_26 410 430
410 22630_佛教密宗經典_27 410 430
410 22631_佛教密宗論書_27 410 430
410 22632_佛教密宗儀軌_27 410 430
410 22633_佛教密宗灌頂_27 410 430
410 22635_佛教密宗法器_27 410 430
410 22636_佛教密宗護摩_27 410 430
410 22637_佛教密宗手印_27 410 430
410 22638_佛教密宗真言_27 410 430
410 22640_佛教密宗觀想_27 410 430
410 22641_佛教密宗修行_27 410 430
410 22642_佛教密宗成就_27 410 430
410 22643_佛教密宗神通_27 410 430
410 22644_佛教密宗治病_27 410 430
410 22645_佛教密宗延壽_27 410 430
410 22646_佛教密宗招財_27 410 430
410 22647_佛教密宗息災_27 410 430
410 22648_佛教密宗增益_27 410 430
410 22649_佛教密宗敬愛_27 410 430
410 22650_佛教密宗調伏_27 410 430
410 22651_佛教密宗誅法_27 410 430
410 22652_佛教密宗供養_27 410 430
410 22653_佛教密宗佈施_27 410 430
410 22654_佛教密宗持戒_27 410 430
410 22655_佛教密宗忍辱_27 410 430
410 22656_佛教密宗精進_27 410 430
410 22657_佛教密宗禪定_27 410 430
410 22658_佛教密宗般若_27 410 430
410 22659_佛教密宗方便_27 410 430
410 22663_佛教密宗慈悲_27 410 430
410 22664_佛教密宗喜舍_27 410 430
410 22668_佛教南傳戒律_27 410 430
410 22678_佛教藏傳戒律_27 410 430
410 22688_佛教漢傳戒律_27 410 430
410 22750_佛教中庸思想_27 410 430
410 22871_佛教十地研究_27 410 430
410 22878_佛教十地研究_27 410 430
410 22881_佛教三身研究_27 410 430
410 22903_佛教三界研究_27 410 430
410 22904_佛教九地研究_27 410 430
410 22938_佛教六度研究_27 410 430
410 22939_佛教十度研究_27 410 430
410 22973_佛教九想研究_27 410 430
410 22994_佛教六度研究_27 410 430
410 22995_佛教十度研究_27 410 430
410 23029_佛教九想研究_27 410 430
410 23136_佛教密宗經典_28 410 430
410 23137_佛教密宗論書_28 410 430
410 23138_佛教密宗儀軌_28 410 430
410 23139_佛教密宗灌頂_28 410 430
410 23141_佛教密宗法器_28 410 430
410 23142_佛教密宗護摩_28 410 430
410 23143_佛教密宗手印_28 410 430
410 23144_佛教密宗真言_28 410 430
410 23146_佛教密宗觀想_28 410 430
410 23147_佛教密宗修行_28 410 430
410 23148_佛教密宗成就_28 410 430
410 23149_佛教密宗神通_28 410 430
410 23150_佛教密宗治病_28 410 430
410 23151_佛教密宗延壽_28 410 430
410 23152_佛教密宗招財_28 410 430
410 23153_佛教密宗息災_28 410 430
410 23154_佛教密宗增益_28 410 430
410 23155_佛教密宗敬愛_28 410 430
410 23156_佛教密宗調伏_28 410 430
410 23157_佛教密宗誅法_28 410 430
410 23158_佛教密宗供養_28 410 430
410 23159_佛教密宗佈施_28 410 430
410 23160_佛教密宗持戒_28 410 430
410 23161_佛教密宗忍辱_28 410 430
410 23162_佛教密宗精進_28 410 430
410 23163_佛教密宗禪定_28 410 430
410 23164_佛教密宗般若_28 410 430
410 23165_佛教密宗方便_28 410 430
410 23169_佛教密宗慈悲_28 410 430
410 23170_佛教密宗喜舍_28 410 430
410 23174_佛教南傳戒律_28 410 430
410 23184_佛教藏傳戒律_28 410 430
410 23194_佛教漢傳戒律_28 410 430
410 23256_佛教中庸思想_28 410 430
410 23377_佛教十地研究_28 410 430
410 23384_佛教十地研究_28 410 430
410 23387_佛教三身研究_28 410 430
410 23409_佛教三界研究_28 410 430
410 23410_佛教九地研究_28 410 430
410 23444_佛教六度研究_28 410 430
410 23445_佛教十度研究_28 410 430
410 23479_佛教九想研究_28 410 430
410 23500_佛教六度研究_28 410 430
410 23501_佛教十度研究_28 410 430
410 23535_佛教九想研究_28 410 430
410 23642_佛教密宗經典_29 410 430
410 23643_佛教密宗論書_29 410 430
410 23644_佛教密宗儀軌_29 410 430
410 23645_佛教密宗灌頂_29 410 430
410 23647_佛教密宗法器_29 410 430
410 23648_佛教密宗護摩_29 410 430
410 23649_佛教密宗手印_29 410 430
410 23650_佛教密宗真言_29 410 430
410 23652_佛教密宗觀想_29 410 430
410 23653_佛教密宗修行_29 410 430
410 23654_佛教密宗成就_29 410 430
410 23655_佛教密宗神通_29 410 430
410 23656_佛教密宗治病_29 410 430
410 23657_佛教密宗延壽_29 410 430
410 23658_佛教密宗招財_29 410 430
410 23659_佛教密宗息災_29 410 430
410 23660_佛教密宗增益_29 410 430
410 23661_佛教密宗敬愛_29 410 430
410 23662_佛教密宗調伏_29 410 430
410 23663_佛教密宗誅法_29 410 430
410 23664_佛教密宗供養_29 410 430
410 23665_佛教密宗佈施_29 410 430
410 23666_佛教密宗持戒_29 410 430
410 23667_佛教密宗忍辱_29 410 430
410 23668_佛教密宗精進_29 410 430
410 23669_佛教密宗禪定_29 410 430
410 23670_佛教密宗般若_29 410 430
410 23671_佛教密宗方便_29 410 430
410 23675_佛教密宗慈悲_29 410 430
410 23676_佛教密宗喜舍_29 410 430
410 23680_佛教南傳戒律_29 410 430
410 23690_佛教藏傳戒律_29 410 430
410 23700_佛教漢傳戒律_29 410 430
410 23762_佛教中庸思想_29 410 430
410 23883_佛教十地研究_29 410 430
410 23890_佛教十地研究_29 410 430
410 23893_佛教三身研究_29 410 430
410 23915_佛教三界研究_29 410 430
410 23916_佛教九地研究_29 410 430
410 23950_佛教六度研究_29 410 430
410 23951_佛教十度研究_29 410 430
410 23985_佛教九想研究_29 410 430
410 24006_佛教六度研究_29 410 430
410 24007_佛教十度研究_29 410 430
410 24041_佛教九想研究_29 410 430
410 24148_佛教密宗經典_30 410 430
410 24149_佛教密宗論書_30 410 430
410 24150_佛教密宗儀軌_30 410 430
410 24151_佛教密宗灌頂_30 410 430
410 24153_佛教密宗法器_30 410 430
410 24154_佛教密宗護摩_30 410 430
410 24155_佛教密宗手印_30 410 430
410 24156_佛教密宗真言_30 410 430
410 24158_佛教密宗觀想_30 410 430
410 24159_佛教密宗修行_30 410 430
410 24160_佛教密宗成就_30 410 430
410 24161_佛教密宗神通_30 410 430
410 24162_佛教密宗治病_30 410 430
410 24163_佛教密宗延壽_30 410 430
410 24164_佛教密宗招財_30 410 430
410 24165_佛教密宗息災_30 410 430
410 24166_佛教密宗增益_30 410 430
410 24167_佛教密宗敬愛_30 410 430
410 24168_佛教密宗調伏_30 410 430
410 24169_佛教密宗誅法_30 410 430
410 24170_佛教密宗供養_30 410 430
410 24171_佛教密宗佈施_30 410 430
410 24172_佛教密宗持戒_30 410 430
410 24173_佛教密宗忍辱_30 410 430
410 24174_佛教密宗精進_30 410 430
410 24175_佛教密宗禪定_30 410 430
410 24176_佛教密宗般若_30 410 430
410 24177_佛教密宗方便_30 410 430
410 24181_佛教密宗慈悲_30 410 430
410 24182_佛教密宗喜舍_30 410 430
410 24186_佛教南傳戒律_30 410 430
410 24196_佛教藏傳戒律_30 410 430
410 24206_佛教漢傳戒律_30 410 430
410 24268_佛教中庸思想_30 410 430
410 24389_佛教十地研究_30 410 430
410 24396_佛教十地研究_30 410 430
410 24399_佛教三身研究_30 410 430
410 24421_佛教三界研究_30 410 430
410 24422_佛教九地研究_30 410 430
410 24456_佛教六度研究_30 410 430
410 24457_佛教十度研究_30 410 430
410 24491_佛教九想研究_30 410 430
410 24512_佛教六度研究_30 410 430
410 24513_佛教十度研究_30 410 430
410 24547_佛教九想研究_30 410 430
410 24654_佛教密宗經典_31 410 430
410 24655_佛教密宗論書_31 410 430
410 24656_佛教密宗儀軌_31 410 430
410 24657_佛教密宗灌頂_31 410 430
410 24659_佛教密宗法器_31 410 430
410 24660_佛教密宗護摩_31 410 430
410 24661_佛教密宗手印_31 410 430
410 24662_佛教密宗真言_31 410 430
410 24664_佛教密宗觀想_31 410 430
410 24665_佛教密宗修行_31 410 430
410 24666_佛教密宗成就_31 410 430
410 24667_佛教密宗神通_31 410 430
410 24668_佛教密宗治病_31 410 430
410 24669_佛教密宗延壽_31 410 430
410 24670_佛教密宗招財_31 410 430
410 24671_佛教密宗息災_31 410 430
410 24672_佛教密宗增益_31 410 430
410 24673_佛教密宗敬愛_31 410 430
410 24674_佛教密宗調伏_31 410 430
410 24675_佛教密宗誅法_31 410 430
410 24676_佛教密宗供養_31 410 430
410 24677_佛教密宗佈施_31 410 430
410 24678_佛教密宗持戒_31 410 430
410 24679_佛教密宗忍辱_31 410 430
410 24680_佛教密宗精進_31 410 430
410 24681_佛教密宗禪定_31 410 430
410 24682_佛教密宗般若_31 410 430
410 24683_佛教密宗方便_31 410 430
410 24687_佛教密宗慈悲_31 410 430
410 24688_佛教密宗喜舍_31 410 430
410 24692_佛教南傳戒律_31 410 430
410 24702_佛教藏傳戒律_31 410 430
410 24712_佛教漢傳戒律_31 410 430
410 24774_佛教中庸思想_31 410 430
410 24895_佛教十地研究_31 410 430
410 24902_佛教十地研究_31 410 430
410 24905_佛教三身研究_31 410 430
410 24927_佛教三界研究_31 410 430
410 24928_佛教九地研究_31 410 430
410 24962_佛教六度研究_31 410 430
410 24963_佛教十度研究_31 410 430
410 24997_佛教九想研究_31 410 430
410 25018_佛教六度研究_31 410 430
410 25019_佛教十度研究_31 410 430
410 25053_佛教九想研究_31 410 430
410 25160_佛教密宗經典_32 410 430
410 25161_佛教密宗論書_32 410 430
410 25162_佛教密宗儀軌_32 410 430
410 25163_佛教密宗灌頂_32 410 430
410 25165_佛教密宗法器_32 410 430
410 25166_佛教密宗護摩_32 410 430
410 25167_佛教密宗手印_32 410 430
410 25168_佛教密宗真言_32 410 430
410 25170_佛教密宗觀想_32 410 430
410 25171_佛教密宗修行_32 410 430
410 25172_佛教密宗成就_32 410 430
410 25173_佛教密宗神通_32 410 430
410 25174_佛教密宗治病_32 410 430
410 25175_佛教密宗延壽_32 410 430
410 25176_佛教密宗招財_32 410 430
410 25177_佛教密宗息災_32 410 430
410 25178_佛教密宗增益_32 410 430
410 25179_佛教密宗敬愛_32 410 430
410 25180_佛教密宗調伏_32 410 430
410 25181_佛教密宗誅法_32 410 430
410 25182_佛教密宗供養_32 410 430
410 25183_佛教密宗佈施_32 410 430
410 25184_佛教密宗持戒_32 410 430
410 25185_佛教密宗忍辱_32 410 430
410 25186_佛教密宗精進_32 410 430
410 25187_佛教密宗禪定_32 410 430
410 25188_佛教密宗般若_32 410 430
410 25189_佛教密宗方便_32 410 430
410 25193_佛教密宗慈悲_32 410 430
410 25194_佛教密宗喜舍_32 410 430
410 25198_佛教南傳戒律_32 410 430
410 25208_佛教藏傳戒律_32 410 430
410 25218_佛教漢傳戒律_32 410 430
410 25280_佛教中庸思想_32 410 430
410 25401_佛教十地研究_32 410 430
410 25408_佛教十地研究_32 410 430
410 25411_佛教三身研究_32 410 430
410 25433_佛教三界研究_32 410 430
410 25434_佛教九地研究_32 410 430
410 25468_佛教六度研究_32 410 430
410 25469_佛教十度研究_32 410 430
410 25503_佛教九想研究_32 410 430
410 25524_佛教六度研究_32 410 430
410 25525_佛教十度研究_32 410 430
410 25559_佛教九想研究_32 410 430
410 25666_佛教密宗經典_33 410 430
410 25667_佛教密宗論書_33 410 430
410 25668_佛教密宗儀軌_33 410 430
410 25669_佛教密宗灌頂_33 410 430
410 25671_佛教密宗法器_33 410 430
410 25672_佛教密宗護摩_33 410 430
410 25673_佛教密宗手印_33 410 430
410 25674_佛教密宗真言_33 410 430
410 25676_佛教密宗觀想_33 410 430
410 25677_佛教密宗修行_33 410 430
410 25678_佛教密宗成就_33 410 430
410 25679_佛教密宗神通_33 410 430
410 25680_佛教密宗治病_33 410 430
410 25681_佛教密宗延壽_33 410 430
410 25682_佛教密宗招財_33 410 430
410 25683_佛教密宗息災_33 410 430
410 25684_佛教密宗增益_33 410 430
410 25685_佛教密宗敬愛_33 410 430
410 25686_佛教密宗調伏_33 410 430
410 25687_佛教密宗誅法_33 410 430
410 25688_佛教密宗供養_33 410 430
410 25689_佛教密宗佈施_33 410 430
410 25690_佛教密宗持戒_33 410 430
410 25691_佛教密宗忍辱_33 410 430
410 25692_佛教密宗精進_33 410 430
410 25693_佛教密宗禪定_33 410 430
410 25694_佛教密宗般若_33 410 430
410 25695_佛教密宗方便_33 410 430
410 25699_佛教密宗慈悲_33 410 430
410 25700_佛教密宗喜舍_33 410 430
410 25704_佛教南傳戒律_33 410 430
410 25714_佛教藏傳戒律_33 410 430
410 25724_佛教漢傳戒律_33 410 430
410 25786_佛教中庸思想_33 410 430
410 25907_佛教十地研究_33 410 430
410 25914_佛教十地研究_33 410 430
410 25917_佛教三身研究_33 410 430
410 25939_佛教三界研究_33 410 430
410 25940_佛教九地研究_33 410 430
410 25974_佛教六度研究_33 410 430
410 25975_佛教十度研究_33 410 430
410 26009_佛教九想研究_33 410 430
410 26030_佛教六度研究_33 410 430
410 26031_佛教十度研究_33 410 430
410 26065_佛教九想研究_33 410 430
410 26172_佛教密宗經典_34 410 430
410 26173_佛教密宗論書_34 410 430
410 26174_佛教密宗儀軌_34 410 430
410 26175_佛教密宗灌頂_34 410 430
410 26177_佛教密宗法器_34 410 430
410 26178_佛教密宗護摩_34 410 430
410 26179_佛教密宗手印_34 410 430
410 26180_佛教密宗真言_34 410 430
410 26182_佛教密宗觀想_34 410 430
410 26183_佛教密宗修行_34 410 430
410 26184_佛教密宗成就_34 410 430
410 26185_佛教密宗神通_34 410 430
410 26186_佛教密宗治病_34 410 430
410 26187_佛教密宗延壽_34 410 430
410 26188_佛教密宗招財_34 410 430
410 26189_佛教密宗息災_34 410 430
410 26190_佛教密宗增益_34 410 430
410 26191_佛教密宗敬愛_34 410 430
410 26192_佛教密宗調伏_34 410 430
410 26193_佛教密宗誅法_34 410 430
410 26194_佛教密宗供養_34 410 430
410 26195_佛教密宗佈施_34 410 430
410 26196_佛教密宗持戒_34 410 430
410 26197_佛教密宗忍辱_34 410 430
410 26198_佛教密宗精進_34 410 430
410 26199_佛教密宗禪定_34 410 430
410 26200_佛教密宗般若_34 410 430
410 26201_佛教密宗方便_34 410 430
410 26205_佛教密宗慈悲_34 410 430
410 26206_佛教密宗喜舍_34 410 430
410 26210_佛教南傳戒律_34 410 430
410 26220_佛教藏傳戒律_34 410 430
410 26230_佛教漢傳戒律_34 410 430
410 26292_佛教中庸思想_34 410 430
410 26413_佛教十地研究_34 410 430
410 26420_佛教十地研究_34 410 430
410 26423_佛教三身研究_34 410 430
410 26445_佛教三界研究_34 410 430
410 26446_佛教九地研究_34 410 430
410 26480_佛教六度研究_34 410 430
410 26481_佛教十度研究_34 410 430
410 26515_佛教九想研究_34 410 430
410 26536_佛教六度研究_34 410 430
410 26537_佛教十度研究_34 410 430
410 26571_佛教九想研究_34 410 430
410 26678_佛教密宗經典_35 410 430
410 26679_佛教密宗論書_35 410 430
410 26680_佛教密宗儀軌_35 410 430
410 26681_佛教密宗灌頂_35 410 430
410 26683_佛教密宗法器_35 410 430
410 26684_佛教密宗護摩_35 410 430
410 26685_佛教密宗手印_35 410 430
410 26686_佛教密宗真言_35 410 430
410 26688_佛教密宗觀想_35 410 430
410 26689_佛教密宗修行_35 410 430
410 26690_佛教密宗成就_35 410 430
410 26691_佛教密宗神通_35 410 430
410 26692_佛教密宗治病_35 410 430
410 26693_佛教密宗延壽_35 410 430
410 26694_佛教密宗招財_35 410 430
410 26695_佛教密宗息災_35 410 430
410 26696_佛教密宗增益_35 410 430
410 26697_佛教密宗敬愛_35 410 430
410 26698_佛教密宗調伏_35 410 430
410 26699_佛教密宗誅法_35 410 430
410 26700_佛教密宗供養_35 410 430
410 26701_佛教密宗佈施_35 410 430
410 26702_佛教密宗持戒_35 410 430
410 26703_佛教密宗忍辱_35 410 430
410 26704_佛教密宗精進_35 410 430
410 26705_佛教密宗禪定_35 410 430
410 26706_佛教密宗般若_35 410 430
410 26707_佛教密宗方便_35 410 430
410 26711_佛教密宗慈悲_35 410 430
410 26712_佛教密宗喜舍_35 410 430
410 26716_佛教南傳戒律_35 410 430
410 26726_佛教藏傳戒律_35 410 430
410 26736_佛教漢傳戒律_35 410 430
410 26798_佛教中庸思想_35 410 430
410 26919_佛教十地研究_35 410 430
410 26926_佛教十地研究_35 410 430
410 26929_佛教三身研究_35 410 430
410 26951_佛教三界研究_35 410 430
410 26952_佛教九地研究_35 410 430
410 26986_佛教六度研究_35 410 430
410 26987_佛教十度研究_35 410 430
410 27021_佛教九想研究_35 410 430
410 27042_佛教六度研究_35 410 430
410 27043_佛教十度研究_35 410 430
410 27077_佛教九想研究_35 410 430
410 27184_佛教密宗經典_36 410 430
410 27185_佛教密宗論書_36 410 430
410 27186_佛教密宗儀軌_36 410 430
410 27187_佛教密宗灌頂_36 410 430
410 27189_佛教密宗法器_36 410 430
410 27190_佛教密宗護摩_36 410 430
410 27191_佛教密宗手印_36 410 430
410 27192_佛教密宗真言_36 410 430
410 27194_佛教密宗觀想_36 410 430
410 27195_佛教密宗修行_36 410 430
410 27196_佛教密宗成就_36 410 430
410 27197_佛教密宗神通_36 410 430
410 27198_佛教密宗治病_36 410 430
410 27199_佛教密宗延壽_36 410 430
410 27200_佛教密宗招財_36 410 430
410 27201_佛教密宗息災_36 410 430
410 27202_佛教密宗增益_36 410 430
410 27203_佛教密宗敬愛_36 410 430
410 27204_佛教密宗調伏_36 410 430
410 27205_佛教密宗誅法_36 410 430
410 27206_佛教密宗供養_36 410 430
410 27207_佛教密宗佈施_36 410 430
410 27208_佛教密宗持戒_36 410 430
410 27209_佛教密宗忍辱_36 410 430
410 27210_佛教密宗精進_36 410 430
410 27211_佛教密宗禪定_36 410 430
410 27212_佛教密宗般若_36 410 430
410 27213_佛教密宗方便_36 410 430
410 27217_佛教密宗慈悲_36 410 430
410 27218_佛教密宗喜舍_36 410 430
410 27222_佛教南傳戒律_36 410 430
410 27232_佛教藏傳戒律_36 410 430
410 27242_佛教漢傳戒律_36 410 430
410 27304_佛教中庸思想_36 410 430
410 27425_佛教十地研究_36 410 430
410 27432_佛教十地研究_36 410 430
410 27435_佛教三身研究_36 410 430
410 27457_佛教三界研究_36 410 430
410 27458_佛教九地研究_36 410 430
410 27492_佛教六度研究_36 410 430
410 27493_佛教十度研究_36 410 430
410 27527_佛教九想研究_36 410 430
410 27548_佛教六度研究_36 410 430
410 27549_佛教十度研究_36 410 430
410 27583_佛教九想研究_36 410 430
410 27690_佛教密宗經典_37 410 430
410 27691_佛教密宗論書_37 410 430
410 27692_佛教密宗儀軌_37 410 430
410 27693_佛教密宗灌頂_37 410 430
410 27695_佛教密宗法器_37 410 430
410 27696_佛教密宗護摩_37 410 430
410 27697_佛教密宗手印_37 410 430
410 27698_佛教密宗真言_37 410 430
410 27700_佛教密宗觀想_37 410 430
410 27701_佛教密宗修行_37 410 430
410 27702_佛教密宗成就_37 410 430
410 27703_佛教密宗神通_37 410 430
410 27704_佛教密宗治病_37 410 430
410 27705_佛教密宗延壽_37 410 430
410 27706_佛教密宗招財_37 410 430
410 27707_佛教密宗息災_37 410 430
410 27708_佛教密宗增益_37 410 430
410 27709_佛教密宗敬愛_37 410 430
410 27710_佛教密宗調伏_37 410 430
410 27711_佛教密宗誅法_37 410 430
410 27712_佛教密宗供養_37 410 430
410 27713_佛教密宗佈施_37 410 430
410 27714_佛教密宗持戒_37 410 430
410 27715_佛教密宗忍辱_37 410 430
410 27716_佛教密宗精進_37 410 430
410 27717_佛教密宗禪定_37 410 430
410 27718_佛教密宗般若_37 410 430
410 27719_佛教密宗方便_37 410 430
410 27723_佛教密宗慈悲_37 410 430
410 27724_佛教密宗喜舍_37 410 430
410 27728_佛教南傳戒律_37 410 430
410 27738_佛教藏傳戒律_37 410 430
410 27748_佛教漢傳戒律_37 410 430
410 27810_佛教中庸思想_37 410 430
410 27931_佛教十地研究_37 410 430
410 27938_佛教十地研究_37 410 430
410 27941_佛教三身研究_37 410 430
410 27963_佛教三界研究_37 410 430
410 27964_佛教九地研究_37 410 430
410 27998_佛教六度研究_37 410 430
410 27999_佛教十度研究_37 410 430
410 28033_佛教九想研究_37 410 430
410 28054_佛教六度研究_37 410 430
410 28055_佛教十度研究_37 410 430
410 28089_佛教九想研究_37 410 430
410 28196_佛教密宗經典_38 410 430
410 28197_佛教密宗論書_38 410 430
410 28198_佛教密宗儀軌_38 410 430
410 28199_佛教密宗灌頂_38 410 430
410 28201_佛教密宗法器_38 410 430
410 28202_佛教密宗護摩_38 410 430
410 28203_佛教密宗手印_38 410 430
410 28204_佛教密宗真言_38 410 430
410 28206_佛教密宗觀想_38 410 430
410 28207_佛教密宗修行_38 410 430
410 28208_佛教密宗成就_38 410 430
410 28209_佛教密宗神通_38 410 430
410 28210_佛教密宗治病_38 410 430
410 28211_佛教密宗延壽_38 410 430
410 28212_佛教密宗招財_38 410 430
410 28213_佛教密宗息災_38 410 430
410 28214_佛教密宗增益_38 410 430
410 28215_佛教密宗敬愛_38 410 430
410 28216_佛教密宗調伏_38 410 430
410 28217_佛教密宗誅法_38 410 430
410 28218_佛教密宗供養_38 410 430
410 28219_佛教密宗佈施_38 410 430
410 28220_佛教密宗持戒_38 410 430
410 28221_佛教密宗忍辱_38 410 430
410 28222_佛教密宗精進_38 410 430
410 28223_佛教密宗禪定_38 410 430
410 28224_佛教密宗般若_38 410 430
410 28225_佛教密宗方便_38 410 430
410 28229_佛教密宗慈悲_38 410 430
410 28230_佛教密宗喜舍_38 410 430
410 28234_佛教南傳戒律_38 410 430
410 28244_佛教藏傳戒律_38 410 430
410 28254_佛教漢傳戒律_38 410 430
410 28316_佛教中庸思想_38 410 430
410 28437_佛教十地研究_38 410 430
410 28444_佛教十地研究_38 410 430
410 28447_佛教三身研究_38 410 430
410 28469_佛教三界研究_38 410 430
410 28470_佛教九地研究_38 410 430
410 28504_佛教六度研究_38 410 430
410 28505_佛教十度研究_38 410 430
410 28539_佛教九想研究_38 410 430
410 28560_佛教六度研究_38 410 430
410 28561_佛教十度研究_38 410 430
410 28595_佛教九想研究_38 410 430
410 28702_佛教密宗經典_39 410 430
410 28703_佛教密宗論書_39 410 430
410 28704_佛教密宗儀軌_39 410 430
410 28705_佛教密宗灌頂_39 410 430
410 28707_佛教密宗法器_39 410 430
410 28708_佛教密宗護摩_39 410 430
410 28709_佛教密宗手印_39 410 430
410 28710_佛教密宗真言_39 410 430
410 28712_佛教密宗觀想_39 410 430
410 28713_佛教密宗修行_39 410 430
410 28714_佛教密宗成就_39 410 430
410 28715_佛教密宗神通_39 410 430
410 28716_佛教密宗治病_39 410 430
410 28717_佛教密宗延壽_39 410 430
410 28718_佛教密宗招財_39 410 430
410 28719_佛教密宗息災_39 410 430
410 28720_佛教密宗增益_39 410 430
410 28721_佛教密宗敬愛_39 410 430
410 28722_佛教密宗調伏_39 410 430
410 28723_佛教密宗誅法_39 410 430
410 28724_佛教密宗供養_39 410 430
410 28725_佛教密宗佈施_39 410 430
410 28726_佛教密宗持戒_39 410 430
410 28727_佛教密宗忍辱_39 410 430
410 28728_佛教密宗精進_39 410 430
410 28729_佛教密宗禪定_39 410 430
410 28730_佛教密宗般若_39 410 430
410 28731_佛教密宗方便_39 410 430
410 28735_佛教密宗慈悲_39 410 430
410 28736_佛教密宗喜舍_39 410 430
410 28740_佛教南傳戒律_39 410 430
410 28750_佛教藏傳戒律_39 410 430
410 28760_佛教漢傳戒律_39 410 430
410 28822_佛教中庸思想_39 410 430
410 28943_佛教十地研究_39 410 430
410 28950_佛教十地研究_39 410 430
410 28953_佛教三身研究_39 410 430
410 28975_佛教三界研究_39 410 430
410 28976_佛教九地研究_39 410 430
410 29010_佛教六度研究_39 410 430
410 29011_佛教十度研究_39 410 430
410 29045_佛教九想研究_39 410 430
410 29066_佛教六度研究_39 410 430
410 29067_佛教十度研究_39 410 430
410 29101_佛教九想研究_39 410 430
410 29208_佛教密宗經典_40 410 430
410 29209_佛教密宗論書_40 410 430
410 29210_佛教密宗儀軌_40 410 430
410 29211_佛教密宗灌頂_40 410 430
410 29213_佛教密宗法器_40 410 430
410 29214_佛教密宗護摩_40 410 430
410 29215_佛教密宗手印_40 410 430
410 29216_佛教密宗真言_40 410 430
410 29218_佛教密宗觀想_40 410 430
410 29219_佛教密宗修行_40 410 430
410 29220_佛教密宗成就_40 410 430
410 29221_佛教密宗神通_40 410 430
410 29222_佛教密宗治病_40 410 430
410 29223_佛教密宗延壽_40 410 430
410 29224_佛教密宗招財_40 410 430
410 29225_佛教密宗息災_40 410 430
410 29226_佛教密宗增益_40 410 430
410 29227_佛教密宗敬愛_40 410 430
410 29228_佛教密宗調伏_40 410 430
410 29229_佛教密宗誅法_40 410 430
410 29230_佛教密宗供養_40 410 430
410 29231_佛教密宗佈施_40 410 430
410 29232_佛教密宗持戒_40 410 430
410 29233_佛教密宗忍辱_40 410 430
410 29234_佛教密宗精進_40 410 430
410 29235_佛教密宗禪定_40 410 430
410 29236_佛教密宗般若_40 410 430
410 29237_佛教密宗方便_40 410 430
410 29241_佛教密宗慈悲_40 410 430
410 29242_佛教密宗喜舍_40 410 430
410 29246_佛教南傳戒律_40 410 430
410 29256_佛教藏傳戒律_40 410 430
410 29266_佛教漢傳戒律_40 410 430
410 29328_佛教中庸思想_40 410 430
410 29449_佛教十地研究_40 410 430
410 29456_佛教十地研究_40 410 430
410 29459_佛教三身研究_40 410 430
410 29481_佛教三界研究_40 410 430
410 29482_佛教九地研究_40 410 430
410 29516_佛教六度研究_40 410 430
410 29517_佛教十度研究_40 410 430
410 29551_佛教九想研究_40 410 430
410 29572_佛教六度研究_40 410 430
410 29573_佛教十度研究_40 410 430
410 29607_佛教九想研究_40 410 430
411 01524_攝大乘論無性釋 411 411
412 01978_普賢行願品疏 412 645
412 02796_佛教東南亞經典 412 435
412 02801_佛教尼泊爾經典 412 435
412 02806_佛教柬埔寨經典 412 435
412 02814_佛教俄羅斯經典 412 435
412 02817_佛教大洋洲經典 412 435
414 01520_攝大乘論 414 416
414 01946_梵網經疏 414 512
414 01951_三聚懺悔經疏 414 541
414 02515_南傳大藏經注 414 431
414 02520_南傳本生經注 414 431
414 02521_南傳法句經注 414 431
414 02522_南傳長老偈注 414 431
414 02524_南傳佛種姓注 414 431
414 02525_南傳所行藏注 414 431
414 02526_南傳本行藏注 414 431
414 02528_南傳天宮事注 414 431
414 02529_南傳餓鬼事注 414 431
414 02532_南傳如是語注 414 431
414 02535_南傳吉祥經注 414 431
414 02537_南傳慈悲經注 414 431
414 02538_南傳三皈依注 414 431
414 02540_南傳自說經注 414 431
414 02541_南傳本事經注 414 431
414 02542_南傳增支部注 414 431
414 02543_南傳相應部注 414 431
414 02552_南傳發趣論注 414 431
414 02560_南傳佛牙史注 414 431
414 02706_佛教華嚴宗譜 414 431
414 02707_佛教淨土宗譜 414 431
414 02714_佛教涅槃宗譜 414 431
414 02724_佛教淨土經典 414 431
414 02725_佛教淨土論書 414 431
414 02726_佛教淨土註疏 414 431
414 02727_佛教淨土儀軌 414 431
414 02728_佛教淨土感應 414 431
414 02765_佛教南傳經典 414 431
414 02766_佛教南傳論書 414 431
414 02767_佛教南傳禪修 414 431
414 02769_佛教南傳歷史 414 431
414 02770_佛教南傳寺院 414 431
414 02771_佛教南傳儀式 414 431
414 02772_佛教南傳節日 414 431
414 02773_佛教南傳藝術 414 431
414 02774_佛教南傳建築 414 431
414 02775_佛教藏傳經典 414 431
414 02776_佛教藏傳論書 414 431
414 02777_佛教藏傳禪修 414 431
414 02779_佛教藏傳歷史 414 431
414 02780_佛教藏傳寺院 414 431
414 02781_佛教藏傳儀式 414 431
414 02782_佛教藏傳節日 414 431
414 02783_佛教藏傳藝術 414 431
414 02784_佛教藏傳建築 414 431
414 02785_佛教漢傳經典 414 431
414 02786_佛教漢傳論書 414 431
414 02787_佛教漢傳禪修 414 431
414 02789_佛教漢傳歷史 414 431
414 02790_佛教漢傳寺院 414 431
414 02791_佛教漢傳儀式 414 431
414 02792_佛教漢傳節日 414 431
414 02793_佛教漢傳藝術 414 431
414 02794_佛教漢傳建築 414 431
414 02885_佛教華嚴宗譜_1 414 431
414 02886_佛教淨土宗譜_1 414 431
414 02893_佛教涅槃宗譜_1 414 431
414 03072_佛教涅槃宗譜_2 414 431
414 03251_佛教涅槃宗譜_3 414 431
414 03430_佛教涅槃宗譜_4 414 431
414 03609_佛教涅槃宗譜_5 414 431
414 03788_佛教涅槃宗譜_6 414 431
414 03967_佛教涅槃宗譜_7 414 431
414 04146_佛教涅槃宗譜_8 414 431
414 04325_佛教涅槃宗譜_9 414 431
414 04504_佛教涅槃宗譜_10 414 431
414 04733_佛教涅槃宗譜 414 431
414 04973_佛教涅槃研究 414 431
414 05239_佛教涅槃宗譜_1 414 431
414 05479_佛教涅槃研究_1 414 431
414 05745_佛教涅槃宗譜_2 414 431
414 05985_佛教涅槃研究_2 414 431
414 06251_佛教涅槃宗譜_3 414 431
414 06491_佛教涅槃研究_3 414 431
414 06757_佛教涅槃宗譜_4 414 431
414 06997_佛教涅槃研究_4 414 431
414 07263_佛教涅槃宗譜_5 414 431
414 07503_佛教涅槃研究_5 414 431
414 07769_佛教涅槃宗譜_6 414 431
414 08009_佛教涅槃研究_6 414 431
414 08275_佛教涅槃宗譜_7 414 431
414 08515_佛教涅槃研究_7 414 431
414 08781_佛教涅槃宗譜_8 414 431
414 08952_佛教涅槃宗譜 414 431
414 09192_佛教涅槃研究 414 431
414 09458_佛教涅槃宗譜_1 414 431
414 09698_佛教涅槃研究_1 414 431
414 09964_佛教涅槃宗譜_2 414 431
414 10204_佛教涅槃研究_2 414 431
414 10470_佛教涅槃宗譜_3 414 431
414 10710_佛教涅槃研究_3 414 431
414 10976_佛教涅槃宗譜_4 414 431
414 11216_佛教涅槃研究_4 414 431
414 11482_佛教涅槃宗譜_5 414 431
414 11722_佛教涅槃研究_5 414 431
414 11988_佛教涅槃宗譜_6 414 431
414 12228_佛教涅槃研究_6 414 431
414 12494_佛教涅槃宗譜_7 414 431
414 12734_佛教涅槃研究_7 414 431
414 13000_佛教涅槃宗譜_8 414 431
414 13240_佛教涅槃研究_8 414 431
414 13506_佛教涅槃宗譜_9 414 431
414 13746_佛教涅槃研究_9 414 431
414 14012_佛教涅槃宗譜_10 414 431
414 14252_佛教涅槃研究_10 414 431
414 14518_佛教涅槃宗譜_11 414 431
414 14758_佛教涅槃研究_11 414 431
414 15024_佛教涅槃宗譜_12 414 431
414 15264_佛教涅槃研究_12 414 431
414 15530_佛教涅槃宗譜_13 414 431
414 15770_佛教涅槃研究_13 414 431
414 16036_佛教涅槃宗譜_14 414 431
414 16276_佛教涅槃研究_14 414 431
414 16542_佛教涅槃宗譜_15 414 431
414 16782_佛教涅槃研究_15 414 431
414 17048_佛教涅槃宗譜_16 414 431
414 17288_佛教涅槃研究_16 414 431
414 17554_佛教涅槃宗譜_17 414 431
414 17794_佛教涅槃研究_17 414 431
414 18060_佛教涅槃宗譜_18 414 431
414 18300_佛教涅槃研究_18 414 431
414 18566_佛教涅槃宗譜_19 414 431
414 18806_佛教涅槃研究_19 414 431
414 19072_佛教涅槃宗譜_20 414 431
414 19312_佛教涅槃研究_20 414 431
414 19578_佛教涅槃宗譜_21 414 431
414 19818_佛教涅槃研究_21 414 431
414 20084_佛教涅槃宗譜_22 414 431
414 20324_佛教涅槃研究_22 414 431
414 20590_佛教涅槃宗譜_23 414 431
414 20830_佛教涅槃研究_23 414 431
414 21096_佛教涅槃宗譜_24 414 431
414 21336_佛教涅槃研究_24 414 431
414 21602_佛教涅槃宗譜_25 414 431
414 21842_佛教涅槃研究_25 414 431
414 22108_佛教涅槃宗譜_26 414 431
414 22348_佛教涅槃研究_26 414 431
414 22614_佛教涅槃宗譜_27 414 431
414 22854_佛教涅槃研究_27 414 431
414 23120_佛教涅槃宗譜_28 414 431
414 23360_佛教涅槃研究_28 414 431
414 23626_佛教涅槃宗譜_29 414 431
414 23866_佛教涅槃研究_29 414 431
414 24132_佛教涅槃宗譜_30 414 431
414 24372_佛教涅槃研究_30 414 431
414 24638_佛教涅槃宗譜_31 414 431
414 24878_佛教涅槃研究_31 414 431
414 25144_佛教涅槃宗譜_32 414 431
414 25384_佛教涅槃研究_32 414 431
414 25650_佛教涅槃宗譜_33 414 431
414 25890_佛教涅槃研究_33 414 431
414 26156_佛教涅槃宗譜_34 414 431
414 26396_佛教涅槃研究_34 414 431
414 26662_佛教涅槃宗譜_35 414 431
414 26902_佛教涅槃研究_35 414 431
414 27168_佛教涅槃宗譜_36 414 431
414 27408_佛教涅槃研究_36 414 431
414 27674_佛教涅槃宗譜_37 414 431
414 27914_佛教涅槃研究_37 414 431
414 28180_佛教涅槃宗譜_38 414 431
414 28420_佛教涅槃研究_38 414 431
414 28686_佛教涅槃宗譜_39 414 431
414 28926_佛教涅槃研究_39 414 431
414 29192_佛教涅槃宗譜_40 414 431
414 29432_佛教涅槃研究_40 414 431
415 01846_苯教界部 415 576
416 02621_格魯派戒律心髓 416 436
416 02622_格魯派密宗心髓 416 436
416 02722_佛教禪宗寺院志 416 436
416 02723_佛教禪宗名山志 416 436
416 02734_佛教密宗曼荼羅 416 436
416 02739_佛教密宗種子字 416 436
416 02810_佛教菲律賓經典 416 436
416 02913_佛教密宗曼荼羅_1 416 436
416 02918_佛教密宗種子字_1 416 436
416 02989_佛教菲律賓經典_1 416 436
416 03092_佛教密宗曼荼羅_2 416 436
416 03097_佛教密宗種子字_2 416 436
416 03168_佛教菲律賓經典_2 416 436
416 03271_佛教密宗曼荼羅_3 416 436
416 03276_佛教密宗種子字_3 416 436
416 03347_佛教菲律賓經典_3 416 436
416 03450_佛教密宗曼荼羅_4 416 436
416 03455_佛教密宗種子字_4 416 436
416 03526_佛教菲律賓經典_4 416 436
416 03629_佛教密宗曼荼羅_5 416 436
416 03634_佛教密宗種子字_5 416 436
416 03705_佛教菲律賓經典_5 416 436
416 03808_佛教密宗曼荼羅_6 416 436
416 03813_佛教密宗種子字_6 416 436
416 03884_佛教菲律賓經典_6 416 436
416 03987_佛教密宗曼荼羅_7 416 436
416 03992_佛教密宗種子字_7 416 436
416 04063_佛教菲律賓經典_7 416 436
416 04166_佛教密宗曼荼羅_8 416 436
416 04171_佛教密宗種子字_8 416 436
416 04242_佛教菲律賓經典_8 416 436
416 04345_佛教密宗曼荼羅_9 416 436
416 04350_佛教密宗種子字_9 416 436
416 04421_佛教菲律賓經典_9 416 436
416 04524_佛教密宗曼荼羅_10 416 436
416 04529_佛教密宗種子字_10 416 436
416 04600_佛教菲律賓經典_10 416 436
416 04753_佛教密宗曼荼羅 416 436
416 04758_佛教密宗種子字 416 436
416 04829_佛教菲律賓經典 416 436
416 04901_佛教計算機視覺 416 436
416 04908_佛教聊天機器人 416 436
416 04914_佛教分佈式賬本 416 436
416 04922_佛教心理物理學 416 436
416 04923_佛教心理生理學 416 436
416 04924_佛教心理病理學 416 436
416 04930_佛教發展心理學 416 436
416 04931_佛教社會心理學 416 436
416 04932_佛教人格心理學 416 436
416 04933_佛教臨牀心理學 416 436
416 04934_佛教健康心理學 416 436
416 04935_佛教教育心理學 416 436
416 04936_佛教工業心理學 416 436
416 04937_佛教法律心理學 416 436
416 04938_佛教環境心理學 416 436
416 04939_佛教運動心理學 416 436
416 04940_佛教消費心理學 416 436
416 04941_佛教廣告心理學 416 436
416 04942_佛教組織心理學 416 436
416 04943_佛教管理心理學 416 436
416 04944_佛教領導心理學 416 436
416 04945_佛教決策心理學 416 436
416 04946_佛教創新心理學 416 436
416 04947_佛教創業心理學 416 436
416 04948_佛教投資心理學 416 436
416 04949_佛教金融心理學 416 436
416 04950_佛教政治心理學 416 436
416 04951_佛教軍事心理學 416 436
416 04952_佛教航空心理學 416 436
416 04953_佛教交通心理學 416 436
416 04954_佛教安全心理學 416 436
416 04955_佛教災難心理學 416 436
416 04956_佛教應激心理學 416 436
416 04957_佛教創傷心理學 416 436
416 04958_佛教康復心理學 416 436
416 04959_佛教積極心理學 416 436
416 04960_佛教幸福心理學 416 436
416 04961_佛教意義心理學 416 436
416 04962_佛教存在心理學 416 436
416 04963_佛教超越心理學 416 436
416 04964_佛教靈性心理學 416 436
416 04983_佛教阿修羅研究 416 436
416 04995_佛教十回向研究 416 436
416 05005_佛教四無畏研究 416 436
416 05027_佛教四聖諦研究 416 436
416 05028_佛教八正道研究 416 436
416 05030_佛教七覺支研究 416 436
416 05031_佛教八正道研究 416 436
416 05032_佛教四念處研究 416 436
416 05033_佛教四正勤研究 416 436
416 05034_佛教四神足研究 416 436
416 05037_佛教七覺支研究 416 436
416 05038_佛教八正道研究 416 436
416 05039_佛教八解脫研究 416 436
416 05040_佛教八勝處研究 416 436
416 05043_佛教十遍處研究 416 436
416 05045_佛教通明禪研究 416 436
416 05046_佛教不淨觀研究 416 436
416 05047_佛教慈悲觀研究 416 436
416 05048_佛教因緣觀研究 416 436
416 05050_佛教數息觀研究 416 436
416 05052_佛教持息念研究 416 436
416 05054_佛教四梵住研究 416 436
416 05055_佛教四護淨研究 416 436
416 05056_佛教四攝法研究 416 436
416 05060_佛教四攝事研究 416 436
416 05063_佛教四攝受研究 416 436
416 05064_佛教四依止研究 416 436
416 05065_佛教四依法研究 416 436
416 05066_佛教四料簡研究 416 436
416 05067_佛教四賓主研究 416 436
416 05068_佛教四照用研究 416 436
416 05069_佛教四料揀研究 416 436
416 05070_佛教四法印研究 416 436
416 05071_佛教四依止研究 416 436
416 05072_佛教四悉檀研究 416 436
416 05076_佛教四真實研究 416 436
416 05077_佛教四清淨研究 416 436
416 05078_佛教四圓滿研究 416 436
416 05079_佛教四究竟研究 416 436
416 05080_佛教四成就研究 416 436
416 05081_佛教四自在研究 416 436
416 05082_佛教四無畏研究 416 436
416 05084_佛教四無礙研究 416 436
416 05085_佛教四無量研究 416 436
416 05086_佛教四梵住研究 416 436
416 05087_佛教四禪定研究 416 436
416 05088_佛教四空定研究 416 436
416 05090_佛教四禪定研究 416 436
416 05096_佛教十遍處研究 416 436
416 05097_佛教八解脫研究 416 436
416 05098_佛教八勝處研究 416 436
416 05099_佛教十遍處研究 416 436
416 05101_佛教通明禪研究 416 436
416 05102_佛教不淨觀研究 416 436
416 05103_佛教慈悲觀研究 416 436
416 05104_佛教因緣觀研究 416 436
416 05106_佛教數息觀研究 416 436
416 05108_佛教持息念研究 416 436
416 05110_佛教四梵住研究 416 436
416 05111_佛教四護淨研究 416 436
416 05112_佛教四攝法研究 416 436
416 05116_佛教四攝事研究 416 436
416 05119_佛教四攝受研究 416 436
416 05120_佛教四依止研究 416 436
416 05121_佛教四依法研究 416 436
416 05127_佛教四依止研究 416 436
416 05138_佛教四無畏研究 416 436
416 05142_佛教四梵住研究 416 436
416 05143_佛教四禪定研究 416 436
416 05146_佛教四禪定研究 416 436
416 05152_佛教十遍處研究 416 436
416 05153_佛教八解脫研究 416 436
416 05154_佛教八勝處研究 416 436
416 05155_佛教十遍處研究 416 436
416 05157_佛教通明禪研究 416 436
416 05158_佛教不淨觀研究 416 436
416 05159_佛教慈悲觀研究 416 436
416 05160_佛教因緣觀研究 416 436
416 05162_佛教數息觀研究 416 436
416 05164_佛教持息念研究 416 436
416 05259_佛教密宗曼荼羅_1 416 436
416 05264_佛教密宗種子字_1 416 436
416 05335_佛教菲律賓經典_1 416 436
416 05443_佛教法律心理學_1 416 436
416 05511_佛教四無畏研究_1 416 436
416 05534_佛教八正道研究_1 416 436
416 05536_佛教七覺支研究_1 416 436
416 05537_佛教八正道研究_1 416 436
416 05543_佛教七覺支研究_1 416 436
416 05544_佛教八正道研究_1 416 436
416 05545_佛教八解脫研究_1 416 436
416 05546_佛教八勝處研究_1 416 436
416 05549_佛教十遍處研究_1 416 436
416 05551_佛教通明禪研究_1 416 436
416 05552_佛教不淨觀研究_1 416 436
416 05553_佛教慈悲觀研究_1 416 436
416 05554_佛教因緣觀研究_1 416 436
416 05556_佛教數息觀研究_1 416 436
416 05558_佛教持息念研究_1 416 436
416 05560_佛教四梵住研究_1 416 436
416 05561_佛教四護淨研究_1 416 436
416 05562_佛教四攝法研究_1 416 436
416 05566_佛教四攝事研究_1 416 436
416 05569_佛教四攝受研究_1 416 436
416 05570_佛教四依止研究_1 416 436
416 05571_佛教四依法研究_1 416 436
416 05577_佛教四依止研究_1 416 436
416 05588_佛教四無畏研究_1 416 436
416 05592_佛教四梵住研究_1 416 436
416 05593_佛教四禪定研究_1 416 436
416 05596_佛教四禪定研究_1 416 436
416 05602_佛教十遍處研究_1 416 436
416 05603_佛教八解脫研究_1 416 436
416 05604_佛教八勝處研究_1 416 436
416 05605_佛教十遍處研究_1 416 436
416 05607_佛教通明禪研究_1 416 436
416 05608_佛教不淨觀研究_1 416 436
416 05609_佛教慈悲觀研究_1 416 436
416 05610_佛教因緣觀研究_1 416 436
416 05612_佛教數息觀研究_1 416 436
416 05614_佛教持息念研究_1 416 436
416 05616_佛教四梵住研究_1 416 436
416 05617_佛教四護淨研究_1 416 436
416 05618_佛教四攝法研究_1 416 436
416 05622_佛教四攝事研究_1 416 436
416 05625_佛教四攝受研究_1 416 436
416 05626_佛教四依止研究_1 416 436
416 05627_佛教四依法研究_1 416 436
416 05633_佛教四依止研究_1 416 436
416 05644_佛教四無畏研究_1 416 436
416 05648_佛教四梵住研究_1 416 436
416 05649_佛教四禪定研究_1 416 436
416 05652_佛教四禪定研究_1 416 436
416 05658_佛教十遍處研究_1 416 436
416 05659_佛教八解脫研究_1 416 436
416 05660_佛教八勝處研究_1 416 436
416 05661_佛教十遍處研究_1 416 436
416 05663_佛教通明禪研究_1 416 436
416 05664_佛教不淨觀研究_1 416 436
416 05665_佛教慈悲觀研究_1 416 436
416 05666_佛教因緣觀研究_1 416 436
416 05668_佛教數息觀研究_1 416 436
416 05670_佛教持息念研究_1 416 436
416 05765_佛教密宗曼荼羅_2 416 436
416 05770_佛教密宗種子字_2 416 436
416 05841_佛教菲律賓經典_2 416 436
416 05949_佛教法律心理學_2 416 436
416 06017_佛教四無畏研究_2 416 436
416 06040_佛教八正道研究_2 416 436
416 06042_佛教七覺支研究_2 416 436
416 06043_佛教八正道研究_2 416 436
416 06049_佛教七覺支研究_2 416 436
416 06050_佛教八正道研究_2 416 436
416 06051_佛教八解脫研究_2 416 436
416 06052_佛教八勝處研究_2 416 436
416 06055_佛教十遍處研究_2 416 436
416 06057_佛教通明禪研究_2 416 436
416 06058_佛教不淨觀研究_2 416 436
416 06059_佛教慈悲觀研究_2 416 436
416 06060_佛教因緣觀研究_2 416 436
416 06062_佛教數息觀研究_2 416 436
416 06064_佛教持息念研究_2 416 436
416 06066_佛教四梵住研究_2 416 436
416 06067_佛教四護淨研究_2 416 436
416 06068_佛教四攝法研究_2 416 436
416 06072_佛教四攝事研究_2 416 436
416 06075_佛教四攝受研究_2 416 436
416 06076_佛教四依止研究_2 416 436
416 06077_佛教四依法研究_2 416 436
416 06083_佛教四依止研究_2 416 436
416 06094_佛教四無畏研究_2 416 436
416 06098_佛教四梵住研究_2 416 436
416 06099_佛教四禪定研究_2 416 436
416 06102_佛教四禪定研究_2 416 436
416 06108_佛教十遍處研究_2 416 436
416 06109_佛教八解脫研究_2 416 436
416 06110_佛教八勝處研究_2 416 436
416 06111_佛教十遍處研究_2 416 436
416 06113_佛教通明禪研究_2 416 436
416 06114_佛教不淨觀研究_2 416 436
416 06115_佛教慈悲觀研究_2 416 436
416 06116_佛教因緣觀研究_2 416 436
416 06118_佛教數息觀研究_2 416 436
416 06120_佛教持息念研究_2 416 436
416 06122_佛教四梵住研究_2 416 436
416 06123_佛教四護淨研究_2 416 436
416 06124_佛教四攝法研究_2 416 436
416 06128_佛教四攝事研究_2 416 436
416 06131_佛教四攝受研究_2 416 436
416 06132_佛教四依止研究_2 416 436
416 06133_佛教四依法研究_2 416 436
416 06139_佛教四依止研究_2 416 436
416 06150_佛教四無畏研究_2 416 436
416 06154_佛教四梵住研究_2 416 436
416 06155_佛教四禪定研究_2 416 436
416 06158_佛教四禪定研究_2 416 436
416 06164_佛教十遍處研究_2 416 436
416 06165_佛教八解脫研究_2 416 436
416 06166_佛教八勝處研究_2 416 436
416 06167_佛教十遍處研究_2 416 436
416 06169_佛教通明禪研究_2 416 436
416 06170_佛教不淨觀研究_2 416 436
416 06171_佛教慈悲觀研究_2 416 436
416 06172_佛教因緣觀研究_2 416 436
416 06174_佛教數息觀研究_2 416 436
416 06176_佛教持息念研究_2 416 436
416 06271_佛教密宗曼荼羅_3 416 436
416 06276_佛教密宗種子字_3 416 436
416 06347_佛教菲律賓經典_3 416 436
416 06455_佛教法律心理學_3 416 436
416 06523_佛教四無畏研究_3 416 436
416 06546_佛教八正道研究_3 416 436
416 06548_佛教七覺支研究_3 416 436
416 06549_佛教八正道研究_3 416 436
416 06555_佛教七覺支研究_3 416 436
416 06556_佛教八正道研究_3 416 436
416 06557_佛教八解脫研究_3 416 436
416 06558_佛教八勝處研究_3 416 436
416 06561_佛教十遍處研究_3 416 436
416 06563_佛教通明禪研究_3 416 436
416 06564_佛教不淨觀研究_3 416 436
416 06565_佛教慈悲觀研究_3 416 436
416 06566_佛教因緣觀研究_3 416 436
416 06568_佛教數息觀研究_3 416 436
416 06570_佛教持息念研究_3 416 436
416 06572_佛教四梵住研究_3 416 436
416 06573_佛教四護淨研究_3 416 436
416 06574_佛教四攝法研究_3 416 436
416 06578_佛教四攝事研究_3 416 436
416 06581_佛教四攝受研究_3 416 436
416 06582_佛教四依止研究_3 416 436
416 06583_佛教四依法研究_3 416 436
416 06589_佛教四依止研究_3 416 436
416 06600_佛教四無畏研究_3 416 436
416 06604_佛教四梵住研究_3 416 436
416 06605_佛教四禪定研究_3 416 436
416 06608_佛教四禪定研究_3 416 436
416 06614_佛教十遍處研究_3 416 436
416 06615_佛教八解脫研究_3 416 436
416 06616_佛教八勝處研究_3 416 436
416 06617_佛教十遍處研究_3 416 436
416 06619_佛教通明禪研究_3 416 436
416 06620_佛教不淨觀研究_3 416 436
416 06621_佛教慈悲觀研究_3 416 436
416 06622_佛教因緣觀研究_3 416 436
416 06624_佛教數息觀研究_3 416 436
416 06626_佛教持息念研究_3 416 436
416 06628_佛教四梵住研究_3 416 436
416 06629_佛教四護淨研究_3 416 436
416 06630_佛教四攝法研究_3 416 436
416 06634_佛教四攝事研究_3 416 436
416 06637_佛教四攝受研究_3 416 436
416 06638_佛教四依止研究_3 416 436
416 06639_佛教四依法研究_3 416 436
416 06645_佛教四依止研究_3 416 436
416 06656_佛教四無畏研究_3 416 436
416 06660_佛教四梵住研究_3 416 436
416 06661_佛教四禪定研究_3 416 436
416 06664_佛教四禪定研究_3 416 436
416 06670_佛教十遍處研究_3 416 436
416 06671_佛教八解脫研究_3 416 436
416 06672_佛教八勝處研究_3 416 436
416 06673_佛教十遍處研究_3 416 436
416 06675_佛教通明禪研究_3 416 436
416 06676_佛教不淨觀研究_3 416 436
416 06677_佛教慈悲觀研究_3 416 436
416 06678_佛教因緣觀研究_3 416 436
416 06680_佛教數息觀研究_3 416 436
416 06682_佛教持息念研究_3 416 436
416 06777_佛教密宗曼荼羅_4 416 436
416 06782_佛教密宗種子字_4 416 436
416 06853_佛教菲律賓經典_4 416 436
416 06961_佛教法律心理學_4 416 436
416 07029_佛教四無畏研究_4 416 436
416 07052_佛教八正道研究_4 416 436
416 07054_佛教七覺支研究_4 416 436
416 07055_佛教八正道研究_4 416 436
416 07061_佛教七覺支研究_4 416 436
416 07062_佛教八正道研究_4 416 436
416 07063_佛教八解脫研究_4 416 436
416 07064_佛教八勝處研究_4 416 436
416 07067_佛教十遍處研究_4 416 436
416 07069_佛教通明禪研究_4 416 436
416 07070_佛教不淨觀研究_4 416 436
416 07071_佛教慈悲觀研究_4 416 436
416 07072_佛教因緣觀研究_4 416 436
416 07074_佛教數息觀研究_4 416 436
416 07076_佛教持息念研究_4 416 436
416 07078_佛教四梵住研究_4 416 436
416 07079_佛教四護淨研究_4 416 436
416 07080_佛教四攝法研究_4 416 436
416 07084_佛教四攝事研究_4 416 436
416 07087_佛教四攝受研究_4 416 436
416 07088_佛教四依止研究_4 416 436
416 07089_佛教四依法研究_4 416 436
416 07095_佛教四依止研究_4 416 436
416 07106_佛教四無畏研究_4 416 436
416 07110_佛教四梵住研究_4 416 436
416 07111_佛教四禪定研究_4 416 436
416 07114_佛教四禪定研究_4 416 436
416 07120_佛教十遍處研究_4 416 436
416 07121_佛教八解脫研究_4 416 436
416 07122_佛教八勝處研究_4 416 436
416 07123_佛教十遍處研究_4 416 436
416 07125_佛教通明禪研究_4 416 436
416 07126_佛教不淨觀研究_4 416 436
416 07127_佛教慈悲觀研究_4 416 436
416 07128_佛教因緣觀研究_4 416 436
416 07130_佛教數息觀研究_4 416 436
416 07132_佛教持息念研究_4 416 436
416 07134_佛教四梵住研究_4 416 436
416 07135_佛教四護淨研究_4 416 436
416 07136_佛教四攝法研究_4 416 436
416 07140_佛教四攝事研究_4 416 436
416 07143_佛教四攝受研究_4 416 436
416 07144_佛教四依止研究_4 416 436
416 07145_佛教四依法研究_4 416 436
416 07151_佛教四依止研究_4 416 436
416 07162_佛教四無畏研究_4 416 436
416 07166_佛教四梵住研究_4 416 436
416 07167_佛教四禪定研究_4 416 436
416 07170_佛教四禪定研究_4 416 436
416 07176_佛教十遍處研究_4 416 436
416 07177_佛教八解脫研究_4 416 436
416 07178_佛教八勝處研究_4 416 436
416 07179_佛教十遍處研究_4 416 436
416 07181_佛教通明禪研究_4 416 436
416 07182_佛教不淨觀研究_4 416 436
416 07183_佛教慈悲觀研究_4 416 436
416 07184_佛教因緣觀研究_4 416 436
416 07186_佛教數息觀研究_4 416 436
416 07188_佛教持息念研究_4 416 436
416 07283_佛教密宗曼荼羅_5 416 436
416 07288_佛教密宗種子字_5 416 436
416 07359_佛教菲律賓經典_5 416 436
416 07467_佛教法律心理學_5 416 436
416 07535_佛教四無畏研究_5 416 436
416 07558_佛教八正道研究_5 416 436
416 07560_佛教七覺支研究_5 416 436
416 07561_佛教八正道研究_5 416 436
416 07567_佛教七覺支研究_5 416 436
416 07568_佛教八正道研究_5 416 436
416 07569_佛教八解脫研究_5 416 436
416 07570_佛教八勝處研究_5 416 436
416 07573_佛教十遍處研究_5 416 436
416 07575_佛教通明禪研究_5 416 436
416 07576_佛教不淨觀研究_5 416 436
416 07577_佛教慈悲觀研究_5 416 436
416 07578_佛教因緣觀研究_5 416 436
416 07580_佛教數息觀研究_5 416 436
416 07582_佛教持息念研究_5 416 436
416 07584_佛教四梵住研究_5 416 436
416 07585_佛教四護淨研究_5 416 436
416 07586_佛教四攝法研究_5 416 436
416 07590_佛教四攝事研究_5 416 436
416 07593_佛教四攝受研究_5 416 436
416 07594_佛教四依止研究_5 416 436
416 07595_佛教四依法研究_5 416 436
416 07601_佛教四依止研究_5 416 436
416 07612_佛教四無畏研究_5 416 436
416 07616_佛教四梵住研究_5 416 436
416 07617_佛教四禪定研究_5 416 436
416 07620_佛教四禪定研究_5 416 436
416 07626_佛教十遍處研究_5 416 436
416 07627_佛教八解脫研究_5 416 436
416 07628_佛教八勝處研究_5 416 436
416 07629_佛教十遍處研究_5 416 436
416 07631_佛教通明禪研究_5 416 436
416 07632_佛教不淨觀研究_5 416 436
416 07633_佛教慈悲觀研究_5 416 436
416 07634_佛教因緣觀研究_5 416 436
416 07636_佛教數息觀研究_5 416 436
416 07638_佛教持息念研究_5 416 436
416 07640_佛教四梵住研究_5 416 436
416 07641_佛教四護淨研究_5 416 436
416 07642_佛教四攝法研究_5 416 436
416 07646_佛教四攝事研究_5 416 436
416 07649_佛教四攝受研究_5 416 436
416 07650_佛教四依止研究_5 416 436
416 07651_佛教四依法研究_5 416 436
416 07657_佛教四依止研究_5 416 436
416 07668_佛教四無畏研究_5 416 436
416 07672_佛教四梵住研究_5 416 436
416 07673_佛教四禪定研究_5 416 436
416 07676_佛教四禪定研究_5 416 436
416 07682_佛教十遍處研究_5 416 436
416 07683_佛教八解脫研究_5 416 436
416 07684_佛教八勝處研究_5 416 436
416 07685_佛教十遍處研究_5 416 436
416 07687_佛教通明禪研究_5 416 436
416 07688_佛教不淨觀研究_5 416 436
416 07689_佛教慈悲觀研究_5 416 436
416 07690_佛教因緣觀研究_5 416 436
416 07692_佛教數息觀研究_5 416 436
416 07694_佛教持息念研究_5 416 436
416 07789_佛教密宗曼荼羅_6 416 436
416 07794_佛教密宗種子字_6 416 436
416 07865_佛教菲律賓經典_6 416 436
416 07973_佛教法律心理學_6 416 436
416 08041_佛教四無畏研究_6 416 436
416 08064_佛教八正道研究_6 416 436
416 08066_佛教七覺支研究_6 416 436
416 08067_佛教八正道研究_6 416 436
416 08073_佛教七覺支研究_6 416 436
416 08074_佛教八正道研究_6 416 436
416 08075_佛教八解脫研究_6 416 436
416 08076_佛教八勝處研究_6 416 436
416 08079_佛教十遍處研究_6 416 436
416 08081_佛教通明禪研究_6 416 436
416 08082_佛教不淨觀研究_6 416 436
416 08083_佛教慈悲觀研究_6 416 436
416 08084_佛教因緣觀研究_6 416 436
416 08086_佛教數息觀研究_6 416 436
416 08088_佛教持息念研究_6 416 436
416 08090_佛教四梵住研究_6 416 436
416 08091_佛教四護淨研究_6 416 436
416 08092_佛教四攝法研究_6 416 436
416 08096_佛教四攝事研究_6 416 436
416 08099_佛教四攝受研究_6 416 436
416 08100_佛教四依止研究_6 416 436
416 08101_佛教四依法研究_6 416 436
416 08107_佛教四依止研究_6 416 436
416 08118_佛教四無畏研究_6 416 436
416 08122_佛教四梵住研究_6 416 436
416 08123_佛教四禪定研究_6 416 436
416 08126_佛教四禪定研究_6 416 436
416 08132_佛教十遍處研究_6 416 436
416 08133_佛教八解脫研究_6 416 436
416 08134_佛教八勝處研究_6 416 436
416 08135_佛教十遍處研究_6 416 436
416 08137_佛教通明禪研究_6 416 436
416 08138_佛教不淨觀研究_6 416 436
416 08139_佛教慈悲觀研究_6 416 436
416 08140_佛教因緣觀研究_6 416 436
416 08142_佛教數息觀研究_6 416 436
416 08144_佛教持息念研究_6 416 436
416 08146_佛教四梵住研究_6 416 436
416 08147_佛教四護淨研究_6 416 436
416 08148_佛教四攝法研究_6 416 436
416 08152_佛教四攝事研究_6 416 436
416 08155_佛教四攝受研究_6 416 436
416 08156_佛教四依止研究_6 416 436
416 08157_佛教四依法研究_6 416 436
416 08163_佛教四依止研究_6 416 436
416 08174_佛教四無畏研究_6 416 436
416 08178_佛教四梵住研究_6 416 436
416 08179_佛教四禪定研究_6 416 436
416 08182_佛教四禪定研究_6 416 436
416 08188_佛教十遍處研究_6 416 436
416 08189_佛教八解脫研究_6 416 436
416 08190_佛教八勝處研究_6 416 436
416 08191_佛教十遍處研究_6 416 436
416 08193_佛教通明禪研究_6 416 436
416 08194_佛教不淨觀研究_6 416 436
416 08195_佛教慈悲觀研究_6 416 436
416 08196_佛教因緣觀研究_6 416 436
416 08198_佛教數息觀研究_6 416 436
416 08200_佛教持息念研究_6 416 436
416 08295_佛教密宗曼荼羅_7 416 436
416 08300_佛教密宗種子字_7 416 436
416 08371_佛教菲律賓經典_7 416 436
416 08479_佛教法律心理學_7 416 436
416 08547_佛教四無畏研究_7 416 436
416 08570_佛教八正道研究_7 416 436
416 08572_佛教七覺支研究_7 416 436
416 08573_佛教八正道研究_7 416 436
416 08579_佛教七覺支研究_7 416 436
416 08580_佛教八正道研究_7 416 436
416 08581_佛教八解脫研究_7 416 436
416 08582_佛教八勝處研究_7 416 436
416 08585_佛教十遍處研究_7 416 436
416 08587_佛教通明禪研究_7 416 436
416 08588_佛教不淨觀研究_7 416 436
416 08589_佛教慈悲觀研究_7 416 436
416 08590_佛教因緣觀研究_7 416 436
416 08592_佛教數息觀研究_7 416 436
416 08594_佛教持息念研究_7 416 436
416 08596_佛教四梵住研究_7 416 436
416 08597_佛教四護淨研究_7 416 436
416 08598_佛教四攝法研究_7 416 436
416 08602_佛教四攝事研究_7 416 436
416 08605_佛教四攝受研究_7 416 436
416 08606_佛教四依止研究_7 416 436
416 08607_佛教四依法研究_7 416 436
416 08613_佛教四依止研究_7 416 436
416 08624_佛教四無畏研究_7 416 436
416 08628_佛教四梵住研究_7 416 436
416 08629_佛教四禪定研究_7 416 436
416 08632_佛教四禪定研究_7 416 436
416 08638_佛教十遍處研究_7 416 436
416 08639_佛教八解脫研究_7 416 436
416 08640_佛教八勝處研究_7 416 436
416 08641_佛教十遍處研究_7 416 436
416 08643_佛教通明禪研究_7 416 436
416 08644_佛教不淨觀研究_7 416 436
416 08645_佛教慈悲觀研究_7 416 436
416 08646_佛教因緣觀研究_7 416 436
416 08648_佛教數息觀研究_7 416 436
416 08650_佛教持息念研究_7 416 436
416 08652_佛教四梵住研究_7 416 436
416 08653_佛教四護淨研究_7 416 436
416 08654_佛教四攝法研究_7 416 436
416 08658_佛教四攝事研究_7 416 436
416 08661_佛教四攝受研究_7 416 436
416 08662_佛教四依止研究_7 416 436
416 08663_佛教四依法研究_7 416 436
416 08669_佛教四依止研究_7 416 436
416 08680_佛教四無畏研究_7 416 436
416 08684_佛教四梵住研究_7 416 436
416 08685_佛教四禪定研究_7 416 436
416 08688_佛教四禪定研究_7 416 436
416 08694_佛教十遍處研究_7 416 436
416 08695_佛教八解脫研究_7 416 436
416 08696_佛教八勝處研究_7 416 436
416 08697_佛教十遍處研究_7 416 436
416 08699_佛教通明禪研究_7 416 436
416 08700_佛教不淨觀研究_7 416 436
416 08701_佛教慈悲觀研究_7 416 436
416 08702_佛教因緣觀研究_7 416 436
416 08704_佛教數息觀研究_7 416 436
416 08706_佛教持息念研究_7 416 436
416 08801_佛教密宗曼荼羅_8 416 436
416 08806_佛教密宗種子字_8 416 436
416 08877_佛教菲律賓經典_8 416 436
416 08972_佛教密宗曼荼羅 416 436
416 08977_佛教密宗種子字 416 436
416 09048_佛教菲律賓經典 416 436
416 09156_佛教法律心理學 416 436
416 09224_佛教四無畏研究 416 436
416 09247_佛教八正道研究 416 436
416 09249_佛教七覺支研究 416 436
416 09250_佛教八正道研究 416 436
416 09256_佛教七覺支研究 416 436
416 09257_佛教八正道研究 416 436
416 09258_佛教八解脫研究 416 436
416 09259_佛教八勝處研究 416 436
416 09262_佛教十遍處研究 416 436
416 09264_佛教通明禪研究 416 436
416 09265_佛教不淨觀研究 416 436
416 09266_佛教慈悲觀研究 416 436
416 09267_佛教因緣觀研究 416 436
416 09269_佛教數息觀研究 416 436
416 09271_佛教持息念研究 416 436
416 09273_佛教四梵住研究 416 436
416 09274_佛教四護淨研究 416 436
416 09275_佛教四攝法研究 416 436
416 09279_佛教四攝事研究 416 436
416 09282_佛教四攝受研究 416 436
416 09283_佛教四依止研究 416 436
416 09284_佛教四依法研究 416 436
416 09290_佛教四依止研究 416 436
416 09301_佛教四無畏研究 416 436
416 09305_佛教四梵住研究 416 436
416 09306_佛教四禪定研究 416 436
416 09309_佛教四禪定研究 416 436
416 09315_佛教十遍處研究 416 436
416 09316_佛教八解脫研究 416 436
416 09317_佛教八勝處研究 416 436
416 09318_佛教十遍處研究 416 436
416 09320_佛教通明禪研究 416 436
416 09321_佛教不淨觀研究 416 436
416 09322_佛教慈悲觀研究 416 436
416 09323_佛教因緣觀研究 416 436
416 09325_佛教數息觀研究 416 436
416 09327_佛教持息念研究 416 436
416 09329_佛教四梵住研究 416 436
416 09330_佛教四護淨研究 416 436
416 09331_佛教四攝法研究 416 436
416 09335_佛教四攝事研究 416 436
416 09338_佛教四攝受研究 416 436
416 09339_佛教四依止研究 416 436
416 09340_佛教四依法研究 416 436
416 09346_佛教四依止研究 416 436
416 09357_佛教四無畏研究 416 436
416 09361_佛教四梵住研究 416 436
416 09362_佛教四禪定研究 416 436
416 09365_佛教四禪定研究 416 436
416 09371_佛教十遍處研究 416 436
416 09372_佛教八解脫研究 416 436
416 09373_佛教八勝處研究 416 436
416 09374_佛教十遍處研究 416 436
416 09376_佛教通明禪研究 416 436
416 09377_佛教不淨觀研究 416 436
416 09378_佛教慈悲觀研究 416 436
416 09379_佛教因緣觀研究 416 436
416 09381_佛教數息觀研究 416 436
416 09383_佛教持息念研究 416 436
416 09478_佛教密宗曼荼羅_1 416 436
416 09483_佛教密宗種子字_1 416 436
416 09554_佛教菲律賓經典_1 416 436
416 09662_佛教法律心理學_1 416 436
416 09730_佛教四無畏研究_1 416 436
416 09753_佛教八正道研究_1 416 436
416 09755_佛教七覺支研究_1 416 436
416 09756_佛教八正道研究_1 416 436
416 09762_佛教七覺支研究_1 416 436
416 09763_佛教八正道研究_1 416 436
416 09764_佛教八解脫研究_1 416 436
416 09765_佛教八勝處研究_1 416 436
416 09768_佛教十遍處研究_1 416 436
416 09770_佛教通明禪研究_1 416 436
416 09771_佛教不淨觀研究_1 416 436
416 09772_佛教慈悲觀研究_1 416 436
416 09773_佛教因緣觀研究_1 416 436
416 09775_佛教數息觀研究_1 416 436
416 09777_佛教持息念研究_1 416 436
416 09779_佛教四梵住研究_1 416 436
416 09780_佛教四護淨研究_1 416 436
416 09781_佛教四攝法研究_1 416 436
416 09785_佛教四攝事研究_1 416 436
416 09788_佛教四攝受研究_1 416 436
416 09789_佛教四依止研究_1 416 436
416 09790_佛教四依法研究_1 416 436
416 09796_佛教四依止研究_1 416 436
416 09807_佛教四無畏研究_1 416 436
416 09811_佛教四梵住研究_1 416 436
416 09812_佛教四禪定研究_1 416 436
416 09815_佛教四禪定研究_1 416 436
416 09821_佛教十遍處研究_1 416 436
416 09822_佛教八解脫研究_1 416 436
416 09823_佛教八勝處研究_1 416 436
416 09824_佛教十遍處研究_1 416 436
416 09826_佛教通明禪研究_1 416 436
416 09827_佛教不淨觀研究_1 416 436
416 09828_佛教慈悲觀研究_1 416 436
416 09829_佛教因緣觀研究_1 416 436
416 09831_佛教數息觀研究_1 416 436
416 09833_佛教持息念研究_1 416 436
416 09835_佛教四梵住研究_1 416 436
416 09836_佛教四護淨研究_1 416 436
416 09837_佛教四攝法研究_1 416 436
416 09841_佛教四攝事研究_1 416 436
416 09844_佛教四攝受研究_1 416 436
416 09845_佛教四依止研究_1 416 436
416 09846_佛教四依法研究_1 416 436
416 09852_佛教四依止研究_1 416 436
416 09863_佛教四無畏研究_1 416 436
416 09867_佛教四梵住研究_1 416 436
416 09868_佛教四禪定研究_1 416 436
416 09871_佛教四禪定研究_1 416 436
416 09877_佛教十遍處研究_1 416 436
416 09878_佛教八解脫研究_1 416 436
416 09879_佛教八勝處研究_1 416 436
416 09880_佛教十遍處研究_1 416 436
416 09882_佛教通明禪研究_1 416 436
416 09883_佛教不淨觀研究_1 416 436
416 09884_佛教慈悲觀研究_1 416 436
416 09885_佛教因緣觀研究_1 416 436
416 09887_佛教數息觀研究_1 416 436
416 09889_佛教持息念研究_1 416 436
416 09984_佛教密宗曼荼羅_2 416 436
416 09989_佛教密宗種子字_2 416 436
416 10060_佛教菲律賓經典_2 416 436
416 10168_佛教法律心理學_2 416 436
416 10236_佛教四無畏研究_2 416 436
416 10259_佛教八正道研究_2 416 436
416 10261_佛教七覺支研究_2 416 436
416 10262_佛教八正道研究_2 416 436
416 10268_佛教七覺支研究_2 416 436
416 10269_佛教八正道研究_2 416 436
416 10270_佛教八解脫研究_2 416 436
416 10271_佛教八勝處研究_2 416 436
416 10274_佛教十遍處研究_2 416 436
416 10276_佛教通明禪研究_2 416 436
416 10277_佛教不淨觀研究_2 416 436
416 10278_佛教慈悲觀研究_2 416 436
416 10279_佛教因緣觀研究_2 416 436
416 10281_佛教數息觀研究_2 416 436
416 10283_佛教持息念研究_2 416 436
416 10285_佛教四梵住研究_2 416 436
416 10286_佛教四護淨研究_2 416 436
416 10287_佛教四攝法研究_2 416 436
416 10291_佛教四攝事研究_2 416 436
416 10294_佛教四攝受研究_2 416 436
416 10295_佛教四依止研究_2 416 436
416 10296_佛教四依法研究_2 416 436
416 10302_佛教四依止研究_2 416 436
416 10313_佛教四無畏研究_2 416 436
416 10317_佛教四梵住研究_2 416 436
416 10318_佛教四禪定研究_2 416 436
416 10321_佛教四禪定研究_2 416 436
416 10327_佛教十遍處研究_2 416 436
416 10328_佛教八解脫研究_2 416 436
416 10329_佛教八勝處研究_2 416 436
416 10330_佛教十遍處研究_2 416 436
416 10332_佛教通明禪研究_2 416 436
416 10333_佛教不淨觀研究_2 416 436
416 10334_佛教慈悲觀研究_2 416 436
416 10335_佛教因緣觀研究_2 416 436
416 10337_佛教數息觀研究_2 416 436
416 10339_佛教持息念研究_2 416 436
416 10341_佛教四梵住研究_2 416 436
416 10342_佛教四護淨研究_2 416 436
416 10343_佛教四攝法研究_2 416 436
416 10347_佛教四攝事研究_2 416 436
416 10350_佛教四攝受研究_2 416 436
416 10351_佛教四依止研究_2 416 436
416 10352_佛教四依法研究_2 416 436
416 10358_佛教四依止研究_2 416 436
416 10369_佛教四無畏研究_2 416 436
416 10373_佛教四梵住研究_2 416 436
416 10374_佛教四禪定研究_2 416 436
416 10377_佛教四禪定研究_2 416 436
416 10383_佛教十遍處研究_2 416 436
416 10384_佛教八解脫研究_2 416 436
416 10385_佛教八勝處研究_2 416 436
416 10386_佛教十遍處研究_2 416 436
416 10388_佛教通明禪研究_2 416 436
416 10389_佛教不淨觀研究_2 416 436
416 10390_佛教慈悲觀研究_2 416 436
416 10391_佛教因緣觀研究_2 416 436
416 10393_佛教數息觀研究_2 416 436
416 10395_佛教持息念研究_2 416 436
416 10490_佛教密宗曼荼羅_3 416 436
416 10495_佛教密宗種子字_3 416 436
416 10566_佛教菲律賓經典_3 416 436
416 10674_佛教法律心理學_3 416 436
416 10742_佛教四無畏研究_3 416 436
416 10765_佛教八正道研究_3 416 436
416 10767_佛教七覺支研究_3 416 436
416 10768_佛教八正道研究_3 416 436
416 10774_佛教七覺支研究_3 416 436
416 10775_佛教八正道研究_3 416 436
416 10776_佛教八解脫研究_3 416 436
416 10777_佛教八勝處研究_3 416 436
416 10780_佛教十遍處研究_3 416 436
416 10782_佛教通明禪研究_3 416 436
416 10783_佛教不淨觀研究_3 416 436
416 10784_佛教慈悲觀研究_3 416 436
416 10785_佛教因緣觀研究_3 416 436
416 10787_佛教數息觀研究_3 416 436
416 10789_佛教持息念研究_3 416 436
416 10791_佛教四梵住研究_3 416 436
416 10792_佛教四護淨研究_3 416 436
416 10793_佛教四攝法研究_3 416 436
416 10797_佛教四攝事研究_3 416 436
416 10800_佛教四攝受研究_3 416 436
416 10801_佛教四依止研究_3 416 436
416 10802_佛教四依法研究_3 416 436
416 10808_佛教四依止研究_3 416 436
416 10819_佛教四無畏研究_3 416 436
416 10823_佛教四梵住研究_3 416 436
416 10824_佛教四禪定研究_3 416 436
416 10827_佛教四禪定研究_3 416 436
416 10833_佛教十遍處研究_3 416 436
416 10834_佛教八解脫研究_3 416 436
416 10835_佛教八勝處研究_3 416 436
416 10836_佛教十遍處研究_3 416 436
416 10838_佛教通明禪研究_3 416 436
416 10839_佛教不淨觀研究_3 416 436
416 10840_佛教慈悲觀研究_3 416 436
416 10841_佛教因緣觀研究_3 416 436
416 10843_佛教數息觀研究_3 416 436
416 10845_佛教持息念研究_3 416 436
416 10847_佛教四梵住研究_3 416 436
416 10848_佛教四護淨研究_3 416 436
416 10849_佛教四攝法研究_3 416 436
416 10853_佛教四攝事研究_3 416 436
416 10856_佛教四攝受研究_3 416 436
416 10857_佛教四依止研究_3 416 436
416 10858_佛教四依法研究_3 416 436
416 10864_佛教四依止研究_3 416 436
416 10875_佛教四無畏研究_3 416 436
416 10879_佛教四梵住研究_3 416 436
416 10880_佛教四禪定研究_3 416 436
416 10883_佛教四禪定研究_3 416 436
416 10889_佛教十遍處研究_3 416 436
416 10890_佛教八解脫研究_3 416 436
416 10891_佛教八勝處研究_3 416 436
416 10892_佛教十遍處研究_3 416 436
416 10894_佛教通明禪研究_3 416 436
416 10895_佛教不淨觀研究_3 416 436
416 10896_佛教慈悲觀研究_3 416 436
416 10897_佛教因緣觀研究_3 416 436
416 10899_佛教數息觀研究_3 416 436
416 10901_佛教持息念研究_3 416 436
416 10996_佛教密宗曼荼羅_4 416 436
416 11001_佛教密宗種子字_4 416 436
416 11072_佛教菲律賓經典_4 416 436
416 11180_佛教法律心理學_4 416 436
416 11248_佛教四無畏研究_4 416 436
416 11271_佛教八正道研究_4 416 436
416 11273_佛教七覺支研究_4 416 436
416 11274_佛教八正道研究_4 416 436
416 11280_佛教七覺支研究_4 416 436
416 11281_佛教八正道研究_4 416 436
416 11282_佛教八解脫研究_4 416 436
416 11283_佛教八勝處研究_4 416 436
416 11286_佛教十遍處研究_4 416 436
416 11288_佛教通明禪研究_4 416 436
416 11289_佛教不淨觀研究_4 416 436
416 11290_佛教慈悲觀研究_4 416 436
416 11291_佛教因緣觀研究_4 416 436
416 11293_佛教數息觀研究_4 416 436
416 11295_佛教持息念研究_4 416 436
416 11297_佛教四梵住研究_4 416 436
416 11298_佛教四護淨研究_4 416 436
416 11299_佛教四攝法研究_4 416 436
416 11303_佛教四攝事研究_4 416 436
416 11306_佛教四攝受研究_4 416 436
416 11307_佛教四依止研究_4 416 436
416 11308_佛教四依法研究_4 416 436
416 11314_佛教四依止研究_4 416 436
416 11325_佛教四無畏研究_4 416 436
416 11329_佛教四梵住研究_4 416 436
416 11330_佛教四禪定研究_4 416 436
416 11333_佛教四禪定研究_4 416 436
416 11339_佛教十遍處研究_4 416 436
416 11340_佛教八解脫研究_4 416 436
416 11341_佛教八勝處研究_4 416 436
416 11342_佛教十遍處研究_4 416 436
416 11344_佛教通明禪研究_4 416 436
416 11345_佛教不淨觀研究_4 416 436
416 11346_佛教慈悲觀研究_4 416 436
416 11347_佛教因緣觀研究_4 416 436
416 11349_佛教數息觀研究_4 416 436
416 11351_佛教持息念研究_4 416 436
416 11353_佛教四梵住研究_4 416 436
416 11354_佛教四護淨研究_4 416 436
416 11355_佛教四攝法研究_4 416 436
416 11359_佛教四攝事研究_4 416 436
416 11362_佛教四攝受研究_4 416 436
416 11363_佛教四依止研究_4 416 436
416 11364_佛教四依法研究_4 416 436
416 11370_佛教四依止研究_4 416 436
416 11381_佛教四無畏研究_4 416 436
416 11385_佛教四梵住研究_4 416 436
416 11386_佛教四禪定研究_4 416 436
416 11389_佛教四禪定研究_4 416 436
416 11395_佛教十遍處研究_4 416 436
416 11396_佛教八解脫研究_4 416 436
416 11397_佛教八勝處研究_4 416 436
416 11398_佛教十遍處研究_4 416 436
416 11400_佛教通明禪研究_4 416 436
416 11401_佛教不淨觀研究_4 416 436
416 11402_佛教慈悲觀研究_4 416 436
416 11403_佛教因緣觀研究_4 416 436
416 11405_佛教數息觀研究_4 416 436
416 11407_佛教持息念研究_4 416 436
416 11502_佛教密宗曼荼羅_5 416 436
416 11507_佛教密宗種子字_5 416 436
416 11578_佛教菲律賓經典_5 416 436
416 11686_佛教法律心理學_5 416 436
416 11754_佛教四無畏研究_5 416 436
416 11777_佛教八正道研究_5 416 436
416 11779_佛教七覺支研究_5 416 436
416 11780_佛教八正道研究_5 416 436
416 11786_佛教七覺支研究_5 416 436
416 11787_佛教八正道研究_5 416 436
416 11788_佛教八解脫研究_5 416 436
416 11789_佛教八勝處研究_5 416 436
416 11792_佛教十遍處研究_5 416 436
416 11794_佛教通明禪研究_5 416 436
416 11795_佛教不淨觀研究_5 416 436
416 11796_佛教慈悲觀研究_5 416 436
416 11797_佛教因緣觀研究_5 416 436
416 11799_佛教數息觀研究_5 416 436
416 11801_佛教持息念研究_5 416 436
416 11803_佛教四梵住研究_5 416 436
416 11804_佛教四護淨研究_5 416 436
416 11805_佛教四攝法研究_5 416 436
416 11809_佛教四攝事研究_5 416 436
416 11812_佛教四攝受研究_5 416 436
416 11813_佛教四依止研究_5 416 436
416 11814_佛教四依法研究_5 416 436
416 11820_佛教四依止研究_5 416 436
416 11831_佛教四無畏研究_5 416 436
416 11835_佛教四梵住研究_5 416 436
416 11836_佛教四禪定研究_5 416 436
416 11839_佛教四禪定研究_5 416 436
416 11845_佛教十遍處研究_5 416 436
416 11846_佛教八解脫研究_5 416 436
416 11847_佛教八勝處研究_5 416 436
416 11848_佛教十遍處研究_5 416 436
416 11850_佛教通明禪研究_5 416 436
416 11851_佛教不淨觀研究_5 416 436
416 11852_佛教慈悲觀研究_5 416 436
416 11853_佛教因緣觀研究_5 416 436
416 11855_佛教數息觀研究_5 416 436
416 11857_佛教持息念研究_5 416 436
416 11859_佛教四梵住研究_5 416 436
416 11860_佛教四護淨研究_5 416 436
416 11861_佛教四攝法研究_5 416 436
416 11865_佛教四攝事研究_5 416 436
416 11868_佛教四攝受研究_5 416 436
416 11869_佛教四依止研究_5 416 436
416 11870_佛教四依法研究_5 416 436
416 11876_佛教四依止研究_5 416 436
416 11887_佛教四無畏研究_5 416 436
416 11891_佛教四梵住研究_5 416 436
416 11892_佛教四禪定研究_5 416 436
416 11895_佛教四禪定研究_5 416 436
416 11901_佛教十遍處研究_5 416 436
416 11902_佛教八解脫研究_5 416 436
416 11903_佛教八勝處研究_5 416 436
416 11904_佛教十遍處研究_5 416 436
416 11906_佛教通明禪研究_5 416 436
416 11907_佛教不淨觀研究_5 416 436
416 11908_佛教慈悲觀研究_5 416 436
416 11909_佛教因緣觀研究_5 416 436
416 11911_佛教數息觀研究_5 416 436
416 11913_佛教持息念研究_5 416 436
416 12008_佛教密宗曼荼羅_6 416 436
416 12013_佛教密宗種子字_6 416 436
416 12084_佛教菲律賓經典_6 416 436
416 12192_佛教法律心理學_6 416 436
416 12260_佛教四無畏研究_6 416 436
416 12283_佛教八正道研究_6 416 436
416 12285_佛教七覺支研究_6 416 436
416 12286_佛教八正道研究_6 416 436
416 12292_佛教七覺支研究_6 416 436
416 12293_佛教八正道研究_6 416 436
416 12294_佛教八解脫研究_6 416 436
416 12295_佛教八勝處研究_6 416 436
416 12298_佛教十遍處研究_6 416 436
416 12300_佛教通明禪研究_6 416 436
416 12301_佛教不淨觀研究_6 416 436
416 12302_佛教慈悲觀研究_6 416 436
416 12303_佛教因緣觀研究_6 416 436
416 12305_佛教數息觀研究_6 416 436
416 12307_佛教持息念研究_6 416 436
416 12309_佛教四梵住研究_6 416 436
416 12310_佛教四護淨研究_6 416 436
416 12311_佛教四攝法研究_6 416 436
416 12315_佛教四攝事研究_6 416 436
416 12318_佛教四攝受研究_6 416 436
416 12319_佛教四依止研究_6 416 436
416 12320_佛教四依法研究_6 416 436
416 12326_佛教四依止研究_6 416 436
416 12337_佛教四無畏研究_6 416 436
416 12341_佛教四梵住研究_6 416 436
416 12342_佛教四禪定研究_6 416 436
416 12345_佛教四禪定研究_6 416 436
416 12351_佛教十遍處研究_6 416 436
416 12352_佛教八解脫研究_6 416 436
416 12353_佛教八勝處研究_6 416 436
416 12354_佛教十遍處研究_6 416 436
416 12356_佛教通明禪研究_6 416 436
416 12357_佛教不淨觀研究_6 416 436
416 12358_佛教慈悲觀研究_6 416 436
416 12359_佛教因緣觀研究_6 416 436
416 12361_佛教數息觀研究_6 416 436
416 12363_佛教持息念研究_6 416 436
416 12365_佛教四梵住研究_6 416 436
416 12366_佛教四護淨研究_6 416 436
416 12367_佛教四攝法研究_6 416 436
416 12371_佛教四攝事研究_6 416 436
416 12374_佛教四攝受研究_6 416 436
416 12375_佛教四依止研究_6 416 436
416 12376_佛教四依法研究_6 416 436
416 12382_佛教四依止研究_6 416 436
416 12393_佛教四無畏研究_6 416 436
416 12397_佛教四梵住研究_6 416 436
416 12398_佛教四禪定研究_6 416 436
416 12401_佛教四禪定研究_6 416 436
416 12407_佛教十遍處研究_6 416 436
416 12408_佛教八解脫研究_6 416 436
416 12409_佛教八勝處研究_6 416 436
416 12410_佛教十遍處研究_6 416 436
416 12412_佛教通明禪研究_6 416 436
416 12413_佛教不淨觀研究_6 416 436
416 12414_佛教慈悲觀研究_6 416 436
416 12415_佛教因緣觀研究_6 416 436
416 12417_佛教數息觀研究_6 416 436
416 12419_佛教持息念研究_6 416 436
416 12514_佛教密宗曼荼羅_7 416 436
416 12519_佛教密宗種子字_7 416 436
416 12590_佛教菲律賓經典_7 416 436
416 12698_佛教法律心理學_7 416 436
416 12766_佛教四無畏研究_7 416 436
416 12789_佛教八正道研究_7 416 436
416 12791_佛教七覺支研究_7 416 436
416 12792_佛教八正道研究_7 416 436
416 12798_佛教七覺支研究_7 416 436
416 12799_佛教八正道研究_7 416 436
416 12800_佛教八解脫研究_7 416 436
416 12801_佛教八勝處研究_7 416 436
416 12804_佛教十遍處研究_7 416 436
416 12806_佛教通明禪研究_7 416 436
416 12807_佛教不淨觀研究_7 416 436
416 12808_佛教慈悲觀研究_7 416 436
416 12809_佛教因緣觀研究_7 416 436
416 12811_佛教數息觀研究_7 416 436
416 12813_佛教持息念研究_7 416 436
416 12815_佛教四梵住研究_7 416 436
416 12816_佛教四護淨研究_7 416 436
416 12817_佛教四攝法研究_7 416 436
416 12821_佛教四攝事研究_7 416 436
416 12824_佛教四攝受研究_7 416 436
416 12825_佛教四依止研究_7 416 436
416 12826_佛教四依法研究_7 416 436
416 12832_佛教四依止研究_7 416 436
416 12843_佛教四無畏研究_7 416 436
416 12847_佛教四梵住研究_7 416 436
416 12848_佛教四禪定研究_7 416 436
416 12851_佛教四禪定研究_7 416 436
416 12857_佛教十遍處研究_7 416 436
416 12858_佛教八解脫研究_7 416 436
416 12859_佛教八勝處研究_7 416 436
416 12860_佛教十遍處研究_7 416 436
416 12862_佛教通明禪研究_7 416 436
416 12863_佛教不淨觀研究_7 416 436
416 12864_佛教慈悲觀研究_7 416 436
416 12865_佛教因緣觀研究_7 416 436
416 12867_佛教數息觀研究_7 416 436
416 12869_佛教持息念研究_7 416 436
416 12871_佛教四梵住研究_7 416 436
416 12872_佛教四護淨研究_7 416 436
416 12873_佛教四攝法研究_7 416 436
416 12877_佛教四攝事研究_7 416 436
416 12880_佛教四攝受研究_7 416 436
416 12881_佛教四依止研究_7 416 436
416 12882_佛教四依法研究_7 416 436
416 12888_佛教四依止研究_7 416 436
416 12899_佛教四無畏研究_7 416 436
416 12903_佛教四梵住研究_7 416 436
416 12904_佛教四禪定研究_7 416 436
416 12907_佛教四禪定研究_7 416 436
416 12913_佛教十遍處研究_7 416 436
416 12914_佛教八解脫研究_7 416 436
416 12915_佛教八勝處研究_7 416 436
416 12916_佛教十遍處研究_7 416 436
416 12918_佛教通明禪研究_7 416 436
416 12919_佛教不淨觀研究_7 416 436
416 12920_佛教慈悲觀研究_7 416 436
416 12921_佛教因緣觀研究_7 416 436
416 12923_佛教數息觀研究_7 416 436
416 12925_佛教持息念研究_7 416 436
416 13020_佛教密宗曼荼羅_8 416 436
416 13025_佛教密宗種子字_8 416 436
416 13096_佛教菲律賓經典_8 416 436
416 13204_佛教法律心理學_8 416 436
416 13272_佛教四無畏研究_8 416 436
416 13295_佛教八正道研究_8 416 436
416 13297_佛教七覺支研究_8 416 436
416 13298_佛教八正道研究_8 416 436
416 13304_佛教七覺支研究_8 416 436
416 13305_佛教八正道研究_8 416 436
416 13306_佛教八解脫研究_8 416 436
416 13307_佛教八勝處研究_8 416 436
416 13310_佛教十遍處研究_8 416 436
416 13312_佛教通明禪研究_8 416 436
416 13313_佛教不淨觀研究_8 416 436
416 13314_佛教慈悲觀研究_8 416 436
416 13315_佛教因緣觀研究_8 416 436
416 13317_佛教數息觀研究_8 416 436
416 13319_佛教持息念研究_8 416 436
416 13321_佛教四梵住研究_8 416 436
416 13322_佛教四護淨研究_8 416 436
416 13323_佛教四攝法研究_8 416 436
416 13327_佛教四攝事研究_8 416 436
416 13330_佛教四攝受研究_8 416 436
416 13331_佛教四依止研究_8 416 436
416 13332_佛教四依法研究_8 416 436
416 13338_佛教四依止研究_8 416 436
416 13349_佛教四無畏研究_8 416 436
416 13353_佛教四梵住研究_8 416 436
416 13354_佛教四禪定研究_8 416 436
416 13357_佛教四禪定研究_8 416 436
416 13363_佛教十遍處研究_8 416 436
416 13364_佛教八解脫研究_8 416 436
416 13365_佛教八勝處研究_8 416 436
416 13366_佛教十遍處研究_8 416 436
416 13368_佛教通明禪研究_8 416 436
416 13369_佛教不淨觀研究_8 416 436
416 13370_佛教慈悲觀研究_8 416 436
416 13371_佛教因緣觀研究_8 416 436
416 13373_佛教數息觀研究_8 416 436
416 13375_佛教持息念研究_8 416 436
416 13377_佛教四梵住研究_8 416 436
416 13378_佛教四護淨研究_8 416 436
416 13379_佛教四攝法研究_8 416 436
416 13383_佛教四攝事研究_8 416 436
416 13386_佛教四攝受研究_8 416 436
416 13387_佛教四依止研究_8 416 436
416 13388_佛教四依法研究_8 416 436
416 13394_佛教四依止研究_8 416 436
416 13405_佛教四無畏研究_8 416 436
416 13409_佛教四梵住研究_8 416 436
416 13410_佛教四禪定研究_8 416 436
416 13413_佛教四禪定研究_8 416 436
416 13419_佛教十遍處研究_8 416 436
416 13420_佛教八解脫研究_8 416 436
416 13421_佛教八勝處研究_8 416 436
416 13422_佛教十遍處研究_8 416 436
416 13424_佛教通明禪研究_8 416 436
416 13425_佛教不淨觀研究_8 416 436
416 13426_佛教慈悲觀研究_8 416 436
416 13427_佛教因緣觀研究_8 416 436
416 13429_佛教數息觀研究_8 416 436
416 13431_佛教持息念研究_8 416 436
416 13526_佛教密宗曼荼羅_9 416 436
416 13531_佛教密宗種子字_9 416 436
416 13602_佛教菲律賓經典_9 416 436
416 13710_佛教法律心理學_9 416 436
416 13778_佛教四無畏研究_9 416 436
416 13801_佛教八正道研究_9 416 436
416 13803_佛教七覺支研究_9 416 436
416 13804_佛教八正道研究_9 416 436
416 13810_佛教七覺支研究_9 416 436
416 13811_佛教八正道研究_9 416 436
416 13812_佛教八解脫研究_9 416 436
416 13813_佛教八勝處研究_9 416 436
416 13816_佛教十遍處研究_9 416 436
416 13818_佛教通明禪研究_9 416 436
416 13819_佛教不淨觀研究_9 416 436
416 13820_佛教慈悲觀研究_9 416 436
416 13821_佛教因緣觀研究_9 416 436
416 13823_佛教數息觀研究_9 416 436
416 13825_佛教持息念研究_9 416 436
416 13827_佛教四梵住研究_9 416 436
416 13828_佛教四護淨研究_9 416 436
416 13829_佛教四攝法研究_9 416 436
416 13833_佛教四攝事研究_9 416 436
416 13836_佛教四攝受研究_9 416 436
416 13837_佛教四依止研究_9 416 436
416 13838_佛教四依法研究_9 416 436
416 13844_佛教四依止研究_9 416 436
416 13855_佛教四無畏研究_9 416 436
416 13859_佛教四梵住研究_9 416 436
416 13860_佛教四禪定研究_9 416 436
416 13863_佛教四禪定研究_9 416 436
416 13869_佛教十遍處研究_9 416 436
416 13870_佛教八解脫研究_9 416 436
416 13871_佛教八勝處研究_9 416 436
416 13872_佛教十遍處研究_9 416 436
416 13874_佛教通明禪研究_9 416 436
416 13875_佛教不淨觀研究_9 416 436
416 13876_佛教慈悲觀研究_9 416 436
416 13877_佛教因緣觀研究_9 416 436
416 13879_佛教數息觀研究_9 416 436
416 13881_佛教持息念研究_9 416 436
416 13883_佛教四梵住研究_9 416 436
416 13884_佛教四護淨研究_9 416 436
416 13885_佛教四攝法研究_9 416 436
416 13889_佛教四攝事研究_9 416 436
416 13892_佛教四攝受研究_9 416 436
416 13893_佛教四依止研究_9 416 436
416 13894_佛教四依法研究_9 416 436
416 13900_佛教四依止研究_9 416 436
416 13911_佛教四無畏研究_9 416 436
416 13915_佛教四梵住研究_9 416 436
416 13916_佛教四禪定研究_9 416 436
416 13919_佛教四禪定研究_9 416 436
416 13925_佛教十遍處研究_9 416 436
416 13926_佛教八解脫研究_9 416 436
416 13927_佛教八勝處研究_9 416 436
416 13928_佛教十遍處研究_9 416 436
416 13930_佛教通明禪研究_9 416 436
416 13931_佛教不淨觀研究_9 416 436
416 13932_佛教慈悲觀研究_9 416 436
416 13933_佛教因緣觀研究_9 416 436
416 13935_佛教數息觀研究_9 416 436
416 13937_佛教持息念研究_9 416 436
416 14032_佛教密宗曼荼羅_10 416 436
416 14037_佛教密宗種子字_10 416 436
416 14108_佛教菲律賓經典_10 416 436
416 14216_佛教法律心理學_10 416 436
416 14284_佛教四無畏研究_10 416 436
416 14307_佛教八正道研究_10 416 436
416 14309_佛教七覺支研究_10 416 436
416 14310_佛教八正道研究_10 416 436
416 14316_佛教七覺支研究_10 416 436
416 14317_佛教八正道研究_10 416 436
416 14318_佛教八解脫研究_10 416 436
416 14319_佛教八勝處研究_10 416 436
416 14322_佛教十遍處研究_10 416 436
416 14324_佛教通明禪研究_10 416 436
416 14325_佛教不淨觀研究_10 416 436
416 14326_佛教慈悲觀研究_10 416 436
416 14327_佛教因緣觀研究_10 416 436
416 14329_佛教數息觀研究_10 416 436
416 14331_佛教持息念研究_10 416 436
416 14333_佛教四梵住研究_10 416 436
416 14334_佛教四護淨研究_10 416 436
416 14335_佛教四攝法研究_10 416 436
416 14339_佛教四攝事研究_10 416 436
416 14342_佛教四攝受研究_10 416 436
416 14343_佛教四依止研究_10 416 436
416 14344_佛教四依法研究_10 416 436
416 14350_佛教四依止研究_10 416 436
416 14361_佛教四無畏研究_10 416 436
416 14365_佛教四梵住研究_10 416 436
416 14366_佛教四禪定研究_10 416 436
416 14369_佛教四禪定研究_10 416 436
416 14375_佛教十遍處研究_10 416 436
416 14376_佛教八解脫研究_10 416 436
416 14377_佛教八勝處研究_10 416 436
416 14378_佛教十遍處研究_10 416 436
416 14380_佛教通明禪研究_10 416 436
416 14381_佛教不淨觀研究_10 416 436
416 14382_佛教慈悲觀研究_10 416 436
416 14383_佛教因緣觀研究_10 416 436
416 14385_佛教數息觀研究_10 416 436
416 14387_佛教持息念研究_10 416 436
416 14389_佛教四梵住研究_10 416 436
416 14390_佛教四護淨研究_10 416 436
416 14391_佛教四攝法研究_10 416 436
416 14395_佛教四攝事研究_10 416 436
416 14398_佛教四攝受研究_10 416 436
416 14399_佛教四依止研究_10 416 436
416 14400_佛教四依法研究_10 416 436
416 14406_佛教四依止研究_10 416 436
416 14417_佛教四無畏研究_10 416 436
416 14421_佛教四梵住研究_10 416 436
416 14422_佛教四禪定研究_10 416 436
416 14425_佛教四禪定研究_10 416 436
416 14431_佛教十遍處研究_10 416 436
416 14432_佛教八解脫研究_10 416 436
416 14433_佛教八勝處研究_10 416 436
416 14434_佛教十遍處研究_10 416 436
416 14436_佛教通明禪研究_10 416 436
416 14437_佛教不淨觀研究_10 416 436
416 14438_佛教慈悲觀研究_10 416 436
416 14439_佛教因緣觀研究_10 416 436
416 14441_佛教數息觀研究_10 416 436
416 14443_佛教持息念研究_10 416 436
416 14538_佛教密宗曼荼羅_11 416 436
416 14543_佛教密宗種子字_11 416 436
416 14614_佛教菲律賓經典_11 416 436
416 14722_佛教法律心理學_11 416 436
416 14790_佛教四無畏研究_11 416 436
416 14813_佛教八正道研究_11 416 436
416 14815_佛教七覺支研究_11 416 436
416 14816_佛教八正道研究_11 416 436
416 14822_佛教七覺支研究_11 416 436
416 14823_佛教八正道研究_11 416 436
416 14824_佛教八解脫研究_11 416 436
416 14825_佛教八勝處研究_11 416 436
416 14828_佛教十遍處研究_11 416 436
416 14830_佛教通明禪研究_11 416 436
416 14831_佛教不淨觀研究_11 416 436
416 14832_佛教慈悲觀研究_11 416 436
416 14833_佛教因緣觀研究_11 416 436
416 14835_佛教數息觀研究_11 416 436
416 14837_佛教持息念研究_11 416 436
416 14839_佛教四梵住研究_11 416 436
416 14840_佛教四護淨研究_11 416 436
416 14841_佛教四攝法研究_11 416 436
416 14845_佛教四攝事研究_11 416 436
416 14848_佛教四攝受研究_11 416 436
416 14849_佛教四依止研究_11 416 436
416 14850_佛教四依法研究_11 416 436
416 14856_佛教四依止研究_11 416 436
416 14867_佛教四無畏研究_11 416 436
416 14871_佛教四梵住研究_11 416 436
416 14872_佛教四禪定研究_11 416 436
416 14875_佛教四禪定研究_11 416 436
416 14881_佛教十遍處研究_11 416 436
416 14882_佛教八解脫研究_11 416 436
416 14883_佛教八勝處研究_11 416 436
416 14884_佛教十遍處研究_11 416 436
416 14886_佛教通明禪研究_11 416 436
416 14887_佛教不淨觀研究_11 416 436
416 14888_佛教慈悲觀研究_11 416 436
416 14889_佛教因緣觀研究_11 416 436
416 14891_佛教數息觀研究_11 416 436
416 14893_佛教持息念研究_11 416 436
416 14895_佛教四梵住研究_11 416 436
416 14896_佛教四護淨研究_11 416 436
416 14897_佛教四攝法研究_11 416 436
416 14901_佛教四攝事研究_11 416 436
416 14904_佛教四攝受研究_11 416 436
416 14905_佛教四依止研究_11 416 436
416 14906_佛教四依法研究_11 416 436
416 14912_佛教四依止研究_11 416 436
416 14923_佛教四無畏研究_11 416 436
416 14927_佛教四梵住研究_11 416 436
416 14928_佛教四禪定研究_11 416 436
416 14931_佛教四禪定研究_11 416 436
416 14937_佛教十遍處研究_11 416 436
416 14938_佛教八解脫研究_11 416 436
416 14939_佛教八勝處研究_11 416 436
416 14940_佛教十遍處研究_11 416 436
416 14942_佛教通明禪研究_11 416 436
416 14943_佛教不淨觀研究_11 416 436
416 14944_佛教慈悲觀研究_11 416 436
416 14945_佛教因緣觀研究_11 416 436
416 14947_佛教數息觀研究_11 416 436
416 14949_佛教持息念研究_11 416 436
416 15044_佛教密宗曼荼羅_12 416 436
416 15049_佛教密宗種子字_12 416 436
416 15120_佛教菲律賓經典_12 416 436
416 15228_佛教法律心理學_12 416 436
416 15296_佛教四無畏研究_12 416 436
416 15319_佛教八正道研究_12 416 436
416 15321_佛教七覺支研究_12 416 436
416 15322_佛教八正道研究_12 416 436
416 15328_佛教七覺支研究_12 416 436
416 15329_佛教八正道研究_12 416 436
416 15330_佛教八解脫研究_12 416 436
416 15331_佛教八勝處研究_12 416 436
416 15334_佛教十遍處研究_12 416 436
416 15336_佛教通明禪研究_12 416 436
416 15337_佛教不淨觀研究_12 416 436
416 15338_佛教慈悲觀研究_12 416 436
416 15339_佛教因緣觀研究_12 416 436
416 15341_佛教數息觀研究_12 416 436
416 15343_佛教持息念研究_12 416 436
416 15345_佛教四梵住研究_12 416 436
416 15346_佛教四護淨研究_12 416 436
416 15347_佛教四攝法研究_12 416 436
416 15351_佛教四攝事研究_12 416 436
416 15354_佛教四攝受研究_12 416 436
416 15355_佛教四依止研究_12 416 436
416 15356_佛教四依法研究_12 416 436
416 15362_佛教四依止研究_12 416 436
416 15373_佛教四無畏研究_12 416 436
416 15377_佛教四梵住研究_12 416 436
416 15378_佛教四禪定研究_12 416 436
416 15381_佛教四禪定研究_12 416 436
416 15387_佛教十遍處研究_12 416 436
416 15388_佛教八解脫研究_12 416 436
416 15389_佛教八勝處研究_12 416 436
416 15390_佛教十遍處研究_12 416 436
416 15392_佛教通明禪研究_12 416 436
416 15393_佛教不淨觀研究_12 416 436
416 15394_佛教慈悲觀研究_12 416 436
416 15395_佛教因緣觀研究_12 416 436
416 15397_佛教數息觀研究_12 416 436
416 15399_佛教持息念研究_12 416 436
416 15401_佛教四梵住研究_12 416 436
416 15402_佛教四護淨研究_12 416 436
416 15403_佛教四攝法研究_12 416 436
416 15407_佛教四攝事研究_12 416 436
416 15410_佛教四攝受研究_12 416 436
416 15411_佛教四依止研究_12 416 436
416 15412_佛教四依法研究_12 416 436
416 15418_佛教四依止研究_12 416 436
416 15429_佛教四無畏研究_12 416 436
416 15433_佛教四梵住研究_12 416 436
416 15434_佛教四禪定研究_12 416 436
416 15437_佛教四禪定研究_12 416 436
416 15443_佛教十遍處研究_12 416 436
416 15444_佛教八解脫研究_12 416 436
416 15445_佛教八勝處研究_12 416 436
416 15446_佛教十遍處研究_12 416 436
416 15448_佛教通明禪研究_12 416 436
416 15449_佛教不淨觀研究_12 416 436
416 15450_佛教慈悲觀研究_12 416 436
416 15451_佛教因緣觀研究_12 416 436
416 15453_佛教數息觀研究_12 416 436
416 15455_佛教持息念研究_12 416 436
416 15550_佛教密宗曼荼羅_13 416 436
416 15555_佛教密宗種子字_13 416 436
416 15626_佛教菲律賓經典_13 416 436
416 15734_佛教法律心理學_13 416 436
416 15802_佛教四無畏研究_13 416 436
416 15825_佛教八正道研究_13 416 436
416 15827_佛教七覺支研究_13 416 436
416 15828_佛教八正道研究_13 416 436
416 15834_佛教七覺支研究_13 416 436
416 15835_佛教八正道研究_13 416 436
416 15836_佛教八解脫研究_13 416 436
416 15837_佛教八勝處研究_13 416 436
416 15840_佛教十遍處研究_13 416 436
416 15842_佛教通明禪研究_13 416 436
416 15843_佛教不淨觀研究_13 416 436
416 15844_佛教慈悲觀研究_13 416 436
416 15845_佛教因緣觀研究_13 416 436
416 15847_佛教數息觀研究_13 416 436
416 15849_佛教持息念研究_13 416 436
416 15851_佛教四梵住研究_13 416 436
416 15852_佛教四護淨研究_13 416 436
416 15853_佛教四攝法研究_13 416 436
416 15857_佛教四攝事研究_13 416 436
416 15860_佛教四攝受研究_13 416 436
416 15861_佛教四依止研究_13 416 436
416 15862_佛教四依法研究_13 416 436
416 15868_佛教四依止研究_13 416 436
416 15879_佛教四無畏研究_13 416 436
416 15883_佛教四梵住研究_13 416 436
416 15884_佛教四禪定研究_13 416 436
416 15887_佛教四禪定研究_13 416 436
416 15893_佛教十遍處研究_13 416 436
416 15894_佛教八解脫研究_13 416 436
416 15895_佛教八勝處研究_13 416 436
416 15896_佛教十遍處研究_13 416 436
416 15898_佛教通明禪研究_13 416 436
416 15899_佛教不淨觀研究_13 416 436
416 15900_佛教慈悲觀研究_13 416 436
416 15901_佛教因緣觀研究_13 416 436
416 15903_佛教數息觀研究_13 416 436
416 15905_佛教持息念研究_13 416 436
416 15907_佛教四梵住研究_13 416 436
416 15908_佛教四護淨研究_13 416 436
416 15909_佛教四攝法研究_13 416 436
416 15913_佛教四攝事研究_13 416 436
416 15916_佛教四攝受研究_13 416 436
416 15917_佛教四依止研究_13 416 436
416 15918_佛教四依法研究_13 416 436
416 15924_佛教四依止研究_13 416 436
416 15935_佛教四無畏研究_13 416 436
416 15939_佛教四梵住研究_13 416 436
416 15940_佛教四禪定研究_13 416 436
416 15943_佛教四禪定研究_13 416 436
416 15949_佛教十遍處研究_13 416 436
416 15950_佛教八解脫研究_13 416 436
416 15951_佛教八勝處研究_13 416 436
416 15952_佛教十遍處研究_13 416 436
416 15954_佛教通明禪研究_13 416 436
416 15955_佛教不淨觀研究_13 416 436
416 15956_佛教慈悲觀研究_13 416 436
416 15957_佛教因緣觀研究_13 416 436
416 15959_佛教數息觀研究_13 416 436
416 15961_佛教持息念研究_13 416 436
416 16056_佛教密宗曼荼羅_14 416 436
416 16061_佛教密宗種子字_14 416 436
416 16132_佛教菲律賓經典_14 416 436
416 16240_佛教法律心理學_14 416 436
416 16308_佛教四無畏研究_14 416 436
416 16331_佛教八正道研究_14 416 436
416 16333_佛教七覺支研究_14 416 436
416 16334_佛教八正道研究_14 416 436
416 16340_佛教七覺支研究_14 416 436
416 16341_佛教八正道研究_14 416 436
416 16342_佛教八解脫研究_14 416 436
416 16343_佛教八勝處研究_14 416 436
416 16346_佛教十遍處研究_14 416 436
416 16348_佛教通明禪研究_14 416 436
416 16349_佛教不淨觀研究_14 416 436
416 16350_佛教慈悲觀研究_14 416 436
416 16351_佛教因緣觀研究_14 416 436
416 16353_佛教數息觀研究_14 416 436
416 16355_佛教持息念研究_14 416 436
416 16357_佛教四梵住研究_14 416 436
416 16358_佛教四護淨研究_14 416 436
416 16359_佛教四攝法研究_14 416 436
416 16363_佛教四攝事研究_14 416 436
416 16366_佛教四攝受研究_14 416 436
416 16367_佛教四依止研究_14 416 436
416 16368_佛教四依法研究_14 416 436
416 16374_佛教四依止研究_14 416 436
416 16385_佛教四無畏研究_14 416 436
416 16389_佛教四梵住研究_14 416 436
416 16390_佛教四禪定研究_14 416 436
416 16393_佛教四禪定研究_14 416 436
416 16399_佛教十遍處研究_14 416 436
416 16400_佛教八解脫研究_14 416 436
416 16401_佛教八勝處研究_14 416 436
416 16402_佛教十遍處研究_14 416 436
416 16404_佛教通明禪研究_14 416 436
416 16405_佛教不淨觀研究_14 416 436
416 16406_佛教慈悲觀研究_14 416 436
416 16407_佛教因緣觀研究_14 416 436
416 16409_佛教數息觀研究_14 416 436
416 16411_佛教持息念研究_14 416 436
416 16413_佛教四梵住研究_14 416 436
416 16414_佛教四護淨研究_14 416 436
416 16415_佛教四攝法研究_14 416 436
416 16419_佛教四攝事研究_14 416 436
416 16422_佛教四攝受研究_14 416 436
416 16423_佛教四依止研究_14 416 436
416 16424_佛教四依法研究_14 416 436
416 16430_佛教四依止研究_14 416 436
416 16441_佛教四無畏研究_14 416 436
416 16445_佛教四梵住研究_14 416 436
416 16446_佛教四禪定研究_14 416 436
416 16449_佛教四禪定研究_14 416 436
416 16455_佛教十遍處研究_14 416 436
416 16456_佛教八解脫研究_14 416 436
416 16457_佛教八勝處研究_14 416 436
416 16458_佛教十遍處研究_14 416 436
416 16460_佛教通明禪研究_14 416 436
416 16461_佛教不淨觀研究_14 416 436
416 16462_佛教慈悲觀研究_14 416 436
416 16463_佛教因緣觀研究_14 416 436
416 16465_佛教數息觀研究_14 416 436
416 16467_佛教持息念研究_14 416 436
416 16562_佛教密宗曼荼羅_15 416 436
416 16567_佛教密宗種子字_15 416 436
416 16638_佛教菲律賓經典_15 416 436
416 16746_佛教法律心理學_15 416 436
416 16814_佛教四無畏研究_15 416 436
416 16837_佛教八正道研究_15 416 436
416 16839_佛教七覺支研究_15 416 436
416 16840_佛教八正道研究_15 416 436
416 16846_佛教七覺支研究_15 416 436
416 16847_佛教八正道研究_15 416 436
416 16848_佛教八解脫研究_15 416 436
416 16849_佛教八勝處研究_15 416 436
416 16852_佛教十遍處研究_15 416 436
416 16854_佛教通明禪研究_15 416 436
416 16855_佛教不淨觀研究_15 416 436
416 16856_佛教慈悲觀研究_15 416 436
416 16857_佛教因緣觀研究_15 416 436
416 16859_佛教數息觀研究_15 416 436
416 16861_佛教持息念研究_15 416 436
416 16863_佛教四梵住研究_15 416 436
416 16864_佛教四護淨研究_15 416 436
416 16865_佛教四攝法研究_15 416 436
416 16869_佛教四攝事研究_15 416 436
416 16872_佛教四攝受研究_15 416 436
416 16873_佛教四依止研究_15 416 436
416 16874_佛教四依法研究_15 416 436
416 16880_佛教四依止研究_15 416 436
416 16891_佛教四無畏研究_15 416 436
416 16895_佛教四梵住研究_15 416 436
416 16896_佛教四禪定研究_15 416 436
416 16899_佛教四禪定研究_15 416 436
416 16905_佛教十遍處研究_15 416 436
416 16906_佛教八解脫研究_15 416 436
416 16907_佛教八勝處研究_15 416 436
416 16908_佛教十遍處研究_15 416 436
416 16910_佛教通明禪研究_15 416 436
416 16911_佛教不淨觀研究_15 416 436
416 16912_佛教慈悲觀研究_15 416 436
416 16913_佛教因緣觀研究_15 416 436
416 16915_佛教數息觀研究_15 416 436
416 16917_佛教持息念研究_15 416 436
416 16919_佛教四梵住研究_15 416 436
416 16920_佛教四護淨研究_15 416 436
416 16921_佛教四攝法研究_15 416 436
416 16925_佛教四攝事研究_15 416 436
416 16928_佛教四攝受研究_15 416 436
416 16929_佛教四依止研究_15 416 436
416 16930_佛教四依法研究_15 416 436
416 16936_佛教四依止研究_15 416 436
416 16947_佛教四無畏研究_15 416 436
416 16951_佛教四梵住研究_15 416 436
416 16952_佛教四禪定研究_15 416 436
416 16955_佛教四禪定研究_15 416 436
416 16961_佛教十遍處研究_15 416 436
416 16962_佛教八解脫研究_15 416 436
416 16963_佛教八勝處研究_15 416 436
416 16964_佛教十遍處研究_15 416 436
416 16966_佛教通明禪研究_15 416 436
416 16967_佛教不淨觀研究_15 416 436
416 16968_佛教慈悲觀研究_15 416 436
416 16969_佛教因緣觀研究_15 416 436
416 16971_佛教數息觀研究_15 416 436
416 16973_佛教持息念研究_15 416 436
416 17068_佛教密宗曼荼羅_16 416 436
416 17073_佛教密宗種子字_16 416 436
416 17144_佛教菲律賓經典_16 416 436
416 17252_佛教法律心理學_16 416 436
416 17320_佛教四無畏研究_16 416 436
416 17343_佛教八正道研究_16 416 436
416 17345_佛教七覺支研究_16 416 436
416 17346_佛教八正道研究_16 416 436
416 17352_佛教七覺支研究_16 416 436
416 17353_佛教八正道研究_16 416 436
416 17354_佛教八解脫研究_16 416 436
416 17355_佛教八勝處研究_16 416 436
416 17358_佛教十遍處研究_16 416 436
416 17360_佛教通明禪研究_16 416 436
416 17361_佛教不淨觀研究_16 416 436
416 17362_佛教慈悲觀研究_16 416 436
416 17363_佛教因緣觀研究_16 416 436
416 17365_佛教數息觀研究_16 416 436
416 17367_佛教持息念研究_16 416 436
416 17369_佛教四梵住研究_16 416 436
416 17370_佛教四護淨研究_16 416 436
416 17371_佛教四攝法研究_16 416 436
416 17375_佛教四攝事研究_16 416 436
416 17378_佛教四攝受研究_16 416 436
416 17379_佛教四依止研究_16 416 436
416 17380_佛教四依法研究_16 416 436
416 17386_佛教四依止研究_16 416 436
416 17397_佛教四無畏研究_16 416 436
416 17401_佛教四梵住研究_16 416 436
416 17402_佛教四禪定研究_16 416 436
416 17405_佛教四禪定研究_16 416 436
416 17411_佛教十遍處研究_16 416 436
416 17412_佛教八解脫研究_16 416 436
416 17413_佛教八勝處研究_16 416 436
416 17414_佛教十遍處研究_16 416 436
416 17416_佛教通明禪研究_16 416 436
416 17417_佛教不淨觀研究_16 416 436
416 17418_佛教慈悲觀研究_16 416 436
416 17419_佛教因緣觀研究_16 416 436
416 17421_佛教數息觀研究_16 416 436
416 17423_佛教持息念研究_16 416 436
416 17425_佛教四梵住研究_16 416 436
416 17426_佛教四護淨研究_16 416 436
416 17427_佛教四攝法研究_16 416 436
416 17431_佛教四攝事研究_16 416 436
416 17434_佛教四攝受研究_16 416 436
416 17435_佛教四依止研究_16 416 436
416 17436_佛教四依法研究_16 416 436
416 17442_佛教四依止研究_16 416 436
416 17453_佛教四無畏研究_16 416 436
416 17457_佛教四梵住研究_16 416 436
416 17458_佛教四禪定研究_16 416 436
416 17461_佛教四禪定研究_16 416 436
416 17467_佛教十遍處研究_16 416 436
416 17468_佛教八解脫研究_16 416 436
416 17469_佛教八勝處研究_16 416 436
416 17470_佛教十遍處研究_16 416 436
416 17472_佛教通明禪研究_16 416 436
416 17473_佛教不淨觀研究_16 416 436
416 17474_佛教慈悲觀研究_16 416 436
416 17475_佛教因緣觀研究_16 416 436
416 17477_佛教數息觀研究_16 416 436
416 17479_佛教持息念研究_16 416 436
416 17574_佛教密宗曼荼羅_17 416 436
416 17579_佛教密宗種子字_17 416 436
416 17650_佛教菲律賓經典_17 416 436
416 17758_佛教法律心理學_17 416 436
416 17826_佛教四無畏研究_17 416 436
416 17849_佛教八正道研究_17 416 436
416 17851_佛教七覺支研究_17 416 436
416 17852_佛教八正道研究_17 416 436
416 17858_佛教七覺支研究_17 416 436
416 17859_佛教八正道研究_17 416 436
416 17860_佛教八解脫研究_17 416 436
416 17861_佛教八勝處研究_17 416 436
416 17864_佛教十遍處研究_17 416 436
416 17866_佛教通明禪研究_17 416 436
416 17867_佛教不淨觀研究_17 416 436
416 17868_佛教慈悲觀研究_17 416 436
416 17869_佛教因緣觀研究_17 416 436
416 17871_佛教數息觀研究_17 416 436
416 17873_佛教持息念研究_17 416 436
416 17875_佛教四梵住研究_17 416 436
416 17876_佛教四護淨研究_17 416 436
416 17877_佛教四攝法研究_17 416 436
416 17881_佛教四攝事研究_17 416 436
416 17884_佛教四攝受研究_17 416 436
416 17885_佛教四依止研究_17 416 436
416 17886_佛教四依法研究_17 416 436
416 17892_佛教四依止研究_17 416 436
416 17903_佛教四無畏研究_17 416 436
416 17907_佛教四梵住研究_17 416 436
416 17908_佛教四禪定研究_17 416 436
416 17911_佛教四禪定研究_17 416 436
416 17917_佛教十遍處研究_17 416 436
416 17918_佛教八解脫研究_17 416 436
416 17919_佛教八勝處研究_17 416 436
416 17920_佛教十遍處研究_17 416 436
416 17922_佛教通明禪研究_17 416 436
416 17923_佛教不淨觀研究_17 416 436
416 17924_佛教慈悲觀研究_17 416 436
416 17925_佛教因緣觀研究_17 416 436
416 17927_佛教數息觀研究_17 416 436
416 17929_佛教持息念研究_17 416 436
416 17931_佛教四梵住研究_17 416 436
416 17932_佛教四護淨研究_17 416 436
416 17933_佛教四攝法研究_17 416 436
416 17937_佛教四攝事研究_17 416 436
416 17940_佛教四攝受研究_17 416 436
416 17941_佛教四依止研究_17 416 436
416 17942_佛教四依法研究_17 416 436
416 17948_佛教四依止研究_17 416 436
416 17959_佛教四無畏研究_17 416 436
416 17963_佛教四梵住研究_17 416 436
416 17964_佛教四禪定研究_17 416 436
416 17967_佛教四禪定研究_17 416 436
416 17973_佛教十遍處研究_17 416 436
416 17974_佛教八解脫研究_17 416 436
416 17975_佛教八勝處研究_17 416 436
416 17976_佛教十遍處研究_17 416 436
416 17978_佛教通明禪研究_17 416 436
416 17979_佛教不淨觀研究_17 416 436
416 17980_佛教慈悲觀研究_17 416 436
416 17981_佛教因緣觀研究_17 416 436
416 17983_佛教數息觀研究_17 416 436
416 17985_佛教持息念研究_17 416 436
416 18080_佛教密宗曼荼羅_18 416 436
416 18085_佛教密宗種子字_18 416 436
416 18156_佛教菲律賓經典_18 416 436
416 18264_佛教法律心理學_18 416 436
416 18332_佛教四無畏研究_18 416 436
416 18355_佛教八正道研究_18 416 436
416 18357_佛教七覺支研究_18 416 436
416 18358_佛教八正道研究_18 416 436
416 18364_佛教七覺支研究_18 416 436
416 18365_佛教八正道研究_18 416 436
416 18366_佛教八解脫研究_18 416 436
416 18367_佛教八勝處研究_18 416 436
416 18370_佛教十遍處研究_18 416 436
416 18372_佛教通明禪研究_18 416 436
416 18373_佛教不淨觀研究_18 416 436
416 18374_佛教慈悲觀研究_18 416 436
416 18375_佛教因緣觀研究_18 416 436
416 18377_佛教數息觀研究_18 416 436
416 18379_佛教持息念研究_18 416 436
416 18381_佛教四梵住研究_18 416 436
416 18382_佛教四護淨研究_18 416 436
416 18383_佛教四攝法研究_18 416 436
416 18387_佛教四攝事研究_18 416 436
416 18390_佛教四攝受研究_18 416 436
416 18391_佛教四依止研究_18 416 436
416 18392_佛教四依法研究_18 416 436
416 18398_佛教四依止研究_18 416 436
416 18409_佛教四無畏研究_18 416 436
416 18413_佛教四梵住研究_18 416 436
416 18414_佛教四禪定研究_18 416 436
416 18417_佛教四禪定研究_18 416 436
416 18423_佛教十遍處研究_18 416 436
416 18424_佛教八解脫研究_18 416 436
416 18425_佛教八勝處研究_18 416 436
416 18426_佛教十遍處研究_18 416 436
416 18428_佛教通明禪研究_18 416 436
416 18429_佛教不淨觀研究_18 416 436
416 18430_佛教慈悲觀研究_18 416 436
416 18431_佛教因緣觀研究_18 416 436
416 18433_佛教數息觀研究_18 416 436
416 18435_佛教持息念研究_18 416 436
416 18437_佛教四梵住研究_18 416 436
416 18438_佛教四護淨研究_18 416 436
416 18439_佛教四攝法研究_18 416 436
416 18443_佛教四攝事研究_18 416 436
416 18446_佛教四攝受研究_18 416 436
416 18447_佛教四依止研究_18 416 436
416 18448_佛教四依法研究_18 416 436
416 18454_佛教四依止研究_18 416 436
416 18465_佛教四無畏研究_18 416 436
416 18469_佛教四梵住研究_18 416 436
416 18470_佛教四禪定研究_18 416 436
416 18473_佛教四禪定研究_18 416 436
416 18479_佛教十遍處研究_18 416 436
416 18480_佛教八解脫研究_18 416 436
416 18481_佛教八勝處研究_18 416 436
416 18482_佛教十遍處研究_18 416 436
416 18484_佛教通明禪研究_18 416 436
416 18485_佛教不淨觀研究_18 416 436
416 18486_佛教慈悲觀研究_18 416 436
416 18487_佛教因緣觀研究_18 416 436
416 18489_佛教數息觀研究_18 416 436
416 18491_佛教持息念研究_18 416 436
416 18586_佛教密宗曼荼羅_19 416 436
416 18591_佛教密宗種子字_19 416 436
416 18662_佛教菲律賓經典_19 416 436
416 18770_佛教法律心理學_19 416 436
416 18838_佛教四無畏研究_19 416 436
416 18861_佛教八正道研究_19 416 436
416 18863_佛教七覺支研究_19 416 436
416 18864_佛教八正道研究_19 416 436
416 18870_佛教七覺支研究_19 416 436
416 18871_佛教八正道研究_19 416 436
416 18872_佛教八解脫研究_19 416 436
416 18873_佛教八勝處研究_19 416 436
416 18876_佛教十遍處研究_19 416 436
416 18878_佛教通明禪研究_19 416 436
416 18879_佛教不淨觀研究_19 416 436
416 18880_佛教慈悲觀研究_19 416 436
416 18881_佛教因緣觀研究_19 416 436
416 18883_佛教數息觀研究_19 416 436
416 18885_佛教持息念研究_19 416 436
416 18887_佛教四梵住研究_19 416 436
416 18888_佛教四護淨研究_19 416 436
416 18889_佛教四攝法研究_19 416 436
416 18893_佛教四攝事研究_19 416 436
416 18896_佛教四攝受研究_19 416 436
416 18897_佛教四依止研究_19 416 436
416 18898_佛教四依法研究_19 416 436
416 18904_佛教四依止研究_19 416 436
416 18915_佛教四無畏研究_19 416 436
416 18919_佛教四梵住研究_19 416 436
416 18920_佛教四禪定研究_19 416 436
416 18923_佛教四禪定研究_19 416 436
416 18929_佛教十遍處研究_19 416 436
416 18930_佛教八解脫研究_19 416 436
416 18931_佛教八勝處研究_19 416 436
416 18932_佛教十遍處研究_19 416 436
416 18934_佛教通明禪研究_19 416 436
416 18935_佛教不淨觀研究_19 416 436
416 18936_佛教慈悲觀研究_19 416 436
416 18937_佛教因緣觀研究_19 416 436
416 18939_佛教數息觀研究_19 416 436
416 18941_佛教持息念研究_19 416 436
416 18943_佛教四梵住研究_19 416 436
416 18944_佛教四護淨研究_19 416 436
416 18945_佛教四攝法研究_19 416 436
416 18949_佛教四攝事研究_19 416 436
416 18952_佛教四攝受研究_19 416 436
416 18953_佛教四依止研究_19 416 436
416 18954_佛教四依法研究_19 416 436
416 18960_佛教四依止研究_19 416 436
416 18971_佛教四無畏研究_19 416 436
416 18975_佛教四梵住研究_19 416 436
416 18976_佛教四禪定研究_19 416 436
416 18979_佛教四禪定研究_19 416 436
416 18985_佛教十遍處研究_19 416 436
416 18986_佛教八解脫研究_19 416 436
416 18987_佛教八勝處研究_19 416 436
416 18988_佛教十遍處研究_19 416 436
416 18990_佛教通明禪研究_19 416 436
416 18991_佛教不淨觀研究_19 416 436
416 18992_佛教慈悲觀研究_19 416 436
416 18993_佛教因緣觀研究_19 416 436
416 18995_佛教數息觀研究_19 416 436
416 18997_佛教持息念研究_19 416 436
416 19092_佛教密宗曼荼羅_20 416 436
416 19097_佛教密宗種子字_20 416 436
416 19168_佛教菲律賓經典_20 416 436
416 19276_佛教法律心理學_20 416 436
416 19344_佛教四無畏研究_20 416 436
416 19367_佛教八正道研究_20 416 436
416 19369_佛教七覺支研究_20 416 436
416 19370_佛教八正道研究_20 416 436
416 19376_佛教七覺支研究_20 416 436
416 19377_佛教八正道研究_20 416 436
416 19378_佛教八解脫研究_20 416 436
416 19379_佛教八勝處研究_20 416 436
416 19382_佛教十遍處研究_20 416 436
416 19384_佛教通明禪研究_20 416 436
416 19385_佛教不淨觀研究_20 416 436
416 19386_佛教慈悲觀研究_20 416 436
416 19387_佛教因緣觀研究_20 416 436
416 19389_佛教數息觀研究_20 416 436
416 19391_佛教持息念研究_20 416 436
416 19393_佛教四梵住研究_20 416 436
416 19394_佛教四護淨研究_20 416 436
416 19395_佛教四攝法研究_20 416 436
416 19399_佛教四攝事研究_20 416 436
416 19402_佛教四攝受研究_20 416 436
416 19403_佛教四依止研究_20 416 436
416 19404_佛教四依法研究_20 416 436
416 19410_佛教四依止研究_20 416 436
416 19421_佛教四無畏研究_20 416 436
416 19425_佛教四梵住研究_20 416 436
416 19426_佛教四禪定研究_20 416 436
416 19429_佛教四禪定研究_20 416 436
416 19435_佛教十遍處研究_20 416 436
416 19436_佛教八解脫研究_20 416 436
416 19437_佛教八勝處研究_20 416 436
416 19438_佛教十遍處研究_20 416 436
416 19440_佛教通明禪研究_20 416 436
416 19441_佛教不淨觀研究_20 416 436
416 19442_佛教慈悲觀研究_20 416 436
416 19443_佛教因緣觀研究_20 416 436
416 19445_佛教數息觀研究_20 416 436
416 19447_佛教持息念研究_20 416 436
416 19449_佛教四梵住研究_20 416 436
416 19450_佛教四護淨研究_20 416 436
416 19451_佛教四攝法研究_20 416 436
416 19455_佛教四攝事研究_20 416 436
416 19458_佛教四攝受研究_20 416 436
416 19459_佛教四依止研究_20 416 436
416 19460_佛教四依法研究_20 416 436
416 19466_佛教四依止研究_20 416 436
416 19477_佛教四無畏研究_20 416 436
416 19481_佛教四梵住研究_20 416 436
416 19482_佛教四禪定研究_20 416 436
416 19485_佛教四禪定研究_20 416 436
416 19491_佛教十遍處研究_20 416 436
416 19492_佛教八解脫研究_20 416 436
416 19493_佛教八勝處研究_20 416 436
416 19494_佛教十遍處研究_20 416 436
416 19496_佛教通明禪研究_20 416 436
416 19497_佛教不淨觀研究_20 416 436
416 19498_佛教慈悲觀研究_20 416 436
416 19499_佛教因緣觀研究_20 416 436
416 19501_佛教數息觀研究_20 416 436
416 19503_佛教持息念研究_20 416 436
416 19598_佛教密宗曼荼羅_21 416 436
416 19603_佛教密宗種子字_21 416 436
416 19674_佛教菲律賓經典_21 416 436
416 19782_佛教法律心理學_21 416 436
416 19850_佛教四無畏研究_21 416 436
416 19873_佛教八正道研究_21 416 436
416 19875_佛教七覺支研究_21 416 436
416 19876_佛教八正道研究_21 416 436
416 19882_佛教七覺支研究_21 416 436
416 19883_佛教八正道研究_21 416 436
416 19884_佛教八解脫研究_21 416 436
416 19885_佛教八勝處研究_21 416 436
416 19888_佛教十遍處研究_21 416 436
416 19890_佛教通明禪研究_21 416 436
416 19891_佛教不淨觀研究_21 416 436
416 19892_佛教慈悲觀研究_21 416 436
416 19893_佛教因緣觀研究_21 416 436
416 19895_佛教數息觀研究_21 416 436
416 19897_佛教持息念研究_21 416 436
416 19899_佛教四梵住研究_21 416 436
416 19900_佛教四護淨研究_21 416 436
416 19901_佛教四攝法研究_21 416 436
416 19905_佛教四攝事研究_21 416 436
416 19908_佛教四攝受研究_21 416 436
416 19909_佛教四依止研究_21 416 436
416 19910_佛教四依法研究_21 416 436
416 19916_佛教四依止研究_21 416 436
416 19927_佛教四無畏研究_21 416 436
416 19931_佛教四梵住研究_21 416 436
416 19932_佛教四禪定研究_21 416 436
416 19935_佛教四禪定研究_21 416 436
416 19941_佛教十遍處研究_21 416 436
416 19942_佛教八解脫研究_21 416 436
416 19943_佛教八勝處研究_21 416 436
416 19944_佛教十遍處研究_21 416 436
416 19946_佛教通明禪研究_21 416 436
416 19947_佛教不淨觀研究_21 416 436
416 19948_佛教慈悲觀研究_21 416 436
416 19949_佛教因緣觀研究_21 416 436
416 19951_佛教數息觀研究_21 416 436
416 19953_佛教持息念研究_21 416 436
416 19955_佛教四梵住研究_21 416 436
416 19956_佛教四護淨研究_21 416 436
416 19957_佛教四攝法研究_21 416 436
416 19961_佛教四攝事研究_21 416 436
416 19964_佛教四攝受研究_21 416 436
416 19965_佛教四依止研究_21 416 436
416 19966_佛教四依法研究_21 416 436
416 19972_佛教四依止研究_21 416 436
416 19983_佛教四無畏研究_21 416 436
416 19987_佛教四梵住研究_21 416 436
416 19988_佛教四禪定研究_21 416 436
416 19991_佛教四禪定研究_21 416 436
416 19997_佛教十遍處研究_21 416 436
416 19998_佛教八解脫研究_21 416 436
416 19999_佛教八勝處研究_21 416 436
416 20000_佛教十遍處研究_21 416 436
416 20002_佛教通明禪研究_21 416 436
416 20003_佛教不淨觀研究_21 416 436
416 20004_佛教慈悲觀研究_21 416 436
416 20005_佛教因緣觀研究_21 416 436
416 20007_佛教數息觀研究_21 416 436
416 20009_佛教持息念研究_21 416 436
416 20104_佛教密宗曼荼羅_22 416 436
416 20109_佛教密宗種子字_22 416 436
416 20180_佛教菲律賓經典_22 416 436
416 20288_佛教法律心理學_22 416 436
416 20356_佛教四無畏研究_22 416 436
416 20379_佛教八正道研究_22 416 436
416 20381_佛教七覺支研究_22 416 436
416 20382_佛教八正道研究_22 416 436
416 20388_佛教七覺支研究_22 416 436
416 20389_佛教八正道研究_22 416 436
416 20390_佛教八解脫研究_22 416 436
416 20391_佛教八勝處研究_22 416 436
416 20394_佛教十遍處研究_22 416 436
416 20396_佛教通明禪研究_22 416 436
416 20397_佛教不淨觀研究_22 416 436
416 20398_佛教慈悲觀研究_22 416 436
416 20399_佛教因緣觀研究_22 416 436
416 20401_佛教數息觀研究_22 416 436
416 20403_佛教持息念研究_22 416 436
416 20405_佛教四梵住研究_22 416 436
416 20406_佛教四護淨研究_22 416 436
416 20407_佛教四攝法研究_22 416 436
416 20411_佛教四攝事研究_22 416 436
416 20414_佛教四攝受研究_22 416 436
416 20415_佛教四依止研究_22 416 436
416 20416_佛教四依法研究_22 416 436
416 20422_佛教四依止研究_22 416 436
416 20433_佛教四無畏研究_22 416 436
416 20437_佛教四梵住研究_22 416 436
416 20438_佛教四禪定研究_22 416 436
416 20441_佛教四禪定研究_22 416 436
416 20447_佛教十遍處研究_22 416 436
416 20448_佛教八解脫研究_22 416 436
416 20449_佛教八勝處研究_22 416 436
416 20450_佛教十遍處研究_22 416 436
416 20452_佛教通明禪研究_22 416 436
416 20453_佛教不淨觀研究_22 416 436
416 20454_佛教慈悲觀研究_22 416 436
416 20455_佛教因緣觀研究_22 416 436
416 20457_佛教數息觀研究_22 416 436
416 20459_佛教持息念研究_22 416 436
416 20461_佛教四梵住研究_22 416 436
416 20462_佛教四護淨研究_22 416 436
416 20463_佛教四攝法研究_22 416 436
416 20467_佛教四攝事研究_22 416 436
416 20470_佛教四攝受研究_22 416 436
416 20471_佛教四依止研究_22 416 436
416 20472_佛教四依法研究_22 416 436
416 20478_佛教四依止研究_22 416 436
416 20489_佛教四無畏研究_22 416 436
416 20493_佛教四梵住研究_22 416 436
416 20494_佛教四禪定研究_22 416 436
416 20497_佛教四禪定研究_22 416 436
416 20503_佛教十遍處研究_22 416 436
416 20504_佛教八解脫研究_22 416 436
416 20505_佛教八勝處研究_22 416 436
416 20506_佛教十遍處研究_22 416 436
416 20508_佛教通明禪研究_22 416 436
416 20509_佛教不淨觀研究_22 416 436
416 20510_佛教慈悲觀研究_22 416 436
416 20511_佛教因緣觀研究_22 416 436
416 20513_佛教數息觀研究_22 416 436
416 20515_佛教持息念研究_22 416 436
416 20610_佛教密宗曼荼羅_23 416 436
416 20615_佛教密宗種子字_23 416 436
416 20686_佛教菲律賓經典_23 416 436
416 20794_佛教法律心理學_23 416 436
416 20862_佛教四無畏研究_23 416 436
416 20885_佛教八正道研究_23 416 436
416 20887_佛教七覺支研究_23 416 436
416 20888_佛教八正道研究_23 416 436
416 20894_佛教七覺支研究_23 416 436
416 20895_佛教八正道研究_23 416 436
416 20896_佛教八解脫研究_23 416 436
416 20897_佛教八勝處研究_23 416 436
416 20900_佛教十遍處研究_23 416 436
416 20902_佛教通明禪研究_23 416 436
416 20903_佛教不淨觀研究_23 416 436
416 20904_佛教慈悲觀研究_23 416 436
416 20905_佛教因緣觀研究_23 416 436
416 20907_佛教數息觀研究_23 416 436
416 20909_佛教持息念研究_23 416 436
416 20911_佛教四梵住研究_23 416 436
416 20912_佛教四護淨研究_23 416 436
416 20913_佛教四攝法研究_23 416 436
416 20917_佛教四攝事研究_23 416 436
416 20920_佛教四攝受研究_23 416 436
416 20921_佛教四依止研究_23 416 436
416 20922_佛教四依法研究_23 416 436
416 20928_佛教四依止研究_23 416 436
416 20939_佛教四無畏研究_23 416 436
416 20943_佛教四梵住研究_23 416 436
416 20944_佛教四禪定研究_23 416 436
416 20947_佛教四禪定研究_23 416 436
416 20953_佛教十遍處研究_23 416 436
416 20954_佛教八解脫研究_23 416 436
416 20955_佛教八勝處研究_23 416 436
416 20956_佛教十遍處研究_23 416 436
416 20958_佛教通明禪研究_23 416 436
416 20959_佛教不淨觀研究_23 416 436
416 20960_佛教慈悲觀研究_23 416 436
416 20961_佛教因緣觀研究_23 416 436
416 20963_佛教數息觀研究_23 416 436
416 20965_佛教持息念研究_23 416 436
416 20967_佛教四梵住研究_23 416 436
416 20968_佛教四護淨研究_23 416 436
416 20969_佛教四攝法研究_23 416 436
416 20973_佛教四攝事研究_23 416 436
416 20976_佛教四攝受研究_23 416 436
416 20977_佛教四依止研究_23 416 436
416 20978_佛教四依法研究_23 416 436
416 20984_佛教四依止研究_23 416 436
416 20995_佛教四無畏研究_23 416 436
416 20999_佛教四梵住研究_23 416 436
416 21000_佛教四禪定研究_23 416 436
416 21003_佛教四禪定研究_23 416 436
416 21009_佛教十遍處研究_23 416 436
416 21010_佛教八解脫研究_23 416 436
416 21011_佛教八勝處研究_23 416 436
416 21012_佛教十遍處研究_23 416 436
416 21014_佛教通明禪研究_23 416 436
416 21015_佛教不淨觀研究_23 416 436
416 21016_佛教慈悲觀研究_23 416 436
416 21017_佛教因緣觀研究_23 416 436
416 21019_佛教數息觀研究_23 416 436
416 21021_佛教持息念研究_23 416 436
416 21116_佛教密宗曼荼羅_24 416 436
416 21121_佛教密宗種子字_24 416 436
416 21192_佛教菲律賓經典_24 416 436
416 21300_佛教法律心理學_24 416 436
416 21368_佛教四無畏研究_24 416 436
416 21391_佛教八正道研究_24 416 436
416 21393_佛教七覺支研究_24 416 436
416 21394_佛教八正道研究_24 416 436
416 21400_佛教七覺支研究_24 416 436
416 21401_佛教八正道研究_24 416 436
416 21402_佛教八解脫研究_24 416 436
416 21403_佛教八勝處研究_24 416 436
416 21406_佛教十遍處研究_24 416 436
416 21408_佛教通明禪研究_24 416 436
416 21409_佛教不淨觀研究_24 416 436
416 21410_佛教慈悲觀研究_24 416 436
416 21411_佛教因緣觀研究_24 416 436
416 21413_佛教數息觀研究_24 416 436
416 21415_佛教持息念研究_24 416 436
416 21417_佛教四梵住研究_24 416 436
416 21418_佛教四護淨研究_24 416 436
416 21419_佛教四攝法研究_24 416 436
416 21423_佛教四攝事研究_24 416 436
416 21426_佛教四攝受研究_24 416 436
416 21427_佛教四依止研究_24 416 436
416 21428_佛教四依法研究_24 416 436
416 21434_佛教四依止研究_24 416 436
416 21445_佛教四無畏研究_24 416 436
416 21449_佛教四梵住研究_24 416 436
416 21450_佛教四禪定研究_24 416 436
416 21453_佛教四禪定研究_24 416 436
416 21459_佛教十遍處研究_24 416 436
416 21460_佛教八解脫研究_24 416 436
416 21461_佛教八勝處研究_24 416 436
416 21462_佛教十遍處研究_24 416 436
416 21464_佛教通明禪研究_24 416 436
416 21465_佛教不淨觀研究_24 416 436
416 21466_佛教慈悲觀研究_24 416 436
416 21467_佛教因緣觀研究_24 416 436
416 21469_佛教數息觀研究_24 416 436
416 21471_佛教持息念研究_24 416 436
416 21473_佛教四梵住研究_24 416 436
416 21474_佛教四護淨研究_24 416 436
416 21475_佛教四攝法研究_24 416 436
416 21479_佛教四攝事研究_24 416 436
416 21482_佛教四攝受研究_24 416 436
416 21483_佛教四依止研究_24 416 436
416 21484_佛教四依法研究_24 416 436
416 21490_佛教四依止研究_24 416 436
416 21501_佛教四無畏研究_24 416 436
416 21505_佛教四梵住研究_24 416 436
416 21506_佛教四禪定研究_24 416 436
416 21509_佛教四禪定研究_24 416 436
416 21515_佛教十遍處研究_24 416 436
416 21516_佛教八解脫研究_24 416 436
416 21517_佛教八勝處研究_24 416 436
416 21518_佛教十遍處研究_24 416 436
416 21520_佛教通明禪研究_24 416 436
416 21521_佛教不淨觀研究_24 416 436
416 21522_佛教慈悲觀研究_24 416 436
416 21523_佛教因緣觀研究_24 416 436
416 21525_佛教數息觀研究_24 416 436
416 21527_佛教持息念研究_24 416 436
416 21622_佛教密宗曼荼羅_25 416 436
416 21627_佛教密宗種子字_25 416 436
416 21698_佛教菲律賓經典_25 416 436
416 21806_佛教法律心理學_25 416 436
416 21874_佛教四無畏研究_25 416 436
416 21897_佛教八正道研究_25 416 436
416 21899_佛教七覺支研究_25 416 436
416 21900_佛教八正道研究_25 416 436
416 21906_佛教七覺支研究_25 416 436
416 21907_佛教八正道研究_25 416 436
416 21908_佛教八解脫研究_25 416 436
416 21909_佛教八勝處研究_25 416 436
416 21912_佛教十遍處研究_25 416 436
416 21914_佛教通明禪研究_25 416 436
416 21915_佛教不淨觀研究_25 416 436
416 21916_佛教慈悲觀研究_25 416 436
416 21917_佛教因緣觀研究_25 416 436
416 21919_佛教數息觀研究_25 416 436
416 21921_佛教持息念研究_25 416 436
416 21923_佛教四梵住研究_25 416 436
416 21924_佛教四護淨研究_25 416 436
416 21925_佛教四攝法研究_25 416 436
416 21929_佛教四攝事研究_25 416 436
416 21932_佛教四攝受研究_25 416 436
416 21933_佛教四依止研究_25 416 436
416 21934_佛教四依法研究_25 416 436
416 21940_佛教四依止研究_25 416 436
416 21951_佛教四無畏研究_25 416 436
416 21955_佛教四梵住研究_25 416 436
416 21956_佛教四禪定研究_25 416 436
416 21959_佛教四禪定研究_25 416 436
416 21965_佛教十遍處研究_25 416 436
416 21966_佛教八解脫研究_25 416 436
416 21967_佛教八勝處研究_25 416 436
416 21968_佛教十遍處研究_25 416 436
416 21970_佛教通明禪研究_25 416 436
416 21971_佛教不淨觀研究_25 416 436
416 21972_佛教慈悲觀研究_25 416 436
416 21973_佛教因緣觀研究_25 416 436
416 21975_佛教數息觀研究_25 416 436
416 21977_佛教持息念研究_25 416 436
416 21979_佛教四梵住研究_25 416 436
416 21980_佛教四護淨研究_25 416 436
416 21981_佛教四攝法研究_25 416 436
416 21985_佛教四攝事研究_25 416 436
416 21988_佛教四攝受研究_25 416 436
416 21989_佛教四依止研究_25 416 436
416 21990_佛教四依法研究_25 416 436
416 21996_佛教四依止研究_25 416 436
416 22007_佛教四無畏研究_25 416 436
416 22011_佛教四梵住研究_25 416 436
416 22012_佛教四禪定研究_25 416 436
416 22015_佛教四禪定研究_25 416 436
416 22021_佛教十遍處研究_25 416 436
416 22022_佛教八解脫研究_25 416 436
416 22023_佛教八勝處研究_25 416 436
416 22024_佛教十遍處研究_25 416 436
416 22026_佛教通明禪研究_25 416 436
416 22027_佛教不淨觀研究_25 416 436
416 22028_佛教慈悲觀研究_25 416 436
416 22029_佛教因緣觀研究_25 416 436
416 22031_佛教數息觀研究_25 416 436
416 22033_佛教持息念研究_25 416 436
416 22128_佛教密宗曼荼羅_26 416 436
416 22133_佛教密宗種子字_26 416 436
416 22204_佛教菲律賓經典_26 416 436
416 22312_佛教法律心理學_26 416 436
416 22380_佛教四無畏研究_26 416 436
416 22403_佛教八正道研究_26 416 436
416 22405_佛教七覺支研究_26 416 436
416 22406_佛教八正道研究_26 416 436
416 22412_佛教七覺支研究_26 416 436
416 22413_佛教八正道研究_26 416 436
416 22414_佛教八解脫研究_26 416 436
416 22415_佛教八勝處研究_26 416 436
416 22418_佛教十遍處研究_26 416 436
416 22420_佛教通明禪研究_26 416 436
416 22421_佛教不淨觀研究_26 416 436
416 22422_佛教慈悲觀研究_26 416 436
416 22423_佛教因緣觀研究_26 416 436
416 22425_佛教數息觀研究_26 416 436
416 22427_佛教持息念研究_26 416 436
416 22429_佛教四梵住研究_26 416 436
416 22430_佛教四護淨研究_26 416 436
416 22431_佛教四攝法研究_26 416 436
416 22435_佛教四攝事研究_26 416 436
416 22438_佛教四攝受研究_26 416 436
416 22439_佛教四依止研究_26 416 436
416 22440_佛教四依法研究_26 416 436
416 22446_佛教四依止研究_26 416 436
416 22457_佛教四無畏研究_26 416 436
416 22461_佛教四梵住研究_26 416 436
416 22462_佛教四禪定研究_26 416 436
416 22465_佛教四禪定研究_26 416 436
416 22471_佛教十遍處研究_26 416 436
416 22472_佛教八解脫研究_26 416 436
416 22473_佛教八勝處研究_26 416 436
416 22474_佛教十遍處研究_26 416 436
416 22476_佛教通明禪研究_26 416 436
416 22477_佛教不淨觀研究_26 416 436
416 22478_佛教慈悲觀研究_26 416 436
416 22479_佛教因緣觀研究_26 416 436
416 22481_佛教數息觀研究_26 416 436
416 22483_佛教持息念研究_26 416 436
416 22485_佛教四梵住研究_26 416 436
416 22486_佛教四護淨研究_26 416 436
416 22487_佛教四攝法研究_26 416 436
416 22491_佛教四攝事研究_26 416 436
416 22494_佛教四攝受研究_26 416 436
416 22495_佛教四依止研究_26 416 436
416 22496_佛教四依法研究_26 416 436
416 22502_佛教四依止研究_26 416 436
416 22513_佛教四無畏研究_26 416 436
416 22517_佛教四梵住研究_26 416 436
416 22518_佛教四禪定研究_26 416 436
416 22521_佛教四禪定研究_26 416 436
416 22527_佛教十遍處研究_26 416 436
416 22528_佛教八解脫研究_26 416 436
416 22529_佛教八勝處研究_26 416 436
416 22530_佛教十遍處研究_26 416 436
416 22532_佛教通明禪研究_26 416 436
416 22533_佛教不淨觀研究_26 416 436
416 22534_佛教慈悲觀研究_26 416 436
416 22535_佛教因緣觀研究_26 416 436
416 22537_佛教數息觀研究_26 416 436
416 22539_佛教持息念研究_26 416 436
416 22634_佛教密宗曼荼羅_27 416 436
416 22639_佛教密宗種子字_27 416 436
416 22710_佛教菲律賓經典_27 416 436
416 22818_佛教法律心理學_27 416 436
416 22886_佛教四無畏研究_27 416 436
416 22909_佛教八正道研究_27 416 436
416 22911_佛教七覺支研究_27 416 436
416 22912_佛教八正道研究_27 416 436
416 22918_佛教七覺支研究_27 416 436
416 22919_佛教八正道研究_27 416 436
416 22920_佛教八解脫研究_27 416 436
416 22921_佛教八勝處研究_27 416 436
416 22924_佛教十遍處研究_27 416 436
416 22926_佛教通明禪研究_27 416 436
416 22927_佛教不淨觀研究_27 416 436
416 22928_佛教慈悲觀研究_27 416 436
416 22929_佛教因緣觀研究_27 416 436
416 22931_佛教數息觀研究_27 416 436
416 22933_佛教持息念研究_27 416 436
416 22935_佛教四梵住研究_27 416 436
416 22936_佛教四護淨研究_27 416 436
416 22937_佛教四攝法研究_27 416 436
416 22941_佛教四攝事研究_27 416 436
416 22944_佛教四攝受研究_27 416 436
416 22945_佛教四依止研究_27 416 436
416 22946_佛教四依法研究_27 416 436
416 22952_佛教四依止研究_27 416 436
416 22963_佛教四無畏研究_27 416 436
416 22967_佛教四梵住研究_27 416 436
416 22968_佛教四禪定研究_27 416 436
416 22971_佛教四禪定研究_27 416 436
416 22977_佛教十遍處研究_27 416 436
416 22978_佛教八解脫研究_27 416 436
416 22979_佛教八勝處研究_27 416 436
416 22980_佛教十遍處研究_27 416 436
416 22982_佛教通明禪研究_27 416 436
416 22983_佛教不淨觀研究_27 416 436
416 22984_佛教慈悲觀研究_27 416 436
416 22985_佛教因緣觀研究_27 416 436
416 22987_佛教數息觀研究_27 416 436
416 22989_佛教持息念研究_27 416 436
416 22991_佛教四梵住研究_27 416 436
416 22992_佛教四護淨研究_27 416 436
416 22993_佛教四攝法研究_27 416 436
416 22997_佛教四攝事研究_27 416 436
416 23000_佛教四攝受研究_27 416 436
416 23001_佛教四依止研究_27 416 436
416 23002_佛教四依法研究_27 416 436
416 23008_佛教四依止研究_27 416 436
416 23019_佛教四無畏研究_27 416 436
416 23023_佛教四梵住研究_27 416 436
416 23024_佛教四禪定研究_27 416 436
416 23027_佛教四禪定研究_27 416 436
416 23033_佛教十遍處研究_27 416 436
416 23034_佛教八解脫研究_27 416 436
416 23035_佛教八勝處研究_27 416 436
416 23036_佛教十遍處研究_27 416 436
416 23038_佛教通明禪研究_27 416 436
416 23039_佛教不淨觀研究_27 416 436
416 23040_佛教慈悲觀研究_27 416 436
416 23041_佛教因緣觀研究_27 416 436
416 23043_佛教數息觀研究_27 416 436
416 23045_佛教持息念研究_27 416 436
416 23140_佛教密宗曼荼羅_28 416 436
416 23145_佛教密宗種子字_28 416 436
416 23216_佛教菲律賓經典_28 416 436
416 23324_佛教法律心理學_28 416 436
416 23392_佛教四無畏研究_28 416 436
416 23415_佛教八正道研究_28 416 436
416 23417_佛教七覺支研究_28 416 436
416 23418_佛教八正道研究_28 416 436
416 23424_佛教七覺支研究_28 416 436
416 23425_佛教八正道研究_28 416 436
416 23426_佛教八解脫研究_28 416 436
416 23427_佛教八勝處研究_28 416 436
416 23430_佛教十遍處研究_28 416 436
416 23432_佛教通明禪研究_28 416 436
416 23433_佛教不淨觀研究_28 416 436
416 23434_佛教慈悲觀研究_28 416 436
416 23435_佛教因緣觀研究_28 416 436
416 23437_佛教數息觀研究_28 416 436
416 23439_佛教持息念研究_28 416 436
416 23441_佛教四梵住研究_28 416 436
416 23442_佛教四護淨研究_28 416 436
416 23443_佛教四攝法研究_28 416 436
416 23447_佛教四攝事研究_28 416 436
416 23450_佛教四攝受研究_28 416 436
416 23451_佛教四依止研究_28 416 436
416 23452_佛教四依法研究_28 416 436
416 23458_佛教四依止研究_28 416 436
416 23469_佛教四無畏研究_28 416 436
416 23473_佛教四梵住研究_28 416 436
416 23474_佛教四禪定研究_28 416 436
416 23477_佛教四禪定研究_28 416 436
416 23483_佛教十遍處研究_28 416 436
416 23484_佛教八解脫研究_28 416 436
416 23485_佛教八勝處研究_28 416 436
416 23486_佛教十遍處研究_28 416 436
416 23488_佛教通明禪研究_28 416 436
416 23489_佛教不淨觀研究_28 416 436
416 23490_佛教慈悲觀研究_28 416 436
416 23491_佛教因緣觀研究_28 416 436
416 23493_佛教數息觀研究_28 416 436
416 23495_佛教持息念研究_28 416 436
416 23497_佛教四梵住研究_28 416 436
416 23498_佛教四護淨研究_28 416 436
416 23499_佛教四攝法研究_28 416 436
416 23503_佛教四攝事研究_28 416 436
416 23506_佛教四攝受研究_28 416 436
416 23507_佛教四依止研究_28 416 436
416 23508_佛教四依法研究_28 416 436
416 23514_佛教四依止研究_28 416 436
416 23525_佛教四無畏研究_28 416 436
416 23529_佛教四梵住研究_28 416 436
416 23530_佛教四禪定研究_28 416 436
416 23533_佛教四禪定研究_28 416 436
416 23539_佛教十遍處研究_28 416 436
416 23540_佛教八解脫研究_28 416 436
416 23541_佛教八勝處研究_28 416 436
416 23542_佛教十遍處研究_28 416 436
416 23544_佛教通明禪研究_28 416 436
416 23545_佛教不淨觀研究_28 416 436
416 23546_佛教慈悲觀研究_28 416 436
416 23547_佛教因緣觀研究_28 416 436
416 23549_佛教數息觀研究_28 416 436
416 23551_佛教持息念研究_28 416 436
416 23646_佛教密宗曼荼羅_29 416 436
416 23651_佛教密宗種子字_29 416 436
416 23722_佛教菲律賓經典_29 416 436
416 23830_佛教法律心理學_29 416 436
416 23898_佛教四無畏研究_29 416 436
416 23921_佛教八正道研究_29 416 436
416 23923_佛教七覺支研究_29 416 436
416 23924_佛教八正道研究_29 416 436
416 23930_佛教七覺支研究_29 416 436
416 23931_佛教八正道研究_29 416 436
416 23932_佛教八解脫研究_29 416 436
416 23933_佛教八勝處研究_29 416 436
416 23936_佛教十遍處研究_29 416 436
416 23938_佛教通明禪研究_29 416 436
416 23939_佛教不淨觀研究_29 416 436
416 23940_佛教慈悲觀研究_29 416 436
416 23941_佛教因緣觀研究_29 416 436
416 23943_佛教數息觀研究_29 416 436
416 23945_佛教持息念研究_29 416 436
416 23947_佛教四梵住研究_29 416 436
416 23948_佛教四護淨研究_29 416 436
416 23949_佛教四攝法研究_29 416 436
416 23953_佛教四攝事研究_29 416 436
416 23956_佛教四攝受研究_29 416 436
416 23957_佛教四依止研究_29 416 436
416 23958_佛教四依法研究_29 416 436
416 23964_佛教四依止研究_29 416 436
416 23975_佛教四無畏研究_29 416 436
416 23979_佛教四梵住研究_29 416 436
416 23980_佛教四禪定研究_29 416 436
416 23983_佛教四禪定研究_29 416 436
416 23989_佛教十遍處研究_29 416 436
416 23990_佛教八解脫研究_29 416 436
416 23991_佛教八勝處研究_29 416 436
416 23992_佛教十遍處研究_29 416 436
416 23994_佛教通明禪研究_29 416 436
416 23995_佛教不淨觀研究_29 416 436
416 23996_佛教慈悲觀研究_29 416 436
416 23997_佛教因緣觀研究_29 416 436
416 23999_佛教數息觀研究_29 416 436
416 24001_佛教持息念研究_29 416 436
416 24003_佛教四梵住研究_29 416 436
416 24004_佛教四護淨研究_29 416 436
416 24005_佛教四攝法研究_29 416 436
416 24009_佛教四攝事研究_29 416 436
416 24012_佛教四攝受研究_29 416 436
416 24013_佛教四依止研究_29 416 436
416 24014_佛教四依法研究_29 416 436
416 24020_佛教四依止研究_29 416 436
416 24031_佛教四無畏研究_29 416 436
416 24035_佛教四梵住研究_29 416 436
416 24036_佛教四禪定研究_29 416 436
416 24039_佛教四禪定研究_29 416 436
416 24045_佛教十遍處研究_29 416 436
416 24046_佛教八解脫研究_29 416 436
416 24047_佛教八勝處研究_29 416 436
416 24048_佛教十遍處研究_29 416 436
416 24050_佛教通明禪研究_29 416 436
416 24051_佛教不淨觀研究_29 416 436
416 24052_佛教慈悲觀研究_29 416 436
416 24053_佛教因緣觀研究_29 416 436
416 24055_佛教數息觀研究_29 416 436
416 24057_佛教持息念研究_29 416 436
416 24152_佛教密宗曼荼羅_30 416 436
416 24157_佛教密宗種子字_30 416 436
416 24228_佛教菲律賓經典_30 416 436
416 24336_佛教法律心理學_30 416 436
416 24404_佛教四無畏研究_30 416 436
416 24427_佛教八正道研究_30 416 436
416 24429_佛教七覺支研究_30 416 436
416 24430_佛教八正道研究_30 416 436
416 24436_佛教七覺支研究_30 416 436
416 24437_佛教八正道研究_30 416 436
416 24438_佛教八解脫研究_30 416 436
416 24439_佛教八勝處研究_30 416 436
416 24442_佛教十遍處研究_30 416 436
416 24444_佛教通明禪研究_30 416 436
416 24445_佛教不淨觀研究_30 416 436
416 24446_佛教慈悲觀研究_30 416 436
416 24447_佛教因緣觀研究_30 416 436
416 24449_佛教數息觀研究_30 416 436
416 24451_佛教持息念研究_30 416 436
416 24453_佛教四梵住研究_30 416 436
416 24454_佛教四護淨研究_30 416 436
416 24455_佛教四攝法研究_30 416 436
416 24459_佛教四攝事研究_30 416 436
416 24462_佛教四攝受研究_30 416 436
416 24463_佛教四依止研究_30 416 436
416 24464_佛教四依法研究_30 416 436
416 24470_佛教四依止研究_30 416 436
416 24481_佛教四無畏研究_30 416 436
416 24485_佛教四梵住研究_30 416 436
416 24486_佛教四禪定研究_30 416 436
416 24489_佛教四禪定研究_30 416 436
416 24495_佛教十遍處研究_30 416 436
416 24496_佛教八解脫研究_30 416 436
416 24497_佛教八勝處研究_30 416 436
416 24498_佛教十遍處研究_30 416 436
416 24500_佛教通明禪研究_30 416 436
416 24501_佛教不淨觀研究_30 416 436
416 24502_佛教慈悲觀研究_30 416 436
416 24503_佛教因緣觀研究_30 416 436
416 24505_佛教數息觀研究_30 416 436
416 24507_佛教持息念研究_30 416 436
416 24509_佛教四梵住研究_30 416 436
416 24510_佛教四護淨研究_30 416 436
416 24511_佛教四攝法研究_30 416 436
416 24515_佛教四攝事研究_30 416 436
416 24518_佛教四攝受研究_30 416 436
416 24519_佛教四依止研究_30 416 436
416 24520_佛教四依法研究_30 416 436
416 24526_佛教四依止研究_30 416 436
416 24537_佛教四無畏研究_30 416 436
416 24541_佛教四梵住研究_30 416 436
416 24542_佛教四禪定研究_30 416 436
416 24545_佛教四禪定研究_30 416 436
416 24551_佛教十遍處研究_30 416 436
416 24552_佛教八解脫研究_30 416 436
416 24553_佛教八勝處研究_30 416 436
416 24554_佛教十遍處研究_30 416 436
416 24556_佛教通明禪研究_30 416 436
416 24557_佛教不淨觀研究_30 416 436
416 24558_佛教慈悲觀研究_30 416 436
416 24559_佛教因緣觀研究_30 416 436
416 24561_佛教數息觀研究_30 416 436
416 24563_佛教持息念研究_30 416 436
416 24658_佛教密宗曼荼羅_31 416 436
416 24663_佛教密宗種子字_31 416 436
416 24734_佛教菲律賓經典_31 416 436
416 24842_佛教法律心理學_31 416 436
416 24910_佛教四無畏研究_31 416 436
416 24933_佛教八正道研究_31 416 436
416 24935_佛教七覺支研究_31 416 436
416 24936_佛教八正道研究_31 416 436
416 24942_佛教七覺支研究_31 416 436
416 24943_佛教八正道研究_31 416 436
416 24944_佛教八解脫研究_31 416 436
416 24945_佛教八勝處研究_31 416 436
416 24948_佛教十遍處研究_31 416 436
416 24950_佛教通明禪研究_31 416 436
416 24951_佛教不淨觀研究_31 416 436
416 24952_佛教慈悲觀研究_31 416 436
416 24953_佛教因緣觀研究_31 416 436
416 24955_佛教數息觀研究_31 416 436
416 24957_佛教持息念研究_31 416 436
416 24959_佛教四梵住研究_31 416 436
416 24960_佛教四護淨研究_31 416 436
416 24961_佛教四攝法研究_31 416 436
416 24965_佛教四攝事研究_31 416 436
416 24968_佛教四攝受研究_31 416 436
416 24969_佛教四依止研究_31 416 436
416 24970_佛教四依法研究_31 416 436
416 24976_佛教四依止研究_31 416 436
416 24987_佛教四無畏研究_31 416 436
416 24991_佛教四梵住研究_31 416 436
416 24992_佛教四禪定研究_31 416 436
416 24995_佛教四禪定研究_31 416 436
416 25001_佛教十遍處研究_31 416 436
416 25002_佛教八解脫研究_31 416 436
416 25003_佛教八勝處研究_31 416 436
416 25004_佛教十遍處研究_31 416 436
416 25006_佛教通明禪研究_31 416 436
416 25007_佛教不淨觀研究_31 416 436
416 25008_佛教慈悲觀研究_31 416 436
416 25009_佛教因緣觀研究_31 416 436
416 25011_佛教數息觀研究_31 416 436
416 25013_佛教持息念研究_31 416 436
416 25015_佛教四梵住研究_31 416 436
416 25016_佛教四護淨研究_31 416 436
416 25017_佛教四攝法研究_31 416 436
416 25021_佛教四攝事研究_31 416 436
416 25024_佛教四攝受研究_31 416 436
416 25025_佛教四依止研究_31 416 436
416 25026_佛教四依法研究_31 416 436
416 25032_佛教四依止研究_31 416 436
416 25043_佛教四無畏研究_31 416 436
416 25047_佛教四梵住研究_31 416 436
416 25048_佛教四禪定研究_31 416 436
416 25051_佛教四禪定研究_31 416 436
416 25057_佛教十遍處研究_31 416 436
416 25058_佛教八解脫研究_31 416 436
416 25059_佛教八勝處研究_31 416 436
416 25060_佛教十遍處研究_31 416 436
416 25062_佛教通明禪研究_31 416 436
416 25063_佛教不淨觀研究_31 416 436
416 25064_佛教慈悲觀研究_31 416 436
416 25065_佛教因緣觀研究_31 416 436
416 25067_佛教數息觀研究_31 416 436
416 25069_佛教持息念研究_31 416 436
416 25164_佛教密宗曼荼羅_32 416 436
416 25169_佛教密宗種子字_32 416 436
416 25240_佛教菲律賓經典_32 416 436
416 25348_佛教法律心理學_32 416 436
416 25416_佛教四無畏研究_32 416 436
416 25439_佛教八正道研究_32 416 436
416 25441_佛教七覺支研究_32 416 436
416 25442_佛教八正道研究_32 416 436
416 25448_佛教七覺支研究_32 416 436
416 25449_佛教八正道研究_32 416 436
416 25450_佛教八解脫研究_32 416 436
416 25451_佛教八勝處研究_32 416 436
416 25454_佛教十遍處研究_32 416 436
416 25456_佛教通明禪研究_32 416 436
416 25457_佛教不淨觀研究_32 416 436
416 25458_佛教慈悲觀研究_32 416 436
416 25459_佛教因緣觀研究_32 416 436
416 25461_佛教數息觀研究_32 416 436
416 25463_佛教持息念研究_32 416 436
416 25465_佛教四梵住研究_32 416 436
416 25466_佛教四護淨研究_32 416 436
416 25467_佛教四攝法研究_32 416 436
416 25471_佛教四攝事研究_32 416 436
416 25474_佛教四攝受研究_32 416 436
416 25475_佛教四依止研究_32 416 436
416 25476_佛教四依法研究_32 416 436
416 25482_佛教四依止研究_32 416 436
416 25493_佛教四無畏研究_32 416 436
416 25497_佛教四梵住研究_32 416 436
416 25498_佛教四禪定研究_32 416 436
416 25501_佛教四禪定研究_32 416 436
416 25507_佛教十遍處研究_32 416 436
416 25508_佛教八解脫研究_32 416 436
416 25509_佛教八勝處研究_32 416 436
416 25510_佛教十遍處研究_32 416 436
416 25512_佛教通明禪研究_32 416 436
416 25513_佛教不淨觀研究_32 416 436
416 25514_佛教慈悲觀研究_32 416 436
416 25515_佛教因緣觀研究_32 416 436
416 25517_佛教數息觀研究_32 416 436
416 25519_佛教持息念研究_32 416 436
416 25521_佛教四梵住研究_32 416 436
416 25522_佛教四護淨研究_32 416 436
416 25523_佛教四攝法研究_32 416 436
416 25527_佛教四攝事研究_32 416 436
416 25530_佛教四攝受研究_32 416 436
416 25531_佛教四依止研究_32 416 436
416 25532_佛教四依法研究_32 416 436
416 25538_佛教四依止研究_32 416 436
416 25549_佛教四無畏研究_32 416 436
416 25553_佛教四梵住研究_32 416 436
416 25554_佛教四禪定研究_32 416 436
416 25557_佛教四禪定研究_32 416 436
416 25563_佛教十遍處研究_32 416 436
416 25564_佛教八解脫研究_32 416 436
416 25565_佛教八勝處研究_32 416 436
416 25566_佛教十遍處研究_32 416 436
416 25568_佛教通明禪研究_32 416 436
416 25569_佛教不淨觀研究_32 416 436
416 25570_佛教慈悲觀研究_32 416 436
416 25571_佛教因緣觀研究_32 416 436
416 25573_佛教數息觀研究_32 416 436
416 25575_佛教持息念研究_32 416 436
416 25670_佛教密宗曼荼羅_33 416 436
416 25675_佛教密宗種子字_33 416 436
416 25746_佛教菲律賓經典_33 416 436
416 25854_佛教法律心理學_33 416 436
416 25922_佛教四無畏研究_33 416 436
416 25945_佛教八正道研究_33 416 436
416 25947_佛教七覺支研究_33 416 436
416 25948_佛教八正道研究_33 416 436
416 25954_佛教七覺支研究_33 416 436
416 25955_佛教八正道研究_33 416 436
416 25956_佛教八解脫研究_33 416 436
416 25957_佛教八勝處研究_33 416 436
416 25960_佛教十遍處研究_33 416 436
416 25962_佛教通明禪研究_33 416 436
416 25963_佛教不淨觀研究_33 416 436
416 25964_佛教慈悲觀研究_33 416 436
416 25965_佛教因緣觀研究_33 416 436
416 25967_佛教數息觀研究_33 416 436
416 25969_佛教持息念研究_33 416 436
416 25971_佛教四梵住研究_33 416 436
416 25972_佛教四護淨研究_33 416 436
416 25973_佛教四攝法研究_33 416 436
416 25977_佛教四攝事研究_33 416 436
416 25980_佛教四攝受研究_33 416 436
416 25981_佛教四依止研究_33 416 436
416 25982_佛教四依法研究_33 416 436
416 25988_佛教四依止研究_33 416 436
416 25999_佛教四無畏研究_33 416 436
416 26003_佛教四梵住研究_33 416 436
416 26004_佛教四禪定研究_33 416 436
416 26007_佛教四禪定研究_33 416 436
416 26013_佛教十遍處研究_33 416 436
416 26014_佛教八解脫研究_33 416 436
416 26015_佛教八勝處研究_33 416 436
416 26016_佛教十遍處研究_33 416 436
416 26018_佛教通明禪研究_33 416 436
416 26019_佛教不淨觀研究_33 416 436
416 26020_佛教慈悲觀研究_33 416 436
416 26021_佛教因緣觀研究_33 416 436
416 26023_佛教數息觀研究_33 416 436
416 26025_佛教持息念研究_33 416 436
416 26027_佛教四梵住研究_33 416 436
416 26028_佛教四護淨研究_33 416 436
416 26029_佛教四攝法研究_33 416 436
416 26033_佛教四攝事研究_33 416 436
416 26036_佛教四攝受研究_33 416 436
416 26037_佛教四依止研究_33 416 436
416 26038_佛教四依法研究_33 416 436
416 26044_佛教四依止研究_33 416 436
416 26055_佛教四無畏研究_33 416 436
416 26059_佛教四梵住研究_33 416 436
416 26060_佛教四禪定研究_33 416 436
416 26063_佛教四禪定研究_33 416 436
416 26069_佛教十遍處研究_33 416 436
416 26070_佛教八解脫研究_33 416 436
416 26071_佛教八勝處研究_33 416 436
416 26072_佛教十遍處研究_33 416 436
416 26074_佛教通明禪研究_33 416 436
416 26075_佛教不淨觀研究_33 416 436
416 26076_佛教慈悲觀研究_33 416 436
416 26077_佛教因緣觀研究_33 416 436
416 26079_佛教數息觀研究_33 416 436
416 26081_佛教持息念研究_33 416 436
416 26176_佛教密宗曼荼羅_34 416 436
416 26181_佛教密宗種子字_34 416 436
416 26252_佛教菲律賓經典_34 416 436
416 26360_佛教法律心理學_34 416 436
416 26428_佛教四無畏研究_34 416 436
416 26451_佛教八正道研究_34 416 436
416 26453_佛教七覺支研究_34 416 436
416 26454_佛教八正道研究_34 416 436
416 26460_佛教七覺支研究_34 416 436
416 26461_佛教八正道研究_34 416 436
416 26462_佛教八解脫研究_34 416 436
416 26463_佛教八勝處研究_34 416 436
416 26466_佛教十遍處研究_34 416 436
416 26468_佛教通明禪研究_34 416 436
416 26469_佛教不淨觀研究_34 416 436
416 26470_佛教慈悲觀研究_34 416 436
416 26471_佛教因緣觀研究_34 416 436
416 26473_佛教數息觀研究_34 416 436
416 26475_佛教持息念研究_34 416 436
416 26477_佛教四梵住研究_34 416 436
416 26478_佛教四護淨研究_34 416 436
416 26479_佛教四攝法研究_34 416 436
416 26483_佛教四攝事研究_34 416 436
416 26486_佛教四攝受研究_34 416 436
416 26487_佛教四依止研究_34 416 436
416 26488_佛教四依法研究_34 416 436
416 26494_佛教四依止研究_34 416 436
416 26505_佛教四無畏研究_34 416 436
416 26509_佛教四梵住研究_34 416 436
416 26510_佛教四禪定研究_34 416 436
416 26513_佛教四禪定研究_34 416 436
416 26519_佛教十遍處研究_34 416 436
416 26520_佛教八解脫研究_34 416 436
416 26521_佛教八勝處研究_34 416 436
416 26522_佛教十遍處研究_34 416 436
416 26524_佛教通明禪研究_34 416 436
416 26525_佛教不淨觀研究_34 416 436
416 26526_佛教慈悲觀研究_34 416 436
416 26527_佛教因緣觀研究_34 416 436
416 26529_佛教數息觀研究_34 416 436
416 26531_佛教持息念研究_34 416 436
416 26533_佛教四梵住研究_34 416 436
416 26534_佛教四護淨研究_34 416 436
416 26535_佛教四攝法研究_34 416 436
416 26539_佛教四攝事研究_34 416 436
416 26542_佛教四攝受研究_34 416 436
416 26543_佛教四依止研究_34 416 436
416 26544_佛教四依法研究_34 416 436
416 26550_佛教四依止研究_34 416 436
416 26561_佛教四無畏研究_34 416 436
416 26565_佛教四梵住研究_34 416 436
416 26566_佛教四禪定研究_34 416 436
416 26569_佛教四禪定研究_34 416 436
416 26575_佛教十遍處研究_34 416 436
416 26576_佛教八解脫研究_34 416 436
416 26577_佛教八勝處研究_34 416 436
416 26578_佛教十遍處研究_34 416 436
416 26580_佛教通明禪研究_34 416 436
416 26581_佛教不淨觀研究_34 416 436
416 26582_佛教慈悲觀研究_34 416 436
416 26583_佛教因緣觀研究_34 416 436
416 26585_佛教數息觀研究_34 416 436
416 26587_佛教持息念研究_34 416 436
416 26682_佛教密宗曼荼羅_35 416 436
416 26687_佛教密宗種子字_35 416 436
416 26758_佛教菲律賓經典_35 416 436
416 26866_佛教法律心理學_35 416 436
416 26934_佛教四無畏研究_35 416 436
416 26957_佛教八正道研究_35 416 436
416 26959_佛教七覺支研究_35 416 436
416 26960_佛教八正道研究_35 416 436
416 26966_佛教七覺支研究_35 416 436
416 26967_佛教八正道研究_35 416 436
416 26968_佛教八解脫研究_35 416 436
416 26969_佛教八勝處研究_35 416 436
416 26972_佛教十遍處研究_35 416 436
416 26974_佛教通明禪研究_35 416 436
416 26975_佛教不淨觀研究_35 416 436
416 26976_佛教慈悲觀研究_35 416 436
416 26977_佛教因緣觀研究_35 416 436
416 26979_佛教數息觀研究_35 416 436
416 26981_佛教持息念研究_35 416 436
416 26983_佛教四梵住研究_35 416 436
416 26984_佛教四護淨研究_35 416 436
416 26985_佛教四攝法研究_35 416 436
416 26989_佛教四攝事研究_35 416 436
416 26992_佛教四攝受研究_35 416 436
416 26993_佛教四依止研究_35 416 436
416 26994_佛教四依法研究_35 416 436
416 27000_佛教四依止研究_35 416 436
416 27011_佛教四無畏研究_35 416 436
416 27015_佛教四梵住研究_35 416 436
416 27016_佛教四禪定研究_35 416 436
416 27019_佛教四禪定研究_35 416 436
416 27025_佛教十遍處研究_35 416 436
416 27026_佛教八解脫研究_35 416 436
416 27027_佛教八勝處研究_35 416 436
416 27028_佛教十遍處研究_35 416 436
416 27030_佛教通明禪研究_35 416 436
416 27031_佛教不淨觀研究_35 416 436
416 27032_佛教慈悲觀研究_35 416 436
416 27033_佛教因緣觀研究_35 416 436
416 27035_佛教數息觀研究_35 416 436
416 27037_佛教持息念研究_35 416 436
416 27039_佛教四梵住研究_35 416 436
416 27040_佛教四護淨研究_35 416 436
416 27041_佛教四攝法研究_35 416 436
416 27045_佛教四攝事研究_35 416 436
416 27048_佛教四攝受研究_35 416 436
416 27049_佛教四依止研究_35 416 436
416 27050_佛教四依法研究_35 416 436
416 27056_佛教四依止研究_35 416 436
416 27067_佛教四無畏研究_35 416 436
416 27071_佛教四梵住研究_35 416 436
416 27072_佛教四禪定研究_35 416 436
416 27075_佛教四禪定研究_35 416 436
416 27081_佛教十遍處研究_35 416 436
416 27082_佛教八解脫研究_35 416 436
416 27083_佛教八勝處研究_35 416 436
416 27084_佛教十遍處研究_35 416 436
416 27086_佛教通明禪研究_35 416 436
416 27087_佛教不淨觀研究_35 416 436
416 27088_佛教慈悲觀研究_35 416 436
416 27089_佛教因緣觀研究_35 416 436
416 27091_佛教數息觀研究_35 416 436
416 27093_佛教持息念研究_35 416 436
416 27188_佛教密宗曼荼羅_36 416 436
416 27193_佛教密宗種子字_36 416 436
416 27264_佛教菲律賓經典_36 416 436
416 27372_佛教法律心理學_36 416 436
416 27440_佛教四無畏研究_36 416 436
416 27463_佛教八正道研究_36 416 436
416 27465_佛教七覺支研究_36 416 436
416 27466_佛教八正道研究_36 416 436
416 27472_佛教七覺支研究_36 416 436
416 27473_佛教八正道研究_36 416 436
416 27474_佛教八解脫研究_36 416 436
416 27475_佛教八勝處研究_36 416 436
416 27478_佛教十遍處研究_36 416 436
416 27480_佛教通明禪研究_36 416 436
416 27481_佛教不淨觀研究_36 416 436
416 27482_佛教慈悲觀研究_36 416 436
416 27483_佛教因緣觀研究_36 416 436
416 27485_佛教數息觀研究_36 416 436
416 27487_佛教持息念研究_36 416 436
416 27489_佛教四梵住研究_36 416 436
416 27490_佛教四護淨研究_36 416 436
416 27491_佛教四攝法研究_36 416 436
416 27495_佛教四攝事研究_36 416 436
416 27498_佛教四攝受研究_36 416 436
416 27499_佛教四依止研究_36 416 436
416 27500_佛教四依法研究_36 416 436
416 27506_佛教四依止研究_36 416 436
416 27517_佛教四無畏研究_36 416 436
416 27521_佛教四梵住研究_36 416 436
416 27522_佛教四禪定研究_36 416 436
416 27525_佛教四禪定研究_36 416 436
416 27531_佛教十遍處研究_36 416 436
416 27532_佛教八解脫研究_36 416 436
416 27533_佛教八勝處研究_36 416 436
416 27534_佛教十遍處研究_36 416 436
416 27536_佛教通明禪研究_36 416 436
416 27537_佛教不淨觀研究_36 416 436
416 27538_佛教慈悲觀研究_36 416 436
416 27539_佛教因緣觀研究_36 416 436
416 27541_佛教數息觀研究_36 416 436
416 27543_佛教持息念研究_36 416 436
416 27545_佛教四梵住研究_36 416 436
416 27546_佛教四護淨研究_36 416 436
416 27547_佛教四攝法研究_36 416 436
416 27551_佛教四攝事研究_36 416 436
416 27554_佛教四攝受研究_36 416 436
416 27555_佛教四依止研究_36 416 436
416 27556_佛教四依法研究_36 416 436
416 27562_佛教四依止研究_36 416 436
416 27573_佛教四無畏研究_36 416 436
416 27577_佛教四梵住研究_36 416 436
416 27578_佛教四禪定研究_36 416 436
416 27581_佛教四禪定研究_36 416 436
416 27587_佛教十遍處研究_36 416 436
416 27588_佛教八解脫研究_36 416 436
416 27589_佛教八勝處研究_36 416 436
416 27590_佛教十遍處研究_36 416 436
416 27592_佛教通明禪研究_36 416 436
416 27593_佛教不淨觀研究_36 416 436
416 27594_佛教慈悲觀研究_36 416 436
416 27595_佛教因緣觀研究_36 416 436
416 27597_佛教數息觀研究_36 416 436
416 27599_佛教持息念研究_36 416 436
416 27694_佛教密宗曼荼羅_37 416 436
416 27699_佛教密宗種子字_37 416 436
416 27770_佛教菲律賓經典_37 416 436
416 27878_佛教法律心理學_37 416 436
416 27946_佛教四無畏研究_37 416 436
416 27969_佛教八正道研究_37 416 436
416 27971_佛教七覺支研究_37 416 436
416 27972_佛教八正道研究_37 416 436
416 27978_佛教七覺支研究_37 416 436
416 27979_佛教八正道研究_37 416 436
416 27980_佛教八解脫研究_37 416 436
416 27981_佛教八勝處研究_37 416 436
416 27984_佛教十遍處研究_37 416 436
416 27986_佛教通明禪研究_37 416 436
416 27987_佛教不淨觀研究_37 416 436
416 27988_佛教慈悲觀研究_37 416 436
416 27989_佛教因緣觀研究_37 416 436
416 27991_佛教數息觀研究_37 416 436
416 27993_佛教持息念研究_37 416 436
416 27995_佛教四梵住研究_37 416 436
416 27996_佛教四護淨研究_37 416 436
416 27997_佛教四攝法研究_37 416 436
416 28001_佛教四攝事研究_37 416 436
416 28004_佛教四攝受研究_37 416 436
416 28005_佛教四依止研究_37 416 436
416 28006_佛教四依法研究_37 416 436
416 28012_佛教四依止研究_37 416 436
416 28023_佛教四無畏研究_37 416 436
416 28027_佛教四梵住研究_37 416 436
416 28028_佛教四禪定研究_37 416 436
416 28031_佛教四禪定研究_37 416 436
416 28037_佛教十遍處研究_37 416 436
416 28038_佛教八解脫研究_37 416 436
416 28039_佛教八勝處研究_37 416 436
416 28040_佛教十遍處研究_37 416 436
416 28042_佛教通明禪研究_37 416 436
416 28043_佛教不淨觀研究_37 416 436
416 28044_佛教慈悲觀研究_37 416 436
416 28045_佛教因緣觀研究_37 416 436
416 28047_佛教數息觀研究_37 416 436
416 28049_佛教持息念研究_37 416 436
416 28051_佛教四梵住研究_37 416 436
416 28052_佛教四護淨研究_37 416 436
416 28053_佛教四攝法研究_37 416 436
416 28057_佛教四攝事研究_37 416 436
416 28060_佛教四攝受研究_37 416 436
416 28061_佛教四依止研究_37 416 436
416 28062_佛教四依法研究_37 416 436
416 28068_佛教四依止研究_37 416 436
416 28079_佛教四無畏研究_37 416 436
416 28083_佛教四梵住研究_37 416 436
416 28084_佛教四禪定研究_37 416 436
416 28087_佛教四禪定研究_37 416 436
416 28093_佛教十遍處研究_37 416 436
416 28094_佛教八解脫研究_37 416 436
416 28095_佛教八勝處研究_37 416 436
416 28096_佛教十遍處研究_37 416 436
416 28098_佛教通明禪研究_37 416 436
416 28099_佛教不淨觀研究_37 416 436
416 28100_佛教慈悲觀研究_37 416 436
416 28101_佛教因緣觀研究_37 416 436
416 28103_佛教數息觀研究_37 416 436
416 28105_佛教持息念研究_37 416 436
416 28200_佛教密宗曼荼羅_38 416 436
416 28205_佛教密宗種子字_38 416 436
416 28276_佛教菲律賓經典_38 416 436
416 28384_佛教法律心理學_38 416 436
416 28452_佛教四無畏研究_38 416 436
416 28475_佛教八正道研究_38 416 436
416 28477_佛教七覺支研究_38 416 436
416 28478_佛教八正道研究_38 416 436
416 28484_佛教七覺支研究_38 416 436
416 28485_佛教八正道研究_38 416 436
416 28486_佛教八解脫研究_38 416 436
416 28487_佛教八勝處研究_38 416 436
416 28490_佛教十遍處研究_38 416 436
416 28492_佛教通明禪研究_38 416 436
416 28493_佛教不淨觀研究_38 416 436
416 28494_佛教慈悲觀研究_38 416 436
416 28495_佛教因緣觀研究_38 416 436
416 28497_佛教數息觀研究_38 416 436
416 28499_佛教持息念研究_38 416 436
416 28501_佛教四梵住研究_38 416 436
416 28502_佛教四護淨研究_38 416 436
416 28503_佛教四攝法研究_38 416 436
416 28507_佛教四攝事研究_38 416 436
416 28510_佛教四攝受研究_38 416 436
416 28511_佛教四依止研究_38 416 436
416 28512_佛教四依法研究_38 416 436
416 28518_佛教四依止研究_38 416 436
416 28529_佛教四無畏研究_38 416 436
416 28533_佛教四梵住研究_38 416 436
416 28534_佛教四禪定研究_38 416 436
416 28537_佛教四禪定研究_38 416 436
416 28543_佛教十遍處研究_38 416 436
416 28544_佛教八解脫研究_38 416 436
416 28545_佛教八勝處研究_38 416 436
416 28546_佛教十遍處研究_38 416 436
416 28548_佛教通明禪研究_38 416 436
416 28549_佛教不淨觀研究_38 416 436
416 28550_佛教慈悲觀研究_38 416 436
416 28551_佛教因緣觀研究_38 416 436
416 28553_佛教數息觀研究_38 416 436
416 28555_佛教持息念研究_38 416 436
416 28557_佛教四梵住研究_38 416 436
416 28558_佛教四護淨研究_38 416 436
416 28559_佛教四攝法研究_38 416 436
416 28563_佛教四攝事研究_38 416 436
416 28566_佛教四攝受研究_38 416 436
416 28567_佛教四依止研究_38 416 436
416 28568_佛教四依法研究_38 416 436
416 28574_佛教四依止研究_38 416 436
416 28585_佛教四無畏研究_38 416 436
416 28589_佛教四梵住研究_38 416 436
416 28590_佛教四禪定研究_38 416 436
416 28593_佛教四禪定研究_38 416 436
416 28599_佛教十遍處研究_38 416 436
416 28600_佛教八解脫研究_38 416 436
416 28601_佛教八勝處研究_38 416 436
416 28602_佛教十遍處研究_38 416 436
416 28604_佛教通明禪研究_38 416 436
416 28605_佛教不淨觀研究_38 416 436
416 28606_佛教慈悲觀研究_38 416 436
416 28607_佛教因緣觀研究_38 416 436
416 28609_佛教數息觀研究_38 416 436
416 28611_佛教持息念研究_38 416 436
416 28706_佛教密宗曼荼羅_39 416 436
416 28711_佛教密宗種子字_39 416 436
416 28782_佛教菲律賓經典_39 416 436
416 28890_佛教法律心理學_39 416 436
416 28958_佛教四無畏研究_39 416 436
416 28981_佛教八正道研究_39 416 436
416 28983_佛教七覺支研究_39 416 436
416 28984_佛教八正道研究_39 416 436
416 28990_佛教七覺支研究_39 416 436
416 28991_佛教八正道研究_39 416 436
416 28992_佛教八解脫研究_39 416 436
416 28993_佛教八勝處研究_39 416 436
416 28996_佛教十遍處研究_39 416 436
416 28998_佛教通明禪研究_39 416 436
416 28999_佛教不淨觀研究_39 416 436
416 29000_佛教慈悲觀研究_39 416 436
416 29001_佛教因緣觀研究_39 416 436
416 29003_佛教數息觀研究_39 416 436
416 29005_佛教持息念研究_39 416 436
416 29007_佛教四梵住研究_39 416 436
416 29008_佛教四護淨研究_39 416 436
416 29009_佛教四攝法研究_39 416 436
416 29013_佛教四攝事研究_39 416 436
416 29016_佛教四攝受研究_39 416 436
416 29017_佛教四依止研究_39 416 436
416 29018_佛教四依法研究_39 416 436
416 29024_佛教四依止研究_39 416 436
416 29035_佛教四無畏研究_39 416 436
416 29039_佛教四梵住研究_39 416 436
416 29040_佛教四禪定研究_39 416 436
416 29043_佛教四禪定研究_39 416 436
416 29049_佛教十遍處研究_39 416 436
416 29050_佛教八解脫研究_39 416 436
416 29051_佛教八勝處研究_39 416 436
416 29052_佛教十遍處研究_39 416 436
416 29054_佛教通明禪研究_39 416 436
416 29055_佛教不淨觀研究_39 416 436
416 29056_佛教慈悲觀研究_39 416 436
416 29057_佛教因緣觀研究_39 416 436
416 29059_佛教數息觀研究_39 416 436
416 29061_佛教持息念研究_39 416 436
416 29063_佛教四梵住研究_39 416 436
416 29064_佛教四護淨研究_39 416 436
416 29065_佛教四攝法研究_39 416 436
416 29069_佛教四攝事研究_39 416 436
416 29072_佛教四攝受研究_39 416 436
416 29073_佛教四依止研究_39 416 436
416 29074_佛教四依法研究_39 416 436
416 29080_佛教四依止研究_39 416 436
416 29091_佛教四無畏研究_39 416 436
416 29095_佛教四梵住研究_39 416 436
416 29096_佛教四禪定研究_39 416 436
416 29099_佛教四禪定研究_39 416 436
416 29105_佛教十遍處研究_39 416 436
416 29106_佛教八解脫研究_39 416 436
416 29107_佛教八勝處研究_39 416 436
416 29108_佛教十遍處研究_39 416 436
416 29110_佛教通明禪研究_39 416 436
416 29111_佛教不淨觀研究_39 416 436
416 29112_佛教慈悲觀研究_39 416 436
416 29113_佛教因緣觀研究_39 416 436
416 29115_佛教數息觀研究_39 416 436
416 29117_佛教持息念研究_39 416 436
416 29212_佛教密宗曼荼羅_40 416 436
416 29217_佛教密宗種子字_40 416 436
416 29288_佛教菲律賓經典_40 416 436
416 29396_佛教法律心理學_40 416 436
416 29464_佛教四無畏研究_40 416 436
416 29487_佛教八正道研究_40 416 436
416 29489_佛教七覺支研究_40 416 436
416 29490_佛教八正道研究_40 416 436
416 29496_佛教七覺支研究_40 416 436
416 29497_佛教八正道研究_40 416 436
416 29498_佛教八解脫研究_40 416 436
416 29499_佛教八勝處研究_40 416 436
416 29502_佛教十遍處研究_40 416 436
416 29504_佛教通明禪研究_40 416 436
416 29505_佛教不淨觀研究_40 416 436
416 29506_佛教慈悲觀研究_40 416 436
416 29507_佛教因緣觀研究_40 416 436
416 29509_佛教數息觀研究_40 416 436
416 29511_佛教持息念研究_40 416 436
416 29513_佛教四梵住研究_40 416 436
416 29514_佛教四護淨研究_40 416 436
416 29515_佛教四攝法研究_40 416 436
416 29519_佛教四攝事研究_40 416 436
416 29522_佛教四攝受研究_40 416 436
416 29523_佛教四依止研究_40 416 436
416 29524_佛教四依法研究_40 416 436
416 29530_佛教四依止研究_40 416 436
416 29541_佛教四無畏研究_40 416 436
416 29545_佛教四梵住研究_40 416 436
416 29546_佛教四禪定研究_40 416 436
416 29549_佛教四禪定研究_40 416 436
416 29555_佛教十遍處研究_40 416 436
416 29556_佛教八解脫研究_40 416 436
416 29557_佛教八勝處研究_40 416 436
416 29558_佛教十遍處研究_40 416 436
416 29560_佛教通明禪研究_40 416 436
416 29561_佛教不淨觀研究_40 416 436
416 29562_佛教慈悲觀研究_40 416 436
416 29563_佛教因緣觀研究_40 416 436
416 29565_佛教數息觀研究_40 416 436
416 29567_佛教持息念研究_40 416 436
416 29569_佛教四梵住研究_40 416 436
416 29570_佛教四護淨研究_40 416 436
416 29571_佛教四攝法研究_40 416 436
416 29575_佛教四攝事研究_40 416 436
416 29578_佛教四攝受研究_40 416 436
416 29579_佛教四依止研究_40 416 436
416 29580_佛教四依法研究_40 416 436
416 29586_佛教四依止研究_40 416 436
416 29597_佛教四無畏研究_40 416 436
416 29601_佛教四梵住研究_40 416 436
416 29602_佛教四禪定研究_40 416 436
416 29605_佛教四禪定研究_40 416 436
416 29611_佛教十遍處研究_40 416 436
416 29612_佛教八解脫研究_40 416 436
416 29613_佛教八勝處研究_40 416 436
416 29614_佛教十遍處研究_40 416 436
416 29616_佛教通明禪研究_40 416 436
416 29617_佛教不淨觀研究_40 416 436
416 29618_佛教慈悲觀研究_40 416 436
416 29619_佛教因緣觀研究_40 416 436
416 29621_佛教數息觀研究_40 416 436
416 29623_佛教持息念研究_40 416 436
417 01818_覺囊派時輪金剛論 417 652
418 01616_宗喀巴大師文集 418 528
418 01944_金光明經疏 418 528
418 02713_佛教俱舍宗譜 418 432
418 02802_佛教斯里蘭卡經典 418 441
419 01870_苯教圓滿次第 419 610
420 01975_地藏經疏 420 609
420 02523_南傳長老尼偈注 420 437
420 02530_南傳無礙解道注 420 437
420 02539_南傳大吉祥經注 420 437
420 02546_南傳清淨道論注 420 437
420 02547_南傳殊勝義注注 420 437
420 02548_南傳迷惑冰消注 420 437
420 02551_南傳諦要略論注 420 437
420 02555_南傳人施設論注 420 437
420 02561_南傳菩提樹史注 420 437
420 02729_佛教淨土往生傳 420 437
422 02630_格魯派喜金剛心髓 422 442
422 05007_佛教三十二相研究 422 442
422 05008_佛教八十種好研究 422 442
422 05009_佛教三十二應研究 422 442
422 05010_佛教八十四相研究 422 442
422 05012_佛教五百羅漢研究 422 442
422 05013_佛教十六羅漢研究 422 442
422 05014_佛教十八羅漢研究 422 442
422 05016_佛教十二藥叉研究 422 442
422 05017_佛教天龍八部研究 422 442
422 05018_佛教四大天王研究 422 442
422 05019_佛教二十諸天研究 422 442
422 05020_佛教二十八宿研究 422 442
422 05021_佛教三十六天研究 422 442
422 05024_佛教二十五有研究 422 442
422 05026_佛教十二因緣研究 422 442
422 05041_佛教十一切處研究 422 442
422 05042_佛教九次第定研究 422 442
422 05044_佛教十六特勝研究 422 442
422 05049_佛教界分別觀研究 422 442
422 05053_佛教四無量心研究 422 442
422 05059_佛教十波羅蜜研究 422 442
422 05061_佛教四無盡藏研究 422 442
422 05062_佛教四弘誓願研究 422 442
422 05073_佛教四安樂行研究 422 442
422 05074_佛教四無礙解研究 422 442
422 05075_佛教四無礙辯研究 422 442
422 05083_佛教四無所畏研究 422 442
422 05089_佛教四無色定研究 422 442
422 05091_佛教四禪八定研究 422 442
422 05095_佛教十一切入研究 422 442
422 05100_佛教十六特勝研究 422 442
422 05105_佛教界分別觀研究 422 442
422 05109_佛教四無量心研究 422 442
422 05115_佛教十波羅蜜研究 422 442
422 05117_佛教四無盡藏研究 422 442
422 05118_佛教四弘誓願研究 422 442
422 05156_佛教十六特勝研究 422 442
422 05161_佛教界分別觀研究 422 442
422 05513_佛教三十二相研究_1 422 442
422 05515_佛教三十二應研究_1 422 442
422 05526_佛教二十八宿研究_1 422 442
422 05530_佛教二十五有研究_1 422 442
422 05548_佛教九次第定研究_1 422 442
422 05550_佛教十六特勝研究_1 422 442
422 05555_佛教界分別觀研究_1 422 442
422 05559_佛教四無量心研究_1 422 442
422 05565_佛教十波羅蜜研究_1 422 442
422 05567_佛教四無盡藏研究_1 422 442
422 05568_佛教四弘誓願研究_1 422 442
422 05606_佛教十六特勝研究_1 422 442
422 05611_佛教界分別觀研究_1 422 442
422 05615_佛教四無量心研究_1 422 442
422 05621_佛教十波羅蜜研究_1 422 442
422 05623_佛教四無盡藏研究_1 422 442
422 05624_佛教四弘誓願研究_1 422 442
422 05662_佛教十六特勝研究_1 422 442
422 05667_佛教界分別觀研究_1 422 442
422 06019_佛教三十二相研究_2 422 442
422 06021_佛教三十二應研究_2 422 442
422 06032_佛教二十八宿研究_2 422 442
422 06036_佛教二十五有研究_2 422 442
422 06054_佛教九次第定研究_2 422 442
422 06056_佛教十六特勝研究_2 422 442
422 06061_佛教界分別觀研究_2 422 442
422 06065_佛教四無量心研究_2 422 442
422 06071_佛教十波羅蜜研究_2 422 442
422 06073_佛教四無盡藏研究_2 422 442
422 06074_佛教四弘誓願研究_2 422 442
422 06112_佛教十六特勝研究_2 422 442
422 06117_佛教界分別觀研究_2 422 442
422 06121_佛教四無量心研究_2 422 442
422 06127_佛教十波羅蜜研究_2 422 442
422 06129_佛教四無盡藏研究_2 422 442
422 06130_佛教四弘誓願研究_2 422 442
422 06168_佛教十六特勝研究_2 422 442
422 06173_佛教界分別觀研究_2 422 442
422 06525_佛教三十二相研究_3 422 442
422 06527_佛教三十二應研究_3 422 442
422 06538_佛教二十八宿研究_3 422 442
422 06542_佛教二十五有研究_3 422 442
422 06560_佛教九次第定研究_3 422 442
422 06562_佛教十六特勝研究_3 422 442
422 06567_佛教界分別觀研究_3 422 442
422 06571_佛教四無量心研究_3 422 442
422 06577_佛教十波羅蜜研究_3 422 442
422 06579_佛教四無盡藏研究_3 422 442
422 06580_佛教四弘誓願研究_3 422 442
422 06618_佛教十六特勝研究_3 422 442
422 06623_佛教界分別觀研究_3 422 442
422 06627_佛教四無量心研究_3 422 442
422 06633_佛教十波羅蜜研究_3 422 442
422 06635_佛教四無盡藏研究_3 422 442
422 06636_佛教四弘誓願研究_3 422 442
422 06674_佛教十六特勝研究_3 422 442
422 06679_佛教界分別觀研究_3 422 442
422 07031_佛教三十二相研究_4 422 442
422 07033_佛教三十二應研究_4 422 442
422 07044_佛教二十八宿研究_4 422 442
422 07048_佛教二十五有研究_4 422 442
422 07066_佛教九次第定研究_4 422 442
422 07068_佛教十六特勝研究_4 422 442
422 07073_佛教界分別觀研究_4 422 442
422 07077_佛教四無量心研究_4 422 442
422 07083_佛教十波羅蜜研究_4 422 442
422 07085_佛教四無盡藏研究_4 422 442
422 07086_佛教四弘誓願研究_4 422 442
422 07124_佛教十六特勝研究_4 422 442
422 07129_佛教界分別觀研究_4 422 442
422 07133_佛教四無量心研究_4 422 442
422 07139_佛教十波羅蜜研究_4 422 442
422 07141_佛教四無盡藏研究_4 422 442
422 07142_佛教四弘誓願研究_4 422 442
422 07180_佛教十六特勝研究_4 422 442
422 07185_佛教界分別觀研究_4 422 442
422 07537_佛教三十二相研究_5 422 442
422 07539_佛教三十二應研究_5 422 442
422 07550_佛教二十八宿研究_5 422 442
422 07554_佛教二十五有研究_5 422 442
422 07572_佛教九次第定研究_5 422 442
422 07574_佛教十六特勝研究_5 422 442
422 07579_佛教界分別觀研究_5 422 442
422 07583_佛教四無量心研究_5 422 442
422 07589_佛教十波羅蜜研究_5 422 442
422 07591_佛教四無盡藏研究_5 422 442
422 07592_佛教四弘誓願研究_5 422 442
422 07630_佛教十六特勝研究_5 422 442
422 07635_佛教界分別觀研究_5 422 442
422 07639_佛教四無量心研究_5 422 442
422 07645_佛教十波羅蜜研究_5 422 442
422 07647_佛教四無盡藏研究_5 422 442
422 07648_佛教四弘誓願研究_5 422 442
422 07686_佛教十六特勝研究_5 422 442
422 07691_佛教界分別觀研究_5 422 442
422 08043_佛教三十二相研究_6 422 442
422 08045_佛教三十二應研究_6 422 442
422 08056_佛教二十八宿研究_6 422 442
422 08060_佛教二十五有研究_6 422 442
422 08078_佛教九次第定研究_6 422 442
422 08080_佛教十六特勝研究_6 422 442
422 08085_佛教界分別觀研究_6 422 442
422 08089_佛教四無量心研究_6 422 442
422 08095_佛教十波羅蜜研究_6 422 442
422 08097_佛教四無盡藏研究_6 422 442
422 08098_佛教四弘誓願研究_6 422 442
422 08136_佛教十六特勝研究_6 422 442
422 08141_佛教界分別觀研究_6 422 442
422 08145_佛教四無量心研究_6 422 442
422 08151_佛教十波羅蜜研究_6 422 442
422 08153_佛教四無盡藏研究_6 422 442
422 08154_佛教四弘誓願研究_6 422 442
422 08192_佛教十六特勝研究_6 422 442
422 08197_佛教界分別觀研究_6 422 442
422 08549_佛教三十二相研究_7 422 442
422 08551_佛教三十二應研究_7 422 442
422 08562_佛教二十八宿研究_7 422 442
422 08566_佛教二十五有研究_7 422 442
422 08584_佛教九次第定研究_7 422 442
422 08586_佛教十六特勝研究_7 422 442
422 08591_佛教界分別觀研究_7 422 442
422 08595_佛教四無量心研究_7 422 442
422 08601_佛教十波羅蜜研究_7 422 442
422 08603_佛教四無盡藏研究_7 422 442
422 08604_佛教四弘誓願研究_7 422 442
422 08642_佛教十六特勝研究_7 422 442
422 08647_佛教界分別觀研究_7 422 442
422 08651_佛教四無量心研究_7 422 442
422 08657_佛教十波羅蜜研究_7 422 442
422 08659_佛教四無盡藏研究_7 422 442
422 08660_佛教四弘誓願研究_7 422 442
422 08698_佛教十六特勝研究_7 422 442
422 08703_佛教界分別觀研究_7 422 442
422 09226_佛教三十二相研究 422 442
422 09228_佛教三十二應研究 422 442
422 09239_佛教二十八宿研究 422 442
422 09243_佛教二十五有研究 422 442
422 09261_佛教九次第定研究 422 442
422 09263_佛教十六特勝研究 422 442
422 09268_佛教界分別觀研究 422 442
422 09272_佛教四無量心研究 422 442
422 09278_佛教十波羅蜜研究 422 442
422 09280_佛教四無盡藏研究 422 442
422 09281_佛教四弘誓願研究 422 442
422 09319_佛教十六特勝研究 422 442
422 09324_佛教界分別觀研究 422 442
422 09328_佛教四無量心研究 422 442
422 09334_佛教十波羅蜜研究 422 442
422 09336_佛教四無盡藏研究 422 442
422 09337_佛教四弘誓願研究 422 442
422 09375_佛教十六特勝研究 422 442
422 09380_佛教界分別觀研究 422 442
422 09732_佛教三十二相研究_1 422 442
422 09734_佛教三十二應研究_1 422 442
422 09745_佛教二十八宿研究_1 422 442
422 09749_佛教二十五有研究_1 422 442
422 09767_佛教九次第定研究_1 422 442
422 09769_佛教十六特勝研究_1 422 442
422 09774_佛教界分別觀研究_1 422 442
422 09778_佛教四無量心研究_1 422 442
422 09784_佛教十波羅蜜研究_1 422 442
422 09786_佛教四無盡藏研究_1 422 442
422 09787_佛教四弘誓願研究_1 422 442
422 09825_佛教十六特勝研究_1 422 442
422 09830_佛教界分別觀研究_1 422 442
422 09834_佛教四無量心研究_1 422 442
422 09840_佛教十波羅蜜研究_1 422 442
422 09842_佛教四無盡藏研究_1 422 442
422 09843_佛教四弘誓願研究_1 422 442
422 09881_佛教十六特勝研究_1 422 442
422 09886_佛教界分別觀研究_1 422 442
422 10238_佛教三十二相研究_2 422 442
422 10240_佛教三十二應研究_2 422 442
422 10251_佛教二十八宿研究_2 422 442
422 10255_佛教二十五有研究_2 422 442
422 10273_佛教九次第定研究_2 422 442
422 10275_佛教十六特勝研究_2 422 442
422 10280_佛教界分別觀研究_2 422 442
422 10284_佛教四無量心研究_2 422 442
422 10290_佛教十波羅蜜研究_2 422 442
422 10292_佛教四無盡藏研究_2 422 442
422 10293_佛教四弘誓願研究_2 422 442
422 10331_佛教十六特勝研究_2 422 442
422 10336_佛教界分別觀研究_2 422 442
422 10340_佛教四無量心研究_2 422 442
422 10346_佛教十波羅蜜研究_2 422 442
422 10348_佛教四無盡藏研究_2 422 442
422 10349_佛教四弘誓願研究_2 422 442
422 10387_佛教十六特勝研究_2 422 442
422 10392_佛教界分別觀研究_2 422 442
422 10744_佛教三十二相研究_3 422 442
422 10746_佛教三十二應研究_3 422 442
422 10757_佛教二十八宿研究_3 422 442
422 10761_佛教二十五有研究_3 422 442
422 10779_佛教九次第定研究_3 422 442
422 10781_佛教十六特勝研究_3 422 442
422 10786_佛教界分別觀研究_3 422 442
422 10790_佛教四無量心研究_3 422 442
422 10796_佛教十波羅蜜研究_3 422 442
422 10798_佛教四無盡藏研究_3 422 442
422 10799_佛教四弘誓願研究_3 422 442
422 10837_佛教十六特勝研究_3 422 442
422 10842_佛教界分別觀研究_3 422 442
422 10846_佛教四無量心研究_3 422 442
422 10852_佛教十波羅蜜研究_3 422 442
422 10854_佛教四無盡藏研究_3 422 442
422 10855_佛教四弘誓願研究_3 422 442
422 10893_佛教十六特勝研究_3 422 442
422 10898_佛教界分別觀研究_3 422 442
422 11250_佛教三十二相研究_4 422 442
422 11252_佛教三十二應研究_4 422 442
422 11263_佛教二十八宿研究_4 422 442
422 11267_佛教二十五有研究_4 422 442
422 11285_佛教九次第定研究_4 422 442
422 11287_佛教十六特勝研究_4 422 442
422 11292_佛教界分別觀研究_4 422 442
422 11296_佛教四無量心研究_4 422 442
422 11302_佛教十波羅蜜研究_4 422 442
422 11304_佛教四無盡藏研究_4 422 442
422 11305_佛教四弘誓願研究_4 422 442
422 11343_佛教十六特勝研究_4 422 442
422 11348_佛教界分別觀研究_4 422 442
422 11352_佛教四無量心研究_4 422 442
422 11358_佛教十波羅蜜研究_4 422 442
422 11360_佛教四無盡藏研究_4 422 442
422 11361_佛教四弘誓願研究_4 422 442
422 11399_佛教十六特勝研究_4 422 442
422 11404_佛教界分別觀研究_4 422 442
422 11756_佛教三十二相研究_5 422 442
422 11758_佛教三十二應研究_5 422 442
422 11769_佛教二十八宿研究_5 422 442
422 11773_佛教二十五有研究_5 422 442
422 11791_佛教九次第定研究_5 422 442
422 11793_佛教十六特勝研究_5 422 442
422 11798_佛教界分別觀研究_5 422 442
422 11802_佛教四無量心研究_5 422 442
422 11808_佛教十波羅蜜研究_5 422 442
422 11810_佛教四無盡藏研究_5 422 442
422 11811_佛教四弘誓願研究_5 422 442
422 11849_佛教十六特勝研究_5 422 442
422 11854_佛教界分別觀研究_5 422 442
422 11858_佛教四無量心研究_5 422 442
422 11864_佛教十波羅蜜研究_5 422 442
422 11866_佛教四無盡藏研究_5 422 442
422 11867_佛教四弘誓願研究_5 422 442
422 11905_佛教十六特勝研究_5 422 442
422 11910_佛教界分別觀研究_5 422 442
422 12262_佛教三十二相研究_6 422 442
422 12264_佛教三十二應研究_6 422 442
422 12275_佛教二十八宿研究_6 422 442
422 12279_佛教二十五有研究_6 422 442
422 12297_佛教九次第定研究_6 422 442
422 12299_佛教十六特勝研究_6 422 442
422 12304_佛教界分別觀研究_6 422 442
422 12308_佛教四無量心研究_6 422 442
422 12314_佛教十波羅蜜研究_6 422 442
422 12316_佛教四無盡藏研究_6 422 442
422 12317_佛教四弘誓願研究_6 422 442
422 12355_佛教十六特勝研究_6 422 442
422 12360_佛教界分別觀研究_6 422 442
422 12364_佛教四無量心研究_6 422 442
422 12370_佛教十波羅蜜研究_6 422 442
422 12372_佛教四無盡藏研究_6 422 442
422 12373_佛教四弘誓願研究_6 422 442
422 12411_佛教十六特勝研究_6 422 442
422 12416_佛教界分別觀研究_6 422 442
422 12768_佛教三十二相研究_7 422 442
422 12770_佛教三十二應研究_7 422 442
422 12781_佛教二十八宿研究_7 422 442
422 12785_佛教二十五有研究_7 422 442
422 12803_佛教九次第定研究_7 422 442
422 12805_佛教十六特勝研究_7 422 442
422 12810_佛教界分別觀研究_7 422 442
422 12814_佛教四無量心研究_7 422 442
422 12820_佛教十波羅蜜研究_7 422 442
422 12822_佛教四無盡藏研究_7 422 442
422 12823_佛教四弘誓願研究_7 422 442
422 12861_佛教十六特勝研究_7 422 442
422 12866_佛教界分別觀研究_7 422 442
422 12870_佛教四無量心研究_7 422 442
422 12876_佛教十波羅蜜研究_7 422 442
422 12878_佛教四無盡藏研究_7 422 442
422 12879_佛教四弘誓願研究_7 422 442
422 12917_佛教十六特勝研究_7 422 442
422 12922_佛教界分別觀研究_7 422 442
422 13274_佛教三十二相研究_8 422 442
422 13276_佛教三十二應研究_8 422 442
422 13287_佛教二十八宿研究_8 422 442
422 13291_佛教二十五有研究_8 422 442
422 13309_佛教九次第定研究_8 422 442
422 13311_佛教十六特勝研究_8 422 442
422 13316_佛教界分別觀研究_8 422 442
422 13320_佛教四無量心研究_8 422 442
422 13326_佛教十波羅蜜研究_8 422 442
422 13328_佛教四無盡藏研究_8 422 442
422 13329_佛教四弘誓願研究_8 422 442
422 13367_佛教十六特勝研究_8 422 442
422 13372_佛教界分別觀研究_8 422 442
422 13376_佛教四無量心研究_8 422 442
422 13382_佛教十波羅蜜研究_8 422 442
422 13384_佛教四無盡藏研究_8 422 442
422 13385_佛教四弘誓願研究_8 422 442
422 13423_佛教十六特勝研究_8 422 442
422 13428_佛教界分別觀研究_8 422 442
422 13780_佛教三十二相研究_9 422 442
422 13782_佛教三十二應研究_9 422 442
422 13793_佛教二十八宿研究_9 422 442
422 13797_佛教二十五有研究_9 422 442
422 13815_佛教九次第定研究_9 422 442
422 13817_佛教十六特勝研究_9 422 442
422 13822_佛教界分別觀研究_9 422 442
422 13826_佛教四無量心研究_9 422 442
422 13832_佛教十波羅蜜研究_9 422 442
422 13834_佛教四無盡藏研究_9 422 442
422 13835_佛教四弘誓願研究_9 422 442
422 13873_佛教十六特勝研究_9 422 442
422 13878_佛教界分別觀研究_9 422 442
422 13882_佛教四無量心研究_9 422 442
422 13888_佛教十波羅蜜研究_9 422 442
422 13890_佛教四無盡藏研究_9 422 442
422 13891_佛教四弘誓願研究_9 422 442
422 13929_佛教十六特勝研究_9 422 442
422 13934_佛教界分別觀研究_9 422 442
422 14286_佛教三十二相研究_10 422 442
422 14288_佛教三十二應研究_10 422 442
422 14299_佛教二十八宿研究_10 422 442
422 14303_佛教二十五有研究_10 422 442
422 14321_佛教九次第定研究_10 422 442
422 14323_佛教十六特勝研究_10 422 442
422 14328_佛教界分別觀研究_10 422 442
422 14332_佛教四無量心研究_10 422 442
422 14338_佛教十波羅蜜研究_10 422 442
422 14340_佛教四無盡藏研究_10 422 442
422 14341_佛教四弘誓願研究_10 422 442
422 14379_佛教十六特勝研究_10 422 442
422 14384_佛教界分別觀研究_10 422 442
422 14388_佛教四無量心研究_10 422 442
422 14394_佛教十波羅蜜研究_10 422 442
422 14396_佛教四無盡藏研究_10 422 442
422 14397_佛教四弘誓願研究_10 422 442
422 14435_佛教十六特勝研究_10 422 442
422 14440_佛教界分別觀研究_10 422 442
422 14792_佛教三十二相研究_11 422 442
422 14794_佛教三十二應研究_11 422 442
422 14805_佛教二十八宿研究_11 422 442
422 14809_佛教二十五有研究_11 422 442
422 14827_佛教九次第定研究_11 422 442
422 14829_佛教十六特勝研究_11 422 442
422 14834_佛教界分別觀研究_11 422 442
422 14838_佛教四無量心研究_11 422 442
422 14844_佛教十波羅蜜研究_11 422 442
422 14846_佛教四無盡藏研究_11 422 442
422 14847_佛教四弘誓願研究_11 422 442
422 14885_佛教十六特勝研究_11 422 442
422 14890_佛教界分別觀研究_11 422 442
422 14894_佛教四無量心研究_11 422 442
422 14900_佛教十波羅蜜研究_11 422 442
422 14902_佛教四無盡藏研究_11 422 442
422 14903_佛教四弘誓願研究_11 422 442
422 14941_佛教十六特勝研究_11 422 442
422 14946_佛教界分別觀研究_11 422 442
422 15298_佛教三十二相研究_12 422 442
422 15300_佛教三十二應研究_12 422 442
422 15311_佛教二十八宿研究_12 422 442
422 15315_佛教二十五有研究_12 422 442
422 15333_佛教九次第定研究_12 422 442
422 15335_佛教十六特勝研究_12 422 442
422 15340_佛教界分別觀研究_12 422 442
422 15344_佛教四無量心研究_12 422 442
422 15350_佛教十波羅蜜研究_12 422 442
422 15352_佛教四無盡藏研究_12 422 442
422 15353_佛教四弘誓願研究_12 422 442
422 15391_佛教十六特勝研究_12 422 442
422 15396_佛教界分別觀研究_12 422 442
422 15400_佛教四無量心研究_12 422 442
422 15406_佛教十波羅蜜研究_12 422 442
422 15408_佛教四無盡藏研究_12 422 442
422 15409_佛教四弘誓願研究_12 422 442
422 15447_佛教十六特勝研究_12 422 442
422 15452_佛教界分別觀研究_12 422 442
422 15804_佛教三十二相研究_13 422 442
422 15806_佛教三十二應研究_13 422 442
422 15817_佛教二十八宿研究_13 422 442
422 15821_佛教二十五有研究_13 422 442
422 15839_佛教九次第定研究_13 422 442
422 15841_佛教十六特勝研究_13 422 442
422 15846_佛教界分別觀研究_13 422 442
422 15850_佛教四無量心研究_13 422 442
422 15856_佛教十波羅蜜研究_13 422 442
422 15858_佛教四無盡藏研究_13 422 442
422 15859_佛教四弘誓願研究_13 422 442
422 15897_佛教十六特勝研究_13 422 442
422 15902_佛教界分別觀研究_13 422 442
422 15906_佛教四無量心研究_13 422 442
422 15912_佛教十波羅蜜研究_13 422 442
422 15914_佛教四無盡藏研究_13 422 442
422 15915_佛教四弘誓願研究_13 422 442
422 15953_佛教十六特勝研究_13 422 442
422 15958_佛教界分別觀研究_13 422 442
422 16310_佛教三十二相研究_14 422 442
422 16312_佛教三十二應研究_14 422 442
422 16323_佛教二十八宿研究_14 422 442
422 16327_佛教二十五有研究_14 422 442
422 16345_佛教九次第定研究_14 422 442
422 16347_佛教十六特勝研究_14 422 442
422 16352_佛教界分別觀研究_14 422 442
422 16356_佛教四無量心研究_14 422 442
422 16362_佛教十波羅蜜研究_14 422 442
422 16364_佛教四無盡藏研究_14 422 442
422 16365_佛教四弘誓願研究_14 422 442
422 16403_佛教十六特勝研究_14 422 442
422 16408_佛教界分別觀研究_14 422 442
422 16412_佛教四無量心研究_14 422 442
422 16418_佛教十波羅蜜研究_14 422 442
422 16420_佛教四無盡藏研究_14 422 442
422 16421_佛教四弘誓願研究_14 422 442
422 16459_佛教十六特勝研究_14 422 442
422 16464_佛教界分別觀研究_14 422 442
422 16816_佛教三十二相研究_15 422 442
422 16818_佛教三十二應研究_15 422 442
422 16829_佛教二十八宿研究_15 422 442
422 16833_佛教二十五有研究_15 422 442
422 16851_佛教九次第定研究_15 422 442
422 16853_佛教十六特勝研究_15 422 442
422 16858_佛教界分別觀研究_15 422 442
422 16862_佛教四無量心研究_15 422 442
422 16868_佛教十波羅蜜研究_15 422 442
422 16870_佛教四無盡藏研究_15 422 442
422 16871_佛教四弘誓願研究_15 422 442
422 16909_佛教十六特勝研究_15 422 442
422 16914_佛教界分別觀研究_15 422 442
422 16918_佛教四無量心研究_15 422 442
422 16924_佛教十波羅蜜研究_15 422 442
422 16926_佛教四無盡藏研究_15 422 442
422 16927_佛教四弘誓願研究_15 422 442
422 16965_佛教十六特勝研究_15 422 442
422 16970_佛教界分別觀研究_15 422 442
422 17322_佛教三十二相研究_16 422 442
422 17324_佛教三十二應研究_16 422 442
422 17335_佛教二十八宿研究_16 422 442
422 17339_佛教二十五有研究_16 422 442
422 17357_佛教九次第定研究_16 422 442
422 17359_佛教十六特勝研究_16 422 442
422 17364_佛教界分別觀研究_16 422 442
422 17368_佛教四無量心研究_16 422 442
422 17374_佛教十波羅蜜研究_16 422 442
422 17376_佛教四無盡藏研究_16 422 442
422 17377_佛教四弘誓願研究_16 422 442
422 17415_佛教十六特勝研究_16 422 442
422 17420_佛教界分別觀研究_16 422 442
422 17424_佛教四無量心研究_16 422 442
422 17430_佛教十波羅蜜研究_16 422 442
422 17432_佛教四無盡藏研究_16 422 442
422 17433_佛教四弘誓願研究_16 422 442
422 17471_佛教十六特勝研究_16 422 442
422 17476_佛教界分別觀研究_16 422 442
422 17828_佛教三十二相研究_17 422 442
422 17830_佛教三十二應研究_17 422 442
422 17841_佛教二十八宿研究_17 422 442
422 17845_佛教二十五有研究_17 422 442
422 17863_佛教九次第定研究_17 422 442
422 17865_佛教十六特勝研究_17 422 442
422 17870_佛教界分別觀研究_17 422 442
422 17874_佛教四無量心研究_17 422 442
422 17880_佛教十波羅蜜研究_17 422 442
422 17882_佛教四無盡藏研究_17 422 442
422 17883_佛教四弘誓願研究_17 422 442
422 17921_佛教十六特勝研究_17 422 442
422 17926_佛教界分別觀研究_17 422 442
422 17930_佛教四無量心研究_17 422 442
422 17936_佛教十波羅蜜研究_17 422 442
422 17938_佛教四無盡藏研究_17 422 442
422 17939_佛教四弘誓願研究_17 422 442
422 17977_佛教十六特勝研究_17 422 442
422 17982_佛教界分別觀研究_17 422 442
422 18334_佛教三十二相研究_18 422 442
422 18336_佛教三十二應研究_18 422 442
422 18347_佛教二十八宿研究_18 422 442
422 18351_佛教二十五有研究_18 422 442
422 18369_佛教九次第定研究_18 422 442
422 18371_佛教十六特勝研究_18 422 442
422 18376_佛教界分別觀研究_18 422 442
422 18380_佛教四無量心研究_18 422 442
422 18386_佛教十波羅蜜研究_18 422 442
422 18388_佛教四無盡藏研究_18 422 442
422 18389_佛教四弘誓願研究_18 422 442
422 18427_佛教十六特勝研究_18 422 442
422 18432_佛教界分別觀研究_18 422 442
422 18436_佛教四無量心研究_18 422 442
422 18442_佛教十波羅蜜研究_18 422 442
422 18444_佛教四無盡藏研究_18 422 442
422 18445_佛教四弘誓願研究_18 422 442
422 18483_佛教十六特勝研究_18 422 442
422 18488_佛教界分別觀研究_18 422 442
422 18840_佛教三十二相研究_19 422 442
422 18842_佛教三十二應研究_19 422 442
422 18853_佛教二十八宿研究_19 422 442
422 18857_佛教二十五有研究_19 422 442
422 18875_佛教九次第定研究_19 422 442
422 18877_佛教十六特勝研究_19 422 442
422 18882_佛教界分別觀研究_19 422 442
422 18886_佛教四無量心研究_19 422 442
422 18892_佛教十波羅蜜研究_19 422 442
422 18894_佛教四無盡藏研究_19 422 442
422 18895_佛教四弘誓願研究_19 422 442
422 18933_佛教十六特勝研究_19 422 442
422 18938_佛教界分別觀研究_19 422 442
422 18942_佛教四無量心研究_19 422 442
422 18948_佛教十波羅蜜研究_19 422 442
422 18950_佛教四無盡藏研究_19 422 442
422 18951_佛教四弘誓願研究_19 422 442
422 18989_佛教十六特勝研究_19 422 442
422 18994_佛教界分別觀研究_19 422 442
422 19346_佛教三十二相研究_20 422 442
422 19348_佛教三十二應研究_20 422 442
422 19359_佛教二十八宿研究_20 422 442
422 19363_佛教二十五有研究_20 422 442
422 19381_佛教九次第定研究_20 422 442
422 19383_佛教十六特勝研究_20 422 442
422 19388_佛教界分別觀研究_20 422 442
422 19392_佛教四無量心研究_20 422 442
422 19398_佛教十波羅蜜研究_20 422 442
422 19400_佛教四無盡藏研究_20 422 442
422 19401_佛教四弘誓願研究_20 422 442
422 19439_佛教十六特勝研究_20 422 442
422 19444_佛教界分別觀研究_20 422 442
422 19448_佛教四無量心研究_20 422 442
422 19454_佛教十波羅蜜研究_20 422 442
422 19456_佛教四無盡藏研究_20 422 442
422 19457_佛教四弘誓願研究_20 422 442
422 19495_佛教十六特勝研究_20 422 442
422 19500_佛教界分別觀研究_20 422 442
422 19852_佛教三十二相研究_21 422 442
422 19854_佛教三十二應研究_21 422 442
422 19865_佛教二十八宿研究_21 422 442
422 19869_佛教二十五有研究_21 422 442
422 19887_佛教九次第定研究_21 422 442
422 19889_佛教十六特勝研究_21 422 442
422 19894_佛教界分別觀研究_21 422 442
422 19898_佛教四無量心研究_21 422 442
422 19904_佛教十波羅蜜研究_21 422 442
422 19906_佛教四無盡藏研究_21 422 442
422 19907_佛教四弘誓願研究_21 422 442
422 19945_佛教十六特勝研究_21 422 442
422 19950_佛教界分別觀研究_21 422 442
422 19954_佛教四無量心研究_21 422 442
422 19960_佛教十波羅蜜研究_21 422 442
422 19962_佛教四無盡藏研究_21 422 442
422 19963_佛教四弘誓願研究_21 422 442
422 20001_佛教十六特勝研究_21 422 442
422 20006_佛教界分別觀研究_21 422 442
422 20358_佛教三十二相研究_22 422 442
422 20360_佛教三十二應研究_22 422 442
422 20371_佛教二十八宿研究_22 422 442
422 20375_佛教二十五有研究_22 422 442
422 20393_佛教九次第定研究_22 422 442
422 20395_佛教十六特勝研究_22 422 442
422 20400_佛教界分別觀研究_22 422 442
422 20404_佛教四無量心研究_22 422 442
422 20410_佛教十波羅蜜研究_22 422 442
422 20412_佛教四無盡藏研究_22 422 442
422 20413_佛教四弘誓願研究_22 422 442
422 20451_佛教十六特勝研究_22 422 442
422 20456_佛教界分別觀研究_22 422 442
422 20460_佛教四無量心研究_22 422 442
422 20466_佛教十波羅蜜研究_22 422 442
422 20468_佛教四無盡藏研究_22 422 442
422 20469_佛教四弘誓願研究_22 422 442
422 20507_佛教十六特勝研究_22 422 442
422 20512_佛教界分別觀研究_22 422 442
422 20864_佛教三十二相研究_23 422 442
422 20866_佛教三十二應研究_23 422 442
422 20877_佛教二十八宿研究_23 422 442
422 20881_佛教二十五有研究_23 422 442
422 20899_佛教九次第定研究_23 422 442
422 20901_佛教十六特勝研究_23 422 442
422 20906_佛教界分別觀研究_23 422 442
422 20910_佛教四無量心研究_23 422 442
422 20916_佛教十波羅蜜研究_23 422 442
422 20918_佛教四無盡藏研究_23 422 442
422 20919_佛教四弘誓願研究_23 422 442
422 20957_佛教十六特勝研究_23 422 442
422 20962_佛教界分別觀研究_23 422 442
422 20966_佛教四無量心研究_23 422 442
422 20972_佛教十波羅蜜研究_23 422 442
422 20974_佛教四無盡藏研究_23 422 442
422 20975_佛教四弘誓願研究_23 422 442
422 21013_佛教十六特勝研究_23 422 442
422 21018_佛教界分別觀研究_23 422 442
422 21370_佛教三十二相研究_24 422 442
422 21372_佛教三十二應研究_24 422 442
422 21383_佛教二十八宿研究_24 422 442
422 21387_佛教二十五有研究_24 422 442
422 21405_佛教九次第定研究_24 422 442
422 21407_佛教十六特勝研究_24 422 442
422 21412_佛教界分別觀研究_24 422 442
422 21416_佛教四無量心研究_24 422 442
422 21422_佛教十波羅蜜研究_24 422 442
422 21424_佛教四無盡藏研究_24 422 442
422 21425_佛教四弘誓願研究_24 422 442
422 21463_佛教十六特勝研究_24 422 442
422 21468_佛教界分別觀研究_24 422 442
422 21472_佛教四無量心研究_24 422 442
422 21478_佛教十波羅蜜研究_24 422 442
422 21480_佛教四無盡藏研究_24 422 442
422 21481_佛教四弘誓願研究_24 422 442
422 21519_佛教十六特勝研究_24 422 442
422 21524_佛教界分別觀研究_24 422 442
422 21876_佛教三十二相研究_25 422 442
422 21878_佛教三十二應研究_25 422 442
422 21889_佛教二十八宿研究_25 422 442
422 21893_佛教二十五有研究_25 422 442
422 21911_佛教九次第定研究_25 422 442
422 21913_佛教十六特勝研究_25 422 442
422 21918_佛教界分別觀研究_25 422 442
422 21922_佛教四無量心研究_25 422 442
422 21928_佛教十波羅蜜研究_25 422 442
422 21930_佛教四無盡藏研究_25 422 442
422 21931_佛教四弘誓願研究_25 422 442
422 21969_佛教十六特勝研究_25 422 442
422 21974_佛教界分別觀研究_25 422 442
422 21978_佛教四無量心研究_25 422 442
422 21984_佛教十波羅蜜研究_25 422 442
422 21986_佛教四無盡藏研究_25 422 442
422 21987_佛教四弘誓願研究_25 422 442
422 22025_佛教十六特勝研究_25 422 442
422 22030_佛教界分別觀研究_25 422 442
422 22382_佛教三十二相研究_26 422 442
422 22384_佛教三十二應研究_26 422 442
422 22395_佛教二十八宿研究_26 422 442
422 22399_佛教二十五有研究_26 422 442
422 22417_佛教九次第定研究_26 422 442
422 22419_佛教十六特勝研究_26 422 442
422 22424_佛教界分別觀研究_26 422 442
422 22428_佛教四無量心研究_26 422 442
422 22434_佛教十波羅蜜研究_26 422 442
422 22436_佛教四無盡藏研究_26 422 442
422 22437_佛教四弘誓願研究_26 422 442
422 22475_佛教十六特勝研究_26 422 442
422 22480_佛教界分別觀研究_26 422 442
422 22484_佛教四無量心研究_26 422 442
422 22490_佛教十波羅蜜研究_26 422 442
422 22492_佛教四無盡藏研究_26 422 442
422 22493_佛教四弘誓願研究_26 422 442
422 22531_佛教十六特勝研究_26 422 442
422 22536_佛教界分別觀研究_26 422 442
422 22888_佛教三十二相研究_27 422 442
422 22890_佛教三十二應研究_27 422 442
422 22901_佛教二十八宿研究_27 422 442
422 22905_佛教二十五有研究_27 422 442
422 22923_佛教九次第定研究_27 422 442
422 22925_佛教十六特勝研究_27 422 442
422 22930_佛教界分別觀研究_27 422 442
422 22934_佛教四無量心研究_27 422 442
422 22940_佛教十波羅蜜研究_27 422 442
422 22942_佛教四無盡藏研究_27 422 442
422 22943_佛教四弘誓願研究_27 422 442
422 22981_佛教十六特勝研究_27 422 442
422 22986_佛教界分別觀研究_27 422 442
422 22990_佛教四無量心研究_27 422 442
422 22996_佛教十波羅蜜研究_27 422 442
422 22998_佛教四無盡藏研究_27 422 442
422 22999_佛教四弘誓願研究_27 422 442
422 23037_佛教十六特勝研究_27 422 442
422 23042_佛教界分別觀研究_27 422 442
422 23394_佛教三十二相研究_28 422 442
422 23396_佛教三十二應研究_28 422 442
422 23407_佛教二十八宿研究_28 422 442
422 23411_佛教二十五有研究_28 422 442
422 23429_佛教九次第定研究_28 422 442
422 23431_佛教十六特勝研究_28 422 442
422 23436_佛教界分別觀研究_28 422 442
422 23440_佛教四無量心研究_28 422 442
422 23446_佛教十波羅蜜研究_28 422 442
422 23448_佛教四無盡藏研究_28 422 442
422 23449_佛教四弘誓願研究_28 422 442
422 23487_佛教十六特勝研究_28 422 442
422 23492_佛教界分別觀研究_28 422 442
422 23496_佛教四無量心研究_28 422 442
422 23502_佛教十波羅蜜研究_28 422 442
422 23504_佛教四無盡藏研究_28 422 442
422 23505_佛教四弘誓願研究_28 422 442
422 23543_佛教十六特勝研究_28 422 442
422 23548_佛教界分別觀研究_28 422 442
422 23900_佛教三十二相研究_29 422 442
422 23902_佛教三十二應研究_29 422 442
422 23913_佛教二十八宿研究_29 422 442
422 23917_佛教二十五有研究_29 422 442
422 23935_佛教九次第定研究_29 422 442
422 23937_佛教十六特勝研究_29 422 442
422 23942_佛教界分別觀研究_29 422 442
422 23946_佛教四無量心研究_29 422 442
422 23952_佛教十波羅蜜研究_29 422 442
422 23954_佛教四無盡藏研究_29 422 442
422 23955_佛教四弘誓願研究_29 422 442
422 23993_佛教十六特勝研究_29 422 442
422 23998_佛教界分別觀研究_29 422 442
422 24002_佛教四無量心研究_29 422 442
422 24008_佛教十波羅蜜研究_29 422 442
422 24010_佛教四無盡藏研究_29 422 442
422 24011_佛教四弘誓願研究_29 422 442
422 24049_佛教十六特勝研究_29 422 442
422 24054_佛教界分別觀研究_29 422 442
422 24406_佛教三十二相研究_30 422 442
422 24408_佛教三十二應研究_30 422 442
422 24419_佛教二十八宿研究_30 422 442
422 24423_佛教二十五有研究_30 422 442
422 24441_佛教九次第定研究_30 422 442
422 24443_佛教十六特勝研究_30 422 442
422 24448_佛教界分別觀研究_30 422 442
422 24452_佛教四無量心研究_30 422 442
422 24458_佛教十波羅蜜研究_30 422 442
422 24460_佛教四無盡藏研究_30 422 442
422 24461_佛教四弘誓願研究_30 422 442
422 24499_佛教十六特勝研究_30 422 442
422 24504_佛教界分別觀研究_30 422 442
422 24508_佛教四無量心研究_30 422 442
422 24514_佛教十波羅蜜研究_30 422 442
422 24516_佛教四無盡藏研究_30 422 442
422 24517_佛教四弘誓願研究_30 422 442
422 24555_佛教十六特勝研究_30 422 442
422 24560_佛教界分別觀研究_30 422 442
422 24912_佛教三十二相研究_31 422 442
422 24914_佛教三十二應研究_31 422 442
422 24925_佛教二十八宿研究_31 422 442
422 24929_佛教二十五有研究_31 422 442
422 24947_佛教九次第定研究_31 422 442
422 24949_佛教十六特勝研究_31 422 442
422 24954_佛教界分別觀研究_31 422 442
422 24958_佛教四無量心研究_31 422 442
422 24964_佛教十波羅蜜研究_31 422 442
422 24966_佛教四無盡藏研究_31 422 442
422 24967_佛教四弘誓願研究_31 422 442
422 25005_佛教十六特勝研究_31 422 442
422 25010_佛教界分別觀研究_31 422 442
422 25014_佛教四無量心研究_31 422 442
422 25020_佛教十波羅蜜研究_31 422 442
422 25022_佛教四無盡藏研究_31 422 442
422 25023_佛教四弘誓願研究_31 422 442
422 25061_佛教十六特勝研究_31 422 442
422 25066_佛教界分別觀研究_31 422 442
422 25418_佛教三十二相研究_32 422 442
422 25420_佛教三十二應研究_32 422 442
422 25431_佛教二十八宿研究_32 422 442
422 25435_佛教二十五有研究_32 422 442
422 25453_佛教九次第定研究_32 422 442
422 25455_佛教十六特勝研究_32 422 442
422 25460_佛教界分別觀研究_32 422 442
422 25464_佛教四無量心研究_32 422 442
422 25470_佛教十波羅蜜研究_32 422 442
422 25472_佛教四無盡藏研究_32 422 442
422 25473_佛教四弘誓願研究_32 422 442
422 25511_佛教十六特勝研究_32 422 442
422 25516_佛教界分別觀研究_32 422 442
422 25520_佛教四無量心研究_32 422 442
422 25526_佛教十波羅蜜研究_32 422 442
422 25528_佛教四無盡藏研究_32 422 442
422 25529_佛教四弘誓願研究_32 422 442
422 25567_佛教十六特勝研究_32 422 442
422 25572_佛教界分別觀研究_32 422 442
422 25924_佛教三十二相研究_33 422 442
422 25926_佛教三十二應研究_33 422 442
422 25937_佛教二十八宿研究_33 422 442
422 25941_佛教二十五有研究_33 422 442
422 25959_佛教九次第定研究_33 422 442
422 25961_佛教十六特勝研究_33 422 442
422 25966_佛教界分別觀研究_33 422 442
422 25970_佛教四無量心研究_33 422 442
422 25976_佛教十波羅蜜研究_33 422 442
422 25978_佛教四無盡藏研究_33 422 442
422 25979_佛教四弘誓願研究_33 422 442
422 26017_佛教十六特勝研究_33 422 442
422 26022_佛教界分別觀研究_33 422 442
422 26026_佛教四無量心研究_33 422 442
422 26032_佛教十波羅蜜研究_33 422 442
422 26034_佛教四無盡藏研究_33 422 442
422 26035_佛教四弘誓願研究_33 422 442
422 26073_佛教十六特勝研究_33 422 442
422 26078_佛教界分別觀研究_33 422 442
422 26430_佛教三十二相研究_34 422 442
422 26432_佛教三十二應研究_34 422 442
422 26443_佛教二十八宿研究_34 422 442
422 26447_佛教二十五有研究_34 422 442
422 26465_佛教九次第定研究_34 422 442
422 26467_佛教十六特勝研究_34 422 442
422 26472_佛教界分別觀研究_34 422 442
422 26476_佛教四無量心研究_34 422 442
422 26482_佛教十波羅蜜研究_34 422 442
422 26484_佛教四無盡藏研究_34 422 442
422 26485_佛教四弘誓願研究_34 422 442
422 26523_佛教十六特勝研究_34 422 442
422 26528_佛教界分別觀研究_34 422 442
422 26532_佛教四無量心研究_34 422 442
422 26538_佛教十波羅蜜研究_34 422 442
422 26540_佛教四無盡藏研究_34 422 442
422 26541_佛教四弘誓願研究_34 422 442
422 26579_佛教十六特勝研究_34 422 442
422 26584_佛教界分別觀研究_34 422 442
422 26936_佛教三十二相研究_35 422 442
422 26938_佛教三十二應研究_35 422 442
422 26949_佛教二十八宿研究_35 422 442
422 26953_佛教二十五有研究_35 422 442
422 26971_佛教九次第定研究_35 422 442
422 26973_佛教十六特勝研究_35 422 442
422 26978_佛教界分別觀研究_35 422 442
422 26982_佛教四無量心研究_35 422 442
422 26988_佛教十波羅蜜研究_35 422 442
422 26990_佛教四無盡藏研究_35 422 442
422 26991_佛教四弘誓願研究_35 422 442
422 27029_佛教十六特勝研究_35 422 442
422 27034_佛教界分別觀研究_35 422 442
422 27038_佛教四無量心研究_35 422 442
422 27044_佛教十波羅蜜研究_35 422 442
422 27046_佛教四無盡藏研究_35 422 442
422 27047_佛教四弘誓願研究_35 422 442
422 27085_佛教十六特勝研究_35 422 442
422 27090_佛教界分別觀研究_35 422 442
422 27442_佛教三十二相研究_36 422 442
422 27444_佛教三十二應研究_36 422 442
422 27455_佛教二十八宿研究_36 422 442
422 27459_佛教二十五有研究_36 422 442
422 27477_佛教九次第定研究_36 422 442
422 27479_佛教十六特勝研究_36 422 442
422 27484_佛教界分別觀研究_36 422 442
422 27488_佛教四無量心研究_36 422 442
422 27494_佛教十波羅蜜研究_36 422 442
422 27496_佛教四無盡藏研究_36 422 442
422 27497_佛教四弘誓願研究_36 422 442
422 27535_佛教十六特勝研究_36 422 442
422 27540_佛教界分別觀研究_36 422 442
422 27544_佛教四無量心研究_36 422 442
422 27550_佛教十波羅蜜研究_36 422 442
422 27552_佛教四無盡藏研究_36 422 442
422 27553_佛教四弘誓願研究_36 422 442
422 27591_佛教十六特勝研究_36 422 442
422 27596_佛教界分別觀研究_36 422 442
422 27948_佛教三十二相研究_37 422 442
422 27950_佛教三十二應研究_37 422 442
422 27961_佛教二十八宿研究_37 422 442
422 27965_佛教二十五有研究_37 422 442
422 27983_佛教九次第定研究_37 422 442
422 27985_佛教十六特勝研究_37 422 442
422 27990_佛教界分別觀研究_37 422 442
422 27994_佛教四無量心研究_37 422 442
422 28000_佛教十波羅蜜研究_37 422 442
422 28002_佛教四無盡藏研究_37 422 442
422 28003_佛教四弘誓願研究_37 422 442
422 28041_佛教十六特勝研究_37 422 442
422 28046_佛教界分別觀研究_37 422 442
422 28050_佛教四無量心研究_37 422 442
422 28056_佛教十波羅蜜研究_37 422 442
422 28058_佛教四無盡藏研究_37 422 442
422 28059_佛教四弘誓願研究_37 422 442
422 28097_佛教十六特勝研究_37 422 442
422 28102_佛教界分別觀研究_37 422 442
422 28454_佛教三十二相研究_38 422 442
422 28456_佛教三十二應研究_38 422 442
422 28467_佛教二十八宿研究_38 422 442
422 28471_佛教二十五有研究_38 422 442
422 28489_佛教九次第定研究_38 422 442
422 28491_佛教十六特勝研究_38 422 442
422 28496_佛教界分別觀研究_38 422 442
422 28500_佛教四無量心研究_38 422 442
422 28506_佛教十波羅蜜研究_38 422 442
422 28508_佛教四無盡藏研究_38 422 442
422 28509_佛教四弘誓願研究_38 422 442
422 28547_佛教十六特勝研究_38 422 442
422 28552_佛教界分別觀研究_38 422 442
422 28556_佛教四無量心研究_38 422 442
422 28562_佛教十波羅蜜研究_38 422 442
422 28564_佛教四無盡藏研究_38 422 442
422 28565_佛教四弘誓願研究_38 422 442
422 28603_佛教十六特勝研究_38 422 442
422 28608_佛教界分別觀研究_38 422 442
422 28960_佛教三十二相研究_39 422 442
422 28962_佛教三十二應研究_39 422 442
422 28973_佛教二十八宿研究_39 422 442
422 28977_佛教二十五有研究_39 422 442
422 28995_佛教九次第定研究_39 422 442
422 28997_佛教十六特勝研究_39 422 442
422 29002_佛教界分別觀研究_39 422 442
422 29006_佛教四無量心研究_39 422 442
422 29012_佛教十波羅蜜研究_39 422 442
422 29014_佛教四無盡藏研究_39 422 442
422 29015_佛教四弘誓願研究_39 422 442
422 29053_佛教十六特勝研究_39 422 442
422 29058_佛教界分別觀研究_39 422 442
422 29062_佛教四無量心研究_39 422 442
422 29068_佛教十波羅蜜研究_39 422 442
422 29070_佛教四無盡藏研究_39 422 442
422 29071_佛教四弘誓願研究_39 422 442
422 29109_佛教十六特勝研究_39 422 442
422 29114_佛教界分別觀研究_39 422 442
422 29466_佛教三十二相研究_40 422 442
422 29468_佛教三十二應研究_40 422 442
422 29479_佛教二十八宿研究_40 422 442
422 29483_佛教二十五有研究_40 422 442
422 29501_佛教九次第定研究_40 422 442
422 29503_佛教十六特勝研究_40 422 442
422 29508_佛教界分別觀研究_40 422 442
422 29512_佛教四無量心研究_40 422 442
422 29518_佛教十波羅蜜研究_40 422 442
422 29520_佛教四無盡藏研究_40 422 442
422 29521_佛教四弘誓願研究_40 422 442
422 29559_佛教十六特勝研究_40 422 442
422 29564_佛教界分別觀研究_40 422 442
422 29568_佛教四無量心研究_40 422 442
422 29574_佛教十波羅蜜研究_40 422 442
422 29576_佛教四無盡藏研究_40 422 442
422 29577_佛教四弘誓願研究_40 422 442
422 29615_佛教十六特勝研究_40 422 442
422 29620_佛教界分別觀研究_40 422 442
423 01868_苯教生起次第 423 624
424 05051_佛教唸佛觀研究 424 438
424 05107_佛教唸佛觀研究 424 438
424 05163_佛教唸佛觀研究 424 438
424 05557_佛教唸佛觀研究_1 424 438
424 05613_佛教唸佛觀研究_1 424 438
424 05669_佛教唸佛觀研究_1 424 438
424 06063_佛教唸佛觀研究_2 424 438
424 06119_佛教唸佛觀研究_2 424 438
424 06175_佛教唸佛觀研究_2 424 438
424 06569_佛教唸佛觀研究_3 424 438
424 06625_佛教唸佛觀研究_3 424 438
424 06681_佛教唸佛觀研究_3 424 438
424 07075_佛教唸佛觀研究_4 424 438
424 07131_佛教唸佛觀研究_4 424 438
424 07187_佛教唸佛觀研究_4 424 438
424 07581_佛教唸佛觀研究_5 424 438
424 07637_佛教唸佛觀研究_5 424 438
424 07693_佛教唸佛觀研究_5 424 438
424 08087_佛教唸佛觀研究_6 424 438
424 08143_佛教唸佛觀研究_6 424 438
424 08199_佛教唸佛觀研究_6 424 438
424 08593_佛教唸佛觀研究_7 424 438
424 08649_佛教唸佛觀研究_7 424 438
424 08705_佛教唸佛觀研究_7 424 438
424 09270_佛教唸佛觀研究 424 438
424 09326_佛教唸佛觀研究 424 438
424 09382_佛教唸佛觀研究 424 438
424 09776_佛教唸佛觀研究_1 424 438
424 09832_佛教唸佛觀研究_1 424 438
424 09888_佛教唸佛觀研究_1 424 438
424 10282_佛教唸佛觀研究_2 424 438
424 10338_佛教唸佛觀研究_2 424 438
424 10394_佛教唸佛觀研究_2 424 438
424 10788_佛教唸佛觀研究_3 424 438
424 10844_佛教唸佛觀研究_3 424 438
424 10900_佛教唸佛觀研究_3 424 438
424 11294_佛教唸佛觀研究_4 424 438
424 11350_佛教唸佛觀研究_4 424 438
424 11406_佛教唸佛觀研究_4 424 438
424 11800_佛教唸佛觀研究_5 424 438
424 11856_佛教唸佛觀研究_5 424 438
424 11912_佛教唸佛觀研究_5 424 438
424 12306_佛教唸佛觀研究_6 424 438
424 12362_佛教唸佛觀研究_6 424 438
424 12418_佛教唸佛觀研究_6 424 438
424 12812_佛教唸佛觀研究_7 424 438
424 12868_佛教唸佛觀研究_7 424 438
424 12924_佛教唸佛觀研究_7 424 438
424 13318_佛教唸佛觀研究_8 424 438
424 13374_佛教唸佛觀研究_8 424 438
424 13430_佛教唸佛觀研究_8 424 438
424 13824_佛教唸佛觀研究_9 424 438
424 13880_佛教唸佛觀研究_9 424 438
424 13936_佛教唸佛觀研究_9 424 438
424 14330_佛教唸佛觀研究_10 424 438
424 14386_佛教唸佛觀研究_10 424 438
424 14442_佛教唸佛觀研究_10 424 438
424 14836_佛教唸佛觀研究_11 424 438
424 14892_佛教唸佛觀研究_11 424 438
424 14948_佛教唸佛觀研究_11 424 438
424 15342_佛教唸佛觀研究_12 424 438
424 15398_佛教唸佛觀研究_12 424 438
424 15454_佛教唸佛觀研究_12 424 438
424 15848_佛教唸佛觀研究_13 424 438
424 15904_佛教唸佛觀研究_13 424 438
424 15960_佛教唸佛觀研究_13 424 438
424 16354_佛教唸佛觀研究_14 424 438
424 16410_佛教唸佛觀研究_14 424 438
424 16466_佛教唸佛觀研究_14 424 438
424 16860_佛教唸佛觀研究_15 424 438
424 16916_佛教唸佛觀研究_15 424 438
424 16972_佛教唸佛觀研究_15 424 438
424 17366_佛教唸佛觀研究_16 424 438
424 17422_佛教唸佛觀研究_16 424 438
424 17478_佛教唸佛觀研究_16 424 438
424 17872_佛教唸佛觀研究_17 424 438
424 17928_佛教唸佛觀研究_17 424 438
424 17984_佛教唸佛觀研究_17 424 438
424 18378_佛教唸佛觀研究_18 424 438
424 18434_佛教唸佛觀研究_18 424 438
424 18490_佛教唸佛觀研究_18 424 438
424 18884_佛教唸佛觀研究_19 424 438
424 18940_佛教唸佛觀研究_19 424 438
424 18996_佛教唸佛觀研究_19 424 438
424 19390_佛教唸佛觀研究_20 424 438
424 19446_佛教唸佛觀研究_20 424 438
424 19502_佛教唸佛觀研究_20 424 438
424 19896_佛教唸佛觀研究_21 424 438
424 19952_佛教唸佛觀研究_21 424 438
424 20008_佛教唸佛觀研究_21 424 438
424 20402_佛教唸佛觀研究_22 424 438
424 20458_佛教唸佛觀研究_22 424 438
424 20514_佛教唸佛觀研究_22 424 438
424 20908_佛教唸佛觀研究_23 424 438
424 20964_佛教唸佛觀研究_23 424 438
424 21020_佛教唸佛觀研究_23 424 438
424 21414_佛教唸佛觀研究_24 424 438
424 21470_佛教唸佛觀研究_24 424 438
424 21526_佛教唸佛觀研究_24 424 438
424 21920_佛教唸佛觀研究_25 424 438
424 21976_佛教唸佛觀研究_25 424 438
424 22032_佛教唸佛觀研究_25 424 438
424 22426_佛教唸佛觀研究_26 424 438
424 22482_佛教唸佛觀研究_26 424 438
424 22538_佛教唸佛觀研究_26 424 438
424 22932_佛教唸佛觀研究_27 424 438
424 22988_佛教唸佛觀研究_27 424 438
424 23044_佛教唸佛觀研究_27 424 438
424 23438_佛教唸佛觀研究_28 424 438
424 23494_佛教唸佛觀研究_28 424 438
424 23550_佛教唸佛觀研究_28 424 438
424 23944_佛教唸佛觀研究_29 424 438
424 24000_佛教唸佛觀研究_29 424 438
424 24056_佛教唸佛觀研究_29 424 438
424 24450_佛教唸佛觀研究_30 424 438
424 24506_佛教唸佛觀研究_30 424 438
424 24562_佛教唸佛觀研究_30 424 438
424 24956_佛教唸佛觀研究_31 424 438
424 25012_佛教唸佛觀研究_31 424 438
424 25068_佛教唸佛觀研究_31 424 438
424 25462_佛教唸佛觀研究_32 424 438
424 25518_佛教唸佛觀研究_32 424 438
424 25574_佛教唸佛觀研究_32 424 438
424 25968_佛教唸佛觀研究_33 424 438
424 26024_佛教唸佛觀研究_33 424 438
424 26080_佛教唸佛觀研究_33 424 438
424 26474_佛教唸佛觀研究_34 424 438
424 26530_佛教唸佛觀研究_34 424 438
424 26586_佛教唸佛觀研究_34 424 438
424 26980_佛教唸佛觀研究_35 424 438
424 27036_佛教唸佛觀研究_35 424 438
424 27092_佛教唸佛觀研究_35 424 438
424 27486_佛教唸佛觀研究_36 424 438
424 27542_佛教唸佛觀研究_36 424 438
424 27598_佛教唸佛觀研究_36 424 438
424 27992_佛教唸佛觀研究_37 424 438
424 28048_佛教唸佛觀研究_37 424 438
424 28104_佛教唸佛觀研究_37 424 438
424 28498_佛教唸佛觀研究_38 424 438
424 28554_佛教唸佛觀研究_38 424 438
424 28610_佛教唸佛觀研究_38 424 438
424 29004_佛教唸佛觀研究_39 424 438
424 29060_佛教唸佛觀研究_39 424 438
424 29116_佛教唸佛觀研究_39 424 438
424 29510_佛教唸佛觀研究_40 424 438
424 29566_佛教唸佛觀研究_40 424 438
424 29622_佛教唸佛觀研究_40 424 438
425 01938_大品般若經疏 425 600
426 01872_苯教氣脈明點 426 559
426 02562_南傳緬甸佛教史注 426 443
426 02563_南傳泰國佛教史注 426 443
427 01860_苯教長壽法 427 585
428 02626_格魯派時輪金剛心髓 428 448
428 02627_格魯派密集金剛心髓 428 448
428 02628_格魯派勝樂金剛心髓 428 448
428 05006_佛教十八不共法研究 428 448
428 05015_佛教二十四諸天研究 428 448
428 05029_佛教三十七道品研究 428 448
428 05521_佛教二十四諸天研究_1 428 448
428 06027_佛教二十四諸天研究_2 428 448
428 06533_佛教二十四諸天研究_3 428 448
428 07039_佛教二十四諸天研究_4 428 448
428 07545_佛教二十四諸天研究_5 428 448
428 08051_佛教二十四諸天研究_6 428 448
428 08557_佛教二十四諸天研究_7 428 448
428 09234_佛教二十四諸天研究 428 448
428 09740_佛教二十四諸天研究_1 428 448
428 10246_佛教二十四諸天研究_2 428 448
428 10752_佛教二十四諸天研究_3 428 448
428 11258_佛教二十四諸天研究_4 428 448
428 11764_佛教二十四諸天研究_5 428 448
428 12270_佛教二十四諸天研究_6 428 448
428 12776_佛教二十四諸天研究_7 428 448
428 13282_佛教二十四諸天研究_8 428 448
428 13788_佛教二十四諸天研究_9 428 448
428 14294_佛教二十四諸天研究_10 428 448
428 14800_佛教二十四諸天研究_11 428 448
428 15306_佛教二十四諸天研究_12 428 448
428 15812_佛教二十四諸天研究_13 428 448
428 16318_佛教二十四諸天研究_14 428 448
428 16824_佛教二十四諸天研究_15 428 448
428 17330_佛教二十四諸天研究_16 428 448
428 17836_佛教二十四諸天研究_17 428 448
428 18342_佛教二十四諸天研究_18 428 448
428 18848_佛教二十四諸天研究_19 428 448
428 19354_佛教二十四諸天研究_20 428 448
428 19860_佛教二十四諸天研究_21 428 448
428 20366_佛教二十四諸天研究_22 428 448
428 20872_佛教二十四諸天研究_23 428 448
428 21378_佛教二十四諸天研究_24 428 448
428 21884_佛教二十四諸天研究_25 428 448
428 22390_佛教二十四諸天研究_26 428 448
428 22896_佛教二十四諸天研究_27 428 448
428 23402_佛教二十四諸天研究_28 428 448
428 23908_佛教二十四諸天研究_29 428 448
428 24414_佛教二十四諸天研究_30 428 448
428 24920_佛教二十四諸天研究_31 428 448
428 25426_佛教二十四諸天研究_32 428 448
428 25932_佛教二十四諸天研究_33 428 448
428 26438_佛教二十四諸天研究_34 428 448
428 26944_佛教二十四諸天研究_35 428 448
428 27450_佛教二十四諸天研究_36 428 448
428 27956_佛教二十四諸天研究_37 428 448
428 28462_佛教二十四諸天研究_38 428 448
428 28968_佛教二十四諸天研究_39 428 448
428 29474_佛教二十四諸天研究_40 428 448
430 01475_華嚴經大意 430 434
430 01828_覺囊派大手印論 430 606
430 02549_南傳攝阿毗達磨注 430 444
430 02550_南傳入阿毗達磨注 430 444
432 01816_覺囊派多羅那他文集 432 638
432 02564_南傳柬埔寨佛教史注 432 449
434 01470_大乘起信論講記 435 434
434 02616_格魯派密宗道次第心髓 434 454
434 02629_格魯派大威德金剛心髓 434 454
434 05011_佛教千二百五十人研究 434 454
435 01915_三論玄義 435 620
436 01822_覺囊派中觀論 436 730
437 01474_大乘起信論考證 437 444
438 01826_覺囊派密宗論 438 716
440 01824_覺囊派現觀論 440 632
441 01854_苯教本尊 441 618
442 01466_大乘起信論疏記 448 442
442 01864_苯教頗瓦法 442 619
443 01830_覺囊派大圓滿論 443 628
444 01852_苯教護法 444 573
445 01850_苯教傳承史 445 638
448 01514_瑜伽師地論 449 448
450 01856_苯教空行 450 592
452 01840_苯教丹珠爾 452 678
465 01936_勝鬘經寶窟 465 564
466 01832_覺囊派傳承祈請 466 597
468 01838_苯教甘珠爾 468 604
471 01848_苯教口訣部 471 663
474 01866_苯教中陰救度 474 650
475 01820_覺囊派他空見論 475 721
477 01836_苯教大藏經 477 719
482 01834_覺囊派灌頂儀軌 482 682
482 01862_苯教度亡法 482 677
488 01842_苯教大圓滿 488 666
489 01687_界身足論疏 489 681
502 01681_品類足論疏 502 666
524 29656_寶行王正論 904 524
532 01630_原人論注 556 532
532 01638_四教義注 556 532
532 01644_觀經疏注 556 532
532 02014_梵網經疏 556 532
532 02066_南傳律藏 556 532
532 02067_南傳經藏 556 532
532 02068_南傳論藏 556 532
532 02069_南傳小部 556 532
532 02077_南傳譬喻 556 532
532 02081_南傳義釋 556 532
532 02083_南傳經集 556 532
532 02084_南傳小誦 556 532
532 02086_南傳寶經 556 532
532 02094_南傳中部 556 532
532 02095_南傳長部 556 532
532 02103_南傳雙論 556 532
532 02104_南傳界論 556 532
532 02106_南傳論事 556 532
532 02371_四念處注 556 532
532 02372_觀心論注 556 532
533 29653_七十空性論 842 533
534 01618_金剛頂經疏 558 534
534 01622_菩提心論疏 558 534
534 01624_釋摩訶衍論 558 534
534 01642_觀音玄義注 558 534
534 01676_順正理論疏 558 534
534 01692_解脫道論疏 558 534
534 01730_大智度論疏 558 534
534 02065_南傳大藏經 558 534
534 02070_南傳本生經 558 534
534 02071_南傳法句經 558 534
534 02072_南傳長老偈 558 534
534 02074_南傳佛種姓 558 534
534 02075_南傳所行藏 558 534
534 02076_南傳本行藏 558 534
534 02078_南傳天宮事 558 534
534 02079_南傳餓鬼事 558 534
534 02082_南傳如是語 558 534
534 02085_南傳吉祥經 558 534
534 02087_南傳慈悲經 558 534
534 02088_南傳三皈依 558 534
534 02090_南傳自說經 558 534
534 02091_南傳本事經 558 534
534 02092_南傳增支部 558 534
534 02093_南傳相應部 558 534
534 02102_南傳發趣論 558 534
534 02115_禪宗無門關 558 534
534 02116_禪宗碧巖錄 558 534
534 02118_禪宗虛堂集 558 534
534 02119_禪宗擊節錄 558 534
534 02120_禪宗請益錄 558 534
534 02121_禪宗決疑集 558 534
534 02370_六妙法門注 558 534
534 02375_觀音玄義注 558 534
534 02376_觀音義疏注 558 534
534 02379_維摩玄疏注 558 534
534 02380_維摩文疏注 558 534
534 02381_仁王經疏注 558 534
534 02481_大日經疏注 558 534
534 02491_藥師經疏注 558 534
534 02492_地藏經疏注 558 534
534 02496_金剛經疏注 558 534
534 02498_維摩經疏注 558 534
534 02499_楞伽經疏注 558 534
534 02501_密嚴經疏注 558 534
534 02502_勝鬘經疏注 558 534
534 02504_寶積經疏注 558 534
534 02508_佛地經疏注 558 534
534 02509_仁王經疏注 558 534
534 02511_梵網經疏注 558 534
534 02512_菩薩戒疏注 558 534
534 29659_因緣心論頌 848 534
535 29658_大乘二十頌論 877 535
536 01686_集異門足論疏 560 536
536 01728_地持菩薩戒疏 560 536
536 02073_南傳長老尼偈 560 536
536 02080_南傳無礙解道 560 536
536 02089_南傳大吉祥經 560 536
536 02096_南傳清淨道論 560 536
536 02097_南傳殊勝義注 560 536
536 02098_南傳迷惑冰消 560 536
536 02101_南傳諦要略論 560 536
536 02105_南傳人施設論 560 536
536 02117_禪宗從容庵錄 560 536
536 02122_禪宗正法眼藏 560 536
536 02123_禪宗宗門武庫 560 536
536 02174_西方發願文注 560 536
536 02217_格魯派中觀論 560 536
536 02218_格魯派現觀論 560 536
536 02219_格魯派俱舍論 560 536
536 02221_格魯派戒律論 560 536
536 02222_格魯派密宗論 560 536
536 02232_格魯派護法論 560 536
536 02233_格魯派財神論 560 536
536 02234_格魯派空行論 560 536
536 02235_格魯派本尊論 560 536
536 02236_格魯派灌頂論 560 536
536 02237_格魯派傳承論 560 536
536 02238_格魯派修法論 560 536
536 02241_格魯派供養論 560 536
536 02373_金光明玄義注 560 536
536 02374_金光明文句注 560 536
536 02377_請觀音經疏注 560 536
536 02382_金剛般若疏注 560 536
536 02415_禪宗無門關注 560 536
536 02416_禪宗碧巖錄注 560 536
536 02418_禪宗虛堂集註 560 536
536 02419_禪宗擊節錄注 560 536
536 02420_禪宗請益錄注 560 536
536 02421_禪宗決疑集註 560 536
536 02479_菩薩戒義疏注 560 536
536 02480_菩薩戒本疏注 560 536
536 02484_金剛頂經疏注 560 536
536 02486_蘇悉地經疏注 560 536
536 02500_解深密經疏注 560 536
536 02505_大寶積經疏注 560 536
536 02507_菩薩藏經疏注 560 536
536 02510_金光明經疏注 560 536
537 02405_華嚴論注 560 537
537 02497_心經疏注 560 537
538 01620_蘇悉地羯羅經疏 562 538
538 02016_四分律行事鈔科 562 538
538 02017_四分律行事鈔批 562 538
538 02230_格魯派喜金剛論 562 538
538 02231_格魯派幻化網論 562 538
538 02240_格魯派祈禱文論 562 538
538 02285_薩迦派道果心髓 562 538
538 02317_覺囊派中觀心髓 562 538
538 02319_覺囊派密宗心髓 562 538
538 02329_苯教傳承史心髓 562 538
538 02347_苯教喜金剛心髓 562 538
538 02417_禪宗從容庵錄注 562 538
538 02422_禪宗正法眼藏注 562 538
538 02465_四分律行事鈔注 562 538
538 02466_四分律羯磨疏注 562 538
538 02488_陀羅尼集經疏注 562 538
538 02493_普賢行願品疏注 562 538
538 02513_優婆塞戒經疏注 562 538
538 29664_優婆塞戒經 819 538
539 02166_淨土或問注 562 539
539 02170_淨土警語注 562 539
539 02173_淨土日課注 562 539
539 02366_法華玄義注 562 539
539 02367_法華文句注 562 539
539 02388_華嚴旨歸注 562 539
539 02401_華嚴合論注 562 539
539 02403_華嚴略策注 562 539
539 02404_華嚴大意注 562 539
539 02494_華嚴經疏注 562 539
539 02495_法華經疏注 562 539
539 02503_涅槃經疏注 562 539
539 29660_菩提心離相論 921 539
540 01636_天台摩訶止觀輔行 564 540
540 02022_四分律行事鈔新疏 564 540
540 02023_四分律行事鈔會本 564 540
540 02024_四分律行事鈔集解 564 540
540 02025_四分律行事鈔備覽 564 540
540 02026_四分律行事鈔講錄 564 540
540 02027_四分律行事鈔筆記 564 540
540 02028_四分律行事鈔研究 564 540
540 02029_四分律行事鈔講義 564 540
540 02030_四分律行事鈔解說 564 540
540 02031_四分律行事鈔指南 564 540
540 02032_四分律行事鈔入門 564 540
540 02033_四分律行事鈔概要 564 540
540 02034_四分律行事鈔提要 564 540
540 02035_四分律行事鈔淺釋 564 540
540 02036_四分律行事鈔白話 564 540
540 02037_四分律行事鈔今譯 564 540
540 02038_四分律行事鈔新解 564 540
540 02039_四分律行事鈔通論 564 540
540 02040_四分律行事鈔概論 564 540
540 02041_四分律行事鈔綜述 564 540
540 02042_四分律行事鈔總論 564 540
540 02043_四分律行事鈔綱要 564 540
540 02044_四分律行事鈔綱領 564 540
540 02045_四分律行事鈔大綱 564 540
540 02046_四分律行事鈔要略 564 540
540 02047_四分律行事鈔精要 564 540
540 02048_四分律行事鈔精華 564 540
540 02049_四分律行事鈔選讀 564 540
540 02050_四分律行事鈔選譯 564 540
540 02051_四分律行事鈔選注 564 540
540 02052_四分律行事鈔選解 564 540
540 02053_四分律行事鈔選釋 564 540
540 02054_四分律行事鈔選講 564 540
540 02055_四分律行事鈔選論 564 540
540 02056_四分律行事鈔選評 564 540
540 02057_四分律行事鈔選析 564 540
540 02058_四分律行事鈔選述 564 540
540 02059_四分律行事鈔選編 564 540
540 02060_四分律行事鈔選輯 564 540
540 02061_四分律行事鈔選集 564 540
540 02062_四分律行事鈔選錄 564 540
540 02063_四分律行事鈔選抄 564 540
540 02064_四分律行事鈔選要 564 540
540 02100_南傳入阿毗達磨論 564 540
540 02216_格魯派密宗道次第 564 540
540 02225_格魯派那洛六法論 564 540
540 02226_格魯派時輪金剛論 564 540
540 02227_格魯派密集金剛論 564 540
540 02228_格魯派勝樂金剛論 564 540
540 02286_薩迦派道果金剛句 564 540
540 02308_薩迦派道果喜金剛 564 540
540 02337_苯教中陰救度心髓 564 540
540 02343_苯教時輪金剛心髓 564 540
540 02344_苯教密集金剛心髓 564 540
540 02345_苯教勝樂金剛心髓 564 540
540 02353_苯教灌頂儀軌心髓 564 540
540 02354_苯教傳承祈請心髓 564 540
540 02413_大乘百法明門論注 564 540
540 02469_四分律比丘尼鈔注 564 540
540 02470_四分律比丘戒本注 564 540
540 02472_四分律隨機羯磨注 564 540
540 02476_四分律戒相表記注 564 540
540 02477_梵網經菩薩戒本注 564 540
540 02478_梵網經菩薩戒疏注 564 540
540 02482_大日經供養法疏注 564 540
540 02483_大日經住心品疏注 564 540
540 02506_大方等大集經疏注 564 540
541 02165_淨土十疑論注 564 541
541 02167_淨土指歸集註 564 541
541 02168_淨土決疑論注 564 541
541 02171_淨土聖賢錄注 564 541
541 02172_淨土發願文注 564 541
541 02220_格魯派因明論 564 541
541 02387_華嚴探玄記注 564 541
541 02390_華嚴修慈分注 564 541
541 02393_華嚴十玄門注 564 541
541 02394_華嚴搜玄記注 564 541
541 02395_華嚴孔目章注 564 541
541 02396_華嚴內章門注 564 541
541 02402_華嚴決疑論注 564 541
541 02410_唯識二十論注 564 541
542 02015_四分律行事鈔資持記 566 542
542 02018_四分律羯磨疏濟緣記 566 542
542 02099_南傳攝阿毗達磨義論 566 542
542 02107_南傳島史 564 542
542 02108_南傳大史 564 542
542 02109_南傳小史 564 542
542 02175_唸佛鏡注 564 542
542 02229_格魯派大威德金剛論 566 542
542 02266_噶舉派大手印四瑜伽 566 542
542 02287_薩迦派道果傳承祈請 566 542
542 02289_薩迦派道果修法總集 566 542
542 02290_薩迦派道果本尊修法 566 542
542 02291_薩迦派道果護法修法 566 542
542 02297_薩迦派道果中陰救度 566 542
542 02298_薩迦派道果生起次第 566 542
542 02299_薩迦派道果圓滿次第 566 542
542 02300_薩迦派道果氣脈明點 566 542
542 02304_薩迦派道果時輪金剛 566 542
542 02305_薩迦派道果密集金剛 566 542
542 02306_薩迦派道果勝樂金剛 566 542
542 02314_薩迦派道果灌頂總集 566 542
542 02315_覺囊派時輪金剛心髓 566 542
542 02322_覺囊派傳承祈請心髓 566 542
542 02346_苯教大威德金剛心髓 566 542
542 02369_小止觀注 564 542
542 02414_大乘百法明門論解注 566 542
542 02467_四分律含注戒本疏注 566 542
542 02468_四分律拾毗尼義鈔注 566 542
542 02471_四分律比丘尼戒本注 566 542
542 02485_金剛頂經供養法疏注 566 542
542 02487_蘇悉地經供養法疏注 566 542
543 02169_淨土境觀要門注 566 543
543 02176_觀無量壽佛經疏 566 543
543 02178_觀無量壽佛經注 566 543
543 02179_觀無量壽佛經解 566 543
543 02180_觀無量壽佛經釋 566 543
543 02181_觀無量壽佛經講 566 543
543 02182_觀無量壽佛經說 566 543
543 02183_觀無量壽佛經論 566 543
543 02184_觀無量壽佛經記 566 543
543 02185_觀無量壽佛經鈔 566 543
543 02186_觀無量壽佛經科 566 543
543 02378_阿彌陀經義記注 566 543
543 02383_觀無量壽經疏注 566 543
543 02385_華嚴金師子章注 566 543
543 02386_華嚴義海百門注 566 543
543 02391_華嚴法界觀門注 566 543
543 02392_華嚴五教止觀注 566 543
543 02406_成唯識論述記注 566 543
543 02409_成唯識論演祕注 566 543
543 02411_唯識三十論頌注 566 543
543 02412_唯識三十論釋注 566 543
544 01670_阿毗達磨大毗婆沙論釋 568 544
544 01677_顯宗論疏 544 652
544 01679_入阿毗達磨論疏 544 689
544 02110_南傳佛牙史 566 544
544 02307_薩迦派道果大威德金剛 568 544
544 02365_天台止觀注 566 544
544 02368_摩訶止觀注 566 544
544 02473_四分律刪補隨機羯磨注 568 544
544 02490_觀世音菩薩授記經疏注 568 544
545 01695_南傳律疏 545 722
545 02177_觀無量壽佛經義疏 568 545
545 02187_觀無量壽佛經疏鈔 568 545
545 02188_觀無量壽佛經疏注 568 545
545 02189_觀無量壽佛經疏解 568 545
545 02190_觀無量壽佛經疏釋 568 545
545 02191_觀無量壽佛經疏講 568 545
545 02192_觀無量壽佛經疏說 568 545
545 02193_觀無量壽佛經疏論 568 545
545 02194_觀無量壽佛經疏記 568 545
545 02195_觀無量壽佛經疏鈔 568 545
545 02196_觀無量壽佛經疏科 568 545
545 02197_觀無量壽佛經會疏 568 545
545 02198_觀無量壽佛經合疏 568 545
545 02199_觀無量壽佛經集疏 568 545
545 02200_觀無量壽佛經匯疏 568 545
545 02201_觀無量壽佛經要疏 568 545
545 02202_觀無量壽佛經略疏 568 545
545 02203_觀無量壽佛經大疏 568 545
545 02204_觀無量壽佛經廣疏 568 545
545 02205_觀無量壽佛經玄疏 568 545
545 02206_觀無量壽佛經文疏 568 545
545 02207_觀無量壽佛經義疏 568 545
545 02208_觀無量壽佛經理疏 568 545
545 02209_觀無量壽佛經事疏 568 545
545 02210_觀無量壽佛經法疏 568 545
545 02211_觀無量壽佛經人疏 568 545
545 02212_觀無量壽佛經時疏 568 545
545 02213_觀無量壽佛經處疏 568 545
545 02214_觀無量壽佛經因疏 568 545
545 02264_寧瑪派大圓滿涅槃 568 545
545 02389_華嚴發菩提心章注 568 545
545 02397_華嚴一乘十玄門注 568 545
545 02399_華嚴遊心法界記注 568 545
545 02408_成唯識論了義燈注 568 545
546 02019_四分律含注戒本疏行宗記 570 546
546 02020_四分律拾毗尼義鈔輔要記 570 546
546 02021_四分律比丘尼鈔比丘尼記 570 546
546 02111_南傳菩提樹史 568 546
546 02239_格魯派儀軌論 568 546
546 02474_四分律刪繁補闕行事鈔注 570 546
546 02475_四分律比丘尼戒相表記注 570 546
547 01755_大乘法界無差別論疏 570 547
547 02398_華嚴明法品三寶章注 570 547
547 02407_成唯識論掌中樞要注 570 547
548 02112_南傳緬甸佛教史 570 548
548 02113_南傳泰國佛教史 570 548
549 02249_寧瑪派大圓滿法界寶藏 572 549
549 02384_華嚴一乘教義分齊章注 572 549
549 02400_華嚴普賢行願別行疏注 572 549
550 02114_南傳柬埔寨佛教史 572 550
551 01821_大乘起信論解 572 551
551 01823_大乘起信論注 572 551
552 02288_薩迦派道果灌頂儀軌 574 552
552 02323_覺囊派灌頂儀軌心髓 574 552
553 01761_大乘起信論纂注 574 553
553 01763_大乘起信論直解 574 553
553 01765_大乘起信論義疏 574 553
553 01769_大乘起信論疏記 574 553
553 01771_大乘起信論科文 574 553
553 01773_大乘起信論會閱 574 553
553 01776_大乘起信論續疏 574 553
553 01778_大乘起信論講記 574 553
553 01780_大乘起信論要釋 574 553
553 01782_大乘起信論新釋 574 553
553 01784_大乘起信論研究 574 553
553 01786_大乘起信論考證 574 553
553 01788_大乘起信論今釋 574 553
553 01790_大乘起信論淺釋 574 553
553 01792_大乘起信論導讀 574 553
553 01794_大乘起信論述要 574 553
553 01796_大乘起信論集解 574 553
553 01800_大乘起信論疏論 574 553
553 01802_大乘起信論義記 574 553
553 01804_大乘起信論玄義 574 553
553 01806_大乘起信論疏鈔 574 553
553 01808_大乘起信論科注 574 553
553 01810_大乘起信論會解 574 553
553 01812_大乘起信論詮要 574 553
553 01814_大乘起信論通釋 574 553
553 01815_大乘起信論釋要 574 553
553 01817_大乘起信論懸談 574 553
553 01819_大乘起信論述義 574 553
553 01825_大乘起信論疏義 574 553
553 01827_大乘起信論發隱 574 553
553 01829_大乘起信論探玄 574 553
553 01831_大乘起信論闡微 574 553
553 01833_大乘起信論精義 574 553
553 01835_大乘起信論心要 574 553
553 01837_大乘起信論宗要 574 553
553 01839_大乘起信論指要 574 553
553 01841_大乘起信論抉隱 574 553
553 01843_大乘起信論顯宗 574 553
553 01845_大乘起信論正宗 574 553
553 01847_大乘起信論了義 574 553
553 01849_大乘起信論正解 574 553
553 01851_大乘起信論決疑 574 553
553 01853_大乘起信論明宗 574 553
553 01855_大乘起信論辨正 574 553
553 01857_大乘起信論宗通 574 553
553 01859_大乘起信論法印 574 553
553 01861_大乘起信論心印 574 553
553 01863_大乘起信論真詮 574 553
553 01865_大乘起信論實義 574 553
553 01867_大乘起信論正義 574 553
553 01869_大乘起信論要旨 574 553
553 01871_大乘起信論本義 574 553
553 01873_大乘起信論原義 574 553
553 01875_大乘起信論實解 574 553
553 01877_大乘起信論直詮 574 553
553 01879_大乘起信論妙義 574 553
553 01881_大乘起信論深義 574 553
553 01883_大乘起信論奧義 574 553
553 01885_大乘起信論微義 574 553
553 01887_大乘起信論祕義 574 553
553 01889_大乘起信論圓義 574 553
553 01891_大乘起信論頓義 574 553
553 01893_大乘起信論漸義 574 553
553 02215_格魯派道次第論 574 553
554 02489_文殊師利根本儀軌疏注 576 554
554 29657_勸誡王頌 837 554
555 01757_究竟一乘寶性論疏 576 555
555 01759_大乘起信論裂網疏 576 555
555 01767_大乘起信論筆削記 576 555
555 01895_大乘起信論究竟義 576 555
555 01897_大乘起信論了義疏 576 555
555 01899_大乘起信論究竟疏 576 555
555 01901_大乘起信論圓滿疏 576 555
555 01905_大乘起信論了義注 576 555
555 01907_大乘起信論究竟注 576 555
555 01909_大乘起信論圓滿注 576 555
555 01913_大乘起信論了義解 576 555
555 01916_大乘起信論究竟解 576 555
555 01918_大乘起信論圓滿解 576 555
555 01922_大乘起信論了義鈔 576 555
555 01923_大乘起信論究竟鈔 576 555
555 01925_大乘起信論圓滿鈔 576 555
555 01930_大乘起信論了義科 576 555
555 01932_大乘起信論究竟科 576 555
555 01934_大乘起信論圓滿科 576 555
555 01937_大乘起信論了義會 576 555
555 01939_大乘起信論究竟會 576 555
555 01942_大乘起信論圓滿會 576 555
555 01945_大乘起信論了義閱 576 555
555 01947_大乘起信論究竟閱 576 555
555 01950_大乘起信論圓滿閱 576 555
555 01953_大乘起信論了義發 576 555
555 01955_大乘起信論究竟發 576 555
555 01957_大乘起信論圓滿發 576 555
555 01961_大乘起信論了義探 576 555
555 01963_大乘起信論究竟探 576 555
555 01965_大乘起信論圓滿探 576 555
555 01969_大乘起信論了義闡 576 555
555 01971_大乘起信論究竟闡 576 555
555 01973_大乘起信論圓滿闡 576 555
555 01977_大乘起信論了義精 576 555
555 01980_大乘起信論究竟精 576 555
555 01981_大乘起信論圓滿精 576 555
555 01985_大乘起信論了義心 576 555
555 01987_大乘起信論究竟心 576 555
555 01989_大乘起信論圓滿心 576 555
555 01993_大乘起信論了義宗 576 555
555 01995_大乘起信論究竟宗 576 555
555 01997_大乘起信論圓滿宗 576 555
555 02001_大乘起信論了義指 576 555
555 02003_大乘起信論究竟指 576 555
555 02005_大乘起信論圓滿指 576 555
555 02010_大乘起信論了義抉 576 555
555 02011_大乘起信論究竟抉 576 555
555 02013_大乘起信論圓滿抉 576 555
557 01798_大乘起信論註疏集成 578 557
557 01903_大乘起信論究竟義疏 578 557
557 01911_大乘起信論究竟義注 578 557
557 01919_大乘起信論究竟義解 578 557
557 01928_大乘起信論究竟義鈔 578 557
557 01935_大乘起信論究竟義科 578 557
557 01943_大乘起信論究竟義會 578 557
557 01952_大乘起信論究竟義閱 578 557
557 01959_大乘起信論究竟義發 578 557
557 01967_大乘起信論究竟義探 578 557
557 01976_大乘起信論究竟義闡 578 557
557 01983_大乘起信論究竟義精 578 557
557 01991_大乘起信論究竟義心 578 557
557 01999_大乘起信論究竟義宗 578 557
557 02008_大乘起信論究竟義指 578 557
558 02223_格魯派大圓滿論 578 558
558 02224_格魯派大手印論 578 558
558 02325_苯教大圓滿心髓 578 558
558 02341_苯教大手印心髓 578 558
558 29661_發菩提心戒儀 802 558
560 02246_寧瑪派大圓滿心髓 580 560
560 02256_寧瑪派大圓滿徹卻 580 560
560 02257_寧瑪派大圓滿脫噶 580 560
560 02258_寧瑪派大圓滿中陰 580 560
560 02259_寧瑪派大圓滿頗瓦 580 560
560 02260_寧瑪派大圓滿光明 580 560
560 02261_寧瑪派大圓滿虹身 580 560
560 02262_寧瑪派大圓滿成佛 580 560
560 02263_寧瑪派大圓滿解脫 580 560
560 02265_噶舉派大手印心髓 580 560
560 02301_薩迦派道果大手印 580 560
560 02302_薩迦派道果大圓滿 580 560
560 02320_覺囊派大手印心髓 580 560
560 02321_覺囊派大圓滿心髓 580 560
561 01683_法蘊足論疏 561 768
562 01689_舍利弗阿毗曇論疏 562 691
562 02247_寧瑪派大圓滿四心滴 582 562
562 02362_苯教大圓滿四部心髓 582 562
562 02363_苯教大圓滿五部心髓 582 562
562 02364_苯教大圓滿六部心髓 582 562
564 02248_寧瑪派大圓滿龍欽心髓 584 564
564 02250_寧瑪派大圓滿心性休息 584 564
564 02251_寧瑪派大圓滿虛幻休息 584 564
564 02252_寧瑪派大圓滿禪定休息 584 564
564 02253_寧瑪派大圓滿妙音休息 584 564
564 02254_寧瑪派大圓滿三自解脫 584 564
564 02255_寧瑪派大圓滿直指心性 584 564
564 02267_噶舉派大手印那洛六法 584 564
564 02268_噶舉派大手印瑪爾巴傳 584 564
566 02269_噶舉派大手印密勒日巴傳 586 566
566 02271_噶舉派大手印岡波巴文集 586 566
566 02273_噶舉派大手印噶瑪巴傳承 586 566
566 02283_噶舉派大手印林熱巴文集 586 566
568 02270_噶舉派大手印密勒日巴道歌 588 568
568 02272_噶舉派大手印大寶法王文集 588 568
568 02280_噶舉派大手印桑傑年巴文集 588 568
568 02281_噶舉派大手印達波拉傑文集 588 568
568 02282_噶舉派大手印帕莫竹巴文集 588 568
568 02284_噶舉派大手印止貢噶舉文集 588 568
569 29662_菩薩地持經 837 569
570 01335_華嚴一乘教義分齊章 743 570
570 02274_噶舉派大手印司徒仁波切文集 590 570
570 02275_噶舉派大手印蔣貢仁波切文集 590 570
570 02276_噶舉派大手印創古仁波切文集 590 570
570 02277_噶舉派大手印波卡仁波切文集 590 570
570 02278_噶舉派大手印頂果仁波切文集 590 570
572 29655_廣破經 861 572
574 02279_噶舉派大手印竹清嘉措仁波切文集 594 574
575 29652_六十正理論 867 575
578 29663_菩薩善戒經 818 578
588 29668_仁王護國般若波羅蜜多經 971 588
591 01709_毗尼母論疏 591 743
592 29667_金光明最勝王經 896 592
597 01649_般舟三昧經注 597 739
597 29665_梵網經 795 597
603 01725_瑜伽菩薩戒疏 603 840
611 01747_辯中邊論疏 611 832
613 01673_六足論疏 613 729
613 01737_回諍論疏 613 871
614 01743_大乘百法明門論疏 614 938
614 01745_觀所緣緣論疏 614 835
615 01671_發智論疏 615 758
619 01663_因明入正理論疏 619 806
619 01693_清淨道論疏 619 836
620 29670_華嚴經普賢行願品 860 620
621 01707_善見律毗婆沙疏 621 872
621 29669_法華經觀世音菩薩普門品 869 621
622 01719_優婆塞戒經疏 622 841
623 29680_大乘密嚴經 975 623
624 01711_薩婆多毗尼毗婆沙疏 624 883
625 01733_十二門論疏 625 821
627 01721_三聚淨戒論疏 627 894
628 01655_攝大乘論疏 628 795
630 01338_華嚴金師子章 754 630
630 01659_瑜伽師地論記 630 788
630 01713_律二十二明瞭論疏 630 843
632 01697_四分律疏 632 736
632 01735_百論疏 632 885
634 29666_大乘三聚懺悔經 755 634
637 29654_回諍論 892 637
638 01699_五分律疏 638 777
638 01703_摩訶僧祇律疏 638 802
642 29649_大乘莊嚴經論 926 642
643 01717_菩薩戒本疏 643 861
643 01731_中論疏 643 828
644 29651_中觀心論 881 644
647 01701_十誦律疏 647 795
651 01667_俱舍論頌疏 651 772
652 29650_中觀寶鬘論 910 652
653 01653_十地經論疏 653 765
658 01651_彌陀經疏 658 785
660 01661_唯識三十頌釋 660 801
661 29677_大般涅槃經 1096 661
663 01753_佛性論疏 663 801
665 29671_地藏菩薩本願經 945 665
667 01657_成唯識論述記 667 830
669 01723_梵網經菩薩戒疏 669 831
669 01751_攝大乘論釋疏 669 908
670 01665_因明大疏 670 807
670 29674_阿彌陀經 1091 670
673 01639_法華文句記 673 848
674 01749_大乘莊嚴經論疏 674 856
676 01705_根本說一切有部律疏 676 865
683 01329_華嚴經疏 850 683
683 29646_密宗道次第論 879 683
683 29681_大乘阿毗達磨集論 1018 683
686 01739_唯識二十論疏 686 861
686 29672_藥師如來本願功德經 1087 686
691 01625_大乘起信論疏 691 834
701 01741_唯識三十論頌疏 701 893
702 01715_梵網經疏 702 808
710 01633_天台法華玄義釋籤 710 889
715 01645_無量壽經義疏 715 840
716 29675_無量壽經 1070 716
730 29683_大乘百法明門論 1046 730
741 29678_楞伽阿跋多羅寶經 1175 741
741 29684_大乘五蘊論 1058 741
752 01333_華嚴經隨疏演義鈔 786 752
752 29647_現觀莊嚴論 908 752
752 29648_辨法法性論 915 752
762 29682_攝大乘論 1091 762
763 01337_華嚴法界觀門 1028 763
766 29679_解深密經 1140 766
812 01336_華嚴金獅子章 924 812
813 01615_大日經疏 813 962
820 00407_一說部論典 820 940
824 29676_觀無量壽佛經 1050 824
831 29643_大乘集菩薩學論 937 831
833 01074_蘇悉地羯羅經梵藏漢對照 833 884
838 00414_北山住部論典 838 933
842 01332_華嚴一乘教義分齊章 960 842
844 29640_大智度論 948 844
846 29696_百喻經 1446 846
850 01460_大乘起信論直解 850 1560
852 01328_華嚴經探玄記 971 852
854 00395_導論與藏論 854 884
855 00410_多聞部論典 855 884
858 29644_入菩薩行論 936 858
858 29645_菩提道燈論 891 858
860 00413_西山住部論典 860 916
862 00404_飲光部律典 936 862
863 00034_中部 863 999
865 00402_化地部律典 865 878
866 00400_上座部律典 866 943
867 00406_說轉部論典 867 914
870 00035_相應部 870 1003
882 01301_大乘梵網經略注 882 957
884 00068_界論 884 1028
887 00411_說假部論典 887 893
889 29685_唯識二十論 1034 889
892 00405_經量部論典 915 892
894 00038_法句經 894 992
895 00061_法蘊足論 895 980
895 00408_說出世部論典 895 912
895 29642_大乘寶性論 962 895
897 00394_無礙解道注 913 897
897 00396_阿毗達磨概要 956 897
899 01326_華嚴經疏 1043 899
900 29688_觀所緣緣論 1094 900
904 29641_十地經論 1013 904
909 01070_大威德金剛續梵藏漢對照 971 909
910 00064_界身足論 910 1062
910 00943_準提陀羅尼經 979 910
911 00267_釋氏要覽 1133 911
911 00409_雞胤部論典 926 911
911 00422_大明度經 911 954
912 00403_法藏部律典 918 912
914 00055_巴利律藏大品與小品 914 1003
914 01071_喜金剛續梵藏漢對照 931 914
915 00269_甘珠爾 1137 915
915 00398_說一切有部律典 1055 915
916 00067_人施設論 916 1010
916 01073_金剛頂經梵藏漢對照 926 916
917 00291_大印五支道 1113 917
917 00419_放光般若經 945 917
917 00420_光讚般若經 917 917
917 01072_大日經梵藏漢對照 986 917
918 01066_量決定論梵藏漢對照 1103 918
919 00397_巴利三藏提要 919 940
920 00062_集異門足論 920 1011
920 00412_制多部論典 920 961
920 01061_入菩薩行論梵藏漢對照 1117 920
922 00041_本生經 922 971
923 01069_勝樂金剛續梵藏漢對照 983 923
924 00421_道行般若經 924 971
924 29695_佛所行讚 1258 924
928 00958_阿彌陀經三譯本合集 928 929
928 01339_密集金剛灌頂儀軌 1032 928
931 00054_根本說一切有部律 986 931
932 00033_長部 932 1039
934 00495_雨寶陀羅尼經 934 1104
934 01062_菩提道次第廣論梵藏漢對照 1107 934
936 00060_識身足論 936 1085
939 00036_增支部 939 1052
939 00043_巴利論藏七論 939 1098
941 00961_法華經三譯本合集 941 956
942 00946_守護國界主陀羅尼經 1010 942
945 00399_大眾部律典 957 945
947 00047_島史與大史 947 1051
947 00935_大乘本生心地觀經 947 968
947 00951_華嚴經普賢行願品 987 947
949 00934_優婆塞戒經 980 949
949 00950_法華經觀世音菩薩普門品 998 949
949 01075_陀羅尼集經梵藏漢對照 1114 949
950 00948_仁王護國般若經 996 950
951 00178_顯揚聖教論 951 1156
951 00416_部派律典比較研究 957 951
952 00959_無量壽經五譯本合集 992 952
953 00280_密宗道次第廣論 1223 953
953 00947_金光明最勝王經 970 953
953 01265_事續總集 953 967
954 00292_解脫莊嚴寶論 1206 954
954 00493_大悲心陀羅尼經 954 1125
955 01058_辨中邊論梵藏漢對照 1075 955
956 00936_佔察善惡業報經 1000 956
957 00042_長老偈與長老尼偈 957 1033
957 00418_大般若經六百卷 957 983
959 00037_小部 959 1000
959 00268_藏傳佛教典籍總覽 1221 959
959 00937_佛說盂蘭盆經 1019 959
960 00953_楞嚴經楞嚴咒 990 960
962 00076_增支部注 1117 962
962 00484_無上瑜伽部母續 962 1157
963 00051_五分律 963 1015
963 00401_正量部律典 1022 963
964 00949_法華經普門品 993 964
964 00960_觀無量壽經三譯本合集 964 964
964 29686_唯識三十頌 1215 964
965 00293_薩迦格言 1107 965
965 00393_本生經發趣論 1019 965
966 00941_不空羂索神咒心經 1004 966
966 29689_因明入正理論 1179 966
968 00294_量理寶藏論 1142 968
969 00507_淨土宗典籍羣 969 1187
970 01067_時輪金剛續梵藏漢對照 970 1053
971 00492_佛頂尊勝陀羅尼經 971 1178
971 01309_十二門論疏 971 1225
973 29745_Rhys_Davids巴利研究 1428 973
974 00039_經集 974 984
974 00942_如意輪陀羅尼經 975 974
975 00063_施設論 975 1060
975 00956_金剛經六譯本合集 983 975
976 00939_高王觀世音經 1011 976
977 00172_相續相攝論 977 1245
979 00261_大乘義章 1206 979
979 00279_布頓佛教史 1229 979
979 00417_部派論書集成 992 979
979 00940_十一面神咒心經 1013 979
979 00962_華嚴經三譯本合集 1024 979
980 00415_部派佛教思想史 1042 980
980 01068_密集金剛續梵藏漢對照 1100 980
981 00053_摩訶僧祇律 987 981
981 00075_相應部注 1123 981
981 00494_準提陀羅尼經 981 1078
982 00052_十誦律 982 993
984 00065_發趣論 984 1187
986 00171_論軌 986 1156
987 00040_自說經與如是語經 987 1071
987 00046_大毗婆沙論 987 1109
987 00290_那若六法 1173 987
987 00945_孔雀明王經 987 995
988 00057_異部宗輪論 988 1071
988 00066_雙論 988 1082
989 29702_出曜經 2175 989
991 00270_丹珠爾 1100 991
991 00957_心經七譯本合集 1005 991
992 00491_金剛鬘續釋 992 1082
996 00048_犍陀羅語佛教寫本 996 1117
996 00161_現觀莊嚴論 996 1111
997 00498_無垢淨光大陀羅尼經 997 1139
998 00460_菩提道燈論釋 998 1049
998 01060_入中論梵藏漢對照 1116 998
999 00459_集學論與學處集要 1064 999
999 00483_金剛大道場經 1017 999
1000 01048_中論梵藏漢對照 1024 1000
1000 01052_瑜伽師地論梵藏漢對照 1029 1000
1001 00263_大乘起信論義記 1253 1001
1001 01554_破相論 1113 1001
1001 01613_唸佛鏡 1126 1001
1002 00963_涅槃經三譯本合集 1045 1002
1002 01004_甘珠爾佛說法稱菩薩傳 1074 1002
1002 01038_圓覺經梵藏漢對照 1002 1004
1003 00174_般若燈論 1003 1244
1003 01001_甘珠爾佛說無著菩薩傳 1079 1003
1003 01033_解深密經梵藏漢對照 1053 1003
1004 01002_甘珠爾佛說世親菩薩傳 1110 1004
1004 01049_百論梵藏漢對照 1014 1004
1004 01053_成唯識論梵藏漢對照 1087 1004
1004 01563_禪宗永嘉集 1004 1004
1004 01568_建中靖國續燈錄 1060 1004
1005 00164_大乘五蘊論 1005 1163
1005 00505_華嚴宗典籍羣 1005 1175
1005 01588_禪門日誦 1223 1005
1006 00170_正理一滴論 1006 1128
1006 01560_證道歌 1006 1009
1006 01601_淨土境觀要門 1018 1006
1007 00173_中觀心論 1007 1280
1007 00933_梵網經菩薩戒 1115 1007
1007 00944_摩利支天經 1028 1007
1007 00979_甘珠爾佛說現觀莊嚴論 1222 1007
1008 00032_波羅提木叉 1008 1151
1008 00059_品類足論 1008 1041
1008 00271_祕密藏續 1227 1008
1008 00503_三論宗典籍羣 1008 1198
1008 00964_維摩詰經三譯本合集 1019 1008
1008 01251_如是語 1041 1008
1008 01559_絕觀論 1043 1008
1009 00234_法事贊 1179 1009
1009 01035_金光明經梵藏漢對照 1009 1027
1010 00050_四分律 1010 1020
1010 00181_六門教授習定論 1010 1152
1011 00187_六十如理論注 1011 1342
1011 00278_噶當派菩提道次第源流 1238 1011
1011 01050_十二門論梵藏漢對照 1046 1011
1011 01056_大乘莊嚴經論梵藏漢對照 1085 1011
1011 01315_大方等大集經疏 1011 1022
1011 01562_永嘉禪宗集 1012 1011
1012 00496_光明真言經 1012 1144
1012 00954_楞嚴經四種清淨明誨 1012 1012
1013 00077_無礙解道 1054 1013
1013 01045_摩訶僧祇律梵藏漢對照 1013 1084
1013 01276_金剛頂經疏 1013 1110
1014 00162_辨法法性論 1014 1056
1014 00506_天台宗典籍羣 1014 1200
1014 01040_梵網經梵藏漢對照 1066 1014
1014 01047_善見律梵藏漢對照 1023 1014
1014 01170_論事注 1102 1014
1016 00074_中部注 1110 1016
1016 00489_大威德金剛續釋 1016 1059
1016 01557_悟性論 1226 1016
1017 00058_舍利弗阿毗曇論 1017 1061
1017 00469_正理一滴論釋 1138 1017
1017 00499_智炬陀羅尼經 1017 1149
1017 01254_經集 1017 1068
1017 01453_華嚴十玄門 1017 1080
1017 01565_五燈會元續略 1017 1051
1018 00167_掌中論 1018 1142
1018 00952_華嚴經淨行品 1034 1018
1018 01043_五分律梵藏漢對照 1018 1047
1018 01280_陀羅尼集經疏 1165 1018
1018 01465_華嚴經遊心法界記 1018 1046
1019 01009_甘珠爾佛說瑪爾巴譯師傳 1043 1019
1020 00185_阿毗達磨藏顯宗論 1020 1246
1020 01037_地藏經梵藏漢對照 1020 1022
1020 01039_首楞嚴經梵藏漢對照 1104 1020
1020 01054_攝大乘論梵藏漢對照 1020 1075
1021 00455_辨法法性論釋 1060 1021
1021 01057_辨法法性論梵藏漢對照 1021 1061
1021 01219_本行藏注 1021 1117
1022 00180_大乘掌珍論 1022 1222
1022 00475_大乘起信論義記 1134 1022
1022 01041_菩薩戒經梵藏漢對照 1106 1022
1022 01543_信心銘 1402 1022
1026 01046_根本說一切有部律梵藏漢對照 1026 1041
1027 00265_因明入正理論疏 1258 1027
1027 01008_甘珠爾佛說密勒日巴尊者傳 1041 1027
1027 01028_法華經梵藏漢對照 1027 1130
1028 00501_密宗道次第論 1028 1231
1028 01631_華嚴發菩提心章注 1052 1028
1029 01003_甘珠爾佛說陳那菩薩傳 1029 1088
1029 01234_寶經注 1029 1096
1029 01457_華嚴孔目章 1029 1075
1030 01065_正理一滴論梵藏漢對照 1094 1030
1030 01473_華嚴經略策 1045 1030
1031 00056_分別說部律典 1031 1038
1031 00488_勝樂金剛續釋 1031 1098
1032 00264_成唯識論述記 1217 1032
1032 00281_中觀正理海 1252 1032
1032 00508_禪宗典籍羣 1032 1184
1033 00237_傳心法要 1106 1033
1033 00955_楞嚴經二十五圓通 1043 1033
1033 01010_甘珠爾佛說那洛巴尊者傳 1033 1077
1034 00504_法相宗典籍羣 1034 1252
1034 01455_華嚴搜玄記 1045 1034
1034 01537_六祖壇經箋註 1159 1034
1034 01586_禪林寶訓合注 1301 1034
1035 00166_觀所緣緣論 1035 1224
1035 00168_因輪論 1035 1158
1036 01030_涅槃經梵藏漢對照 1116 1036
1036 01034_勝鬘經梵藏漢對照 1036 1047
1037 01032_楞伽經梵藏漢對照 1037 1041
1037 01055_大乘起信論梵藏漢對照 1040 1037
1038 00177_唯識論 1038 1192
1038 00306_白史 1369 1038
1038 00486_時輪金剛續釋 1038 1242
1038 01592_禪宗正脈 1038 1041
1038 01599_淨土決疑論 1038 1135
1038 01607_淨土發願文 1132 1038
1039 00246_高峯禪要 1197 1039
1039 00497_一切如來心祕密全身舍利寶篋印陀羅尼經 1039 1216
1039 01459_華嚴經內章門等雜孔目章 1058 1039
1040 00255_宋高僧傳 1144 1040
1040 01439_華嚴義海百門 1040 1085
1041 00476_大乘起信論裂網疏 1076 1041
1042 00070_彌蘭陀王問經注 1076 1042
1042 00169_量決定論 1042 1192
1042 00179_順中論 1042 1232
1042 01042_四分律梵藏漢對照 1042 1156
1042 01237_三皈依注 1042 1138
1042 01449_華嚴法界觀門 1042 1063
1043 00273_西藏度亡經 1209 1043
1043 00284_龍欽七寶藏 1288 1043
1043 01000_甘珠爾佛說提婆菩薩傳 1093 1043
1043 01325_華嚴經探玄記 1167 1043
1043 01567_天聖廣燈錄 1210 1043
1043 01575_古尊宿語錄 1187 1043
1045 00490_喜金剛續釋 1045 1130
1045 01547_最上乘論 1045 1119
1045 01572_指月錄 1085 1045
1046 00467_集量論釋 1150 1046
1046 01051_大智度論梵藏漢對照 1046 1095
1047 01007_甘珠爾佛說宗喀巴大師傳 1047 1094
1047 01026_心經梵藏漢對照 1067 1047
1047 01571_續傳燈錄 1049 1047
1048 00073_長部注 1123 1048
1048 00183_五事毗婆沙論 1048 1224
1049 00186_入中論自注 1049 1407
1049 00456_現觀莊嚴論釋 1161 1049
1049 00511_淨土十要 1049 1286
1049 01059_現觀莊嚴論梵藏漢對照 1049 1167
1049 01564_五燈會元 1305 1049
1050 00256_出三藏記集 1050 1086
1050 29722_太虛大師全書 1656 1050
1051 00910_增支部五法集 1051 1308
1051 01229_小誦注 1051 1160
1051 01461_華嚴一乘十玄門 1061 1051
1051 01551_觀心論 1051 1082
1052 01036_藥師經梵藏漢對照 1072 1052
1052 29673_因明正理門論 1342 1052
1054 00188_俱舍論注稱友 1054 1295
1054 00203_鳩摩羅什譯經羣 1054 1427
1054 01029_華嚴經梵藏漢對照 1054 1085
1055 01469_華嚴經合論 1055 1085
1055 01609_淨土日課 1358 1055
1056 01311_寶積經疏 1077 1056
1059 00295_三律儀論 1243 1059
1059 01128_心論 1059 1094
1059 01463_華嚴經明法品內立三寶章 1059 1067
1060 00165_唯識三十頌安慧釋 1060 1225
1060 00285_喜金剛續 1185 1060
1060 00512_淨土聖賢錄 1060 1259
1060 01172_雙論注 1060 1117
1060 01445_華嚴發菩提心章 1060 1065
1060 01549_修心要論 1324 1060
1060 01590_禪宗頌古聯珠通集 1117 1060
1061 00275_道果法 1325 1061
1061 00283_大圓滿根本典籍 1235 1061
1061 01647_往生論注注 1061 1164
1062 00909_增支部四法集 1062 1194
1063 00266_四分律行事鈔 1203 1063
1063 01437_華嚴金師子章 1107 1063
1064 00072_本生經注 1064 1067
1064 01063_集量論梵藏漢對照 1196 1064
1064 01244_自說經注 1064 1121
1064 01443_華嚴經旨歸 1064 1071
1064 01535_六祖壇經 1510 1064
1065 00201_竺法護譯經羣 1065 1252
1065 00470_量決定論釋 1227 1065
1065 01044_十誦律梵藏漢對照 1065 1078
1065 01216_行藏注 1065 1107
1065 01558_無心論 1305 1065
1065 01605_淨土聖賢錄 1065 1095
1066 00468_釋量論釋 1194 1066
1066 01005_甘珠爾佛說蓮華生大士傳 1066 1086
1066 01006_甘珠爾佛說阿底峽尊者傳 1066 1092
1067 00184_阿毗達磨順正理論 1067 1269
1067 00500_密乘道次第廣論 1067 1197
1067 01198_長老偈注 1067 1109
1068 00134_大智度論 1068 1156
1068 00485_無上瑜伽部父續 1068 1167
1068 00916_小部佛種姓經 1068 1079
1069 00472_大乘五蘊論釋 1120 1069
1069 01612_西方發願文 1079 1069
1070 00087_十地經 1189 1070
1070 01130_雜心論 1070 1119
1070 01228_本行藏 1070 1165
1070 29723_虛雲老和尚年譜 1863 1070
1070 29757_丁福保佛學大辭典 1483 1070
1071 00163_辨中邊論 1071 1182
1071 01217_所行藏注 1071 1085
1072 00241_人天眼目 1072 1093
1072 00245_宏智錄 1156 1072
1072 01142_異部宗輪論 1072 1123
1072 01149_佛說諸阿羅漢德經 1072 1122
1072 01573_續指月錄 1223 1072
1072 01603_淨土警語 1266 1072
1072 29746_Oldenberg佛陀傳 1390 1072
1073 00239_臨濟錄 1231 1073
1073 00282_根敦珠巴著述 1270 1073
1073 00919_小部導論 1162 1073
1073 01542_神會語錄 1073 1267
1074 00297_密集續 1282 1074
1074 01294_法華經疏 1074 1100
1075 00045_說一切有部六足一身論 1075 1146
1075 01140_部異執論 1075 1116
1076 00144_十二門論 1076 1251
1076 00479_金剛頂經疏 1288 1076
1076 01064_釋量論梵藏漢對照 1180 1076
1076 01471_華嚴經決疑論 1076 1099
1077 00236_十不二門指要鈔 1163 1077
1077 00454_大乘莊嚴經論釋 1077 1122
1077 01031_維摩詰經梵藏漢對照 1077 1078
1078 00214_禪宗語錄與燈錄羣 1078 1376
1078 00235_四明尊者教行錄 1202 1078
1078 00242_五燈會元 1184 1078
1078 00915_增支部十法集 1270 1078
1078 29787_末法思想與三階教 1119 1078
1079 00250_蓮池大師全集 1175 1079
1079 01595_淨土或問 1100 1079
1080 00487_密集金剛續釋 1080 1083
1080 00510_密宗典籍羣 1080 1164
1080 01166_界論注 1080 1124
1080 01451_華嚴五教止觀 1080 1096
1082 00088_大寶積經 1082 1091
1082 00152_阿毗達摩集論 1082 1175
1082 00471_大乘阿毗達磨集論釋 1172 1082
1082 01597_淨土指歸集 1174 1082
1083 00474_大乘起信論疏記 1238 1083
1083 01209_經集註 1083 1207
1083 01235_慈悲經注 1083 1179
1083 01593_淨土十疑論 1106 1083
1083 29698_六度集經 1978 1083
1084 00477_如來藏論書集成 1267 1084
1084 01407_四念處 1087 1084
1085 00149_四百論 1085 1170
1085 01119_四諦論 1085 1124
1086 00176_大乘廣百論釋論 1086 1354
1086 01106_阿毗達磨藏顯宗論 1086 1136
1087 00252_廣弘明集 1109 1087
1087 00276_大手印傳承文獻 1366 1087
1087 00892_中部小空經 1492 1087
1087 29687_成唯識論 1232 1087
1088 00200_支謙譯經羣 1088 1339
1088 00233_觀無量壽經疏 1249 1088
1088 00274_桑耶寺辯論 1301 1088
1088 00304_青史 1342 1088
1088 00461_修心七要釋 1142 1088
1089 00138_清淨道論 1089 1206
1089 00922_小部經集蛇經 1138 1089
1089 29809_華嚴教義修學入門 1181 1089
1090 00071_清淨道論注 1118 1090
1091 00272_蓮花生伏藏傳承 1271 1091
1091 01102_阿毗達磨順正理論 1091 1134
1092 00987_甘珠爾佛說因明正理門論 1125 1092
1092 01467_華嚴經普賢行願品別行疏鈔 1092 1098
1094 00277_密勒日巴道歌集 1217 1094
1094 00458_入菩薩行論釋 1094 1209
1094 00918_小部無礙解道 1268 1094
1094 00990_甘珠爾佛說正理一滴論 1148 1094
1094 01205_義釋注 1094 1119
1094 29749_Lamotte印度佛教史 1444 1094
1095 01111_阿毗達磨俱舍釋論 1095 1138
1095 01556_血脈論 1215 1095
1096 00262_肇論 1146 1096
1096 01133_分別功德論 1096 1138
1097 29697_賢愚經 1609 1097
1098 00175_入真實論 1098 1211
1098 00453_百論註疏 1098 1170
1098 01131_尊婆須蜜菩薩所集論 1098 1155
1099 00151_明句論 1099 1280
1099 00182_大乘百法明門論 1099 1285
1099 00970_地藏經三譯本合集 1116 1099
1099 01267_行續總集 1134 1099
1100 00069_攝阿毗達磨義論 1105 1100
1100 00305_紅史 1320 1100
1100 01239_大吉祥經注 1100 1197
1101 01144_異部宗輪論述記 1101 1132
1101 29699_雜寶藏經 1763 1101
1102 00972_首楞嚴經三譯本合集 1102 1115
1103 01225_所行藏 1103 1198
1103 01317_法華經文句 1103 1254
1104 00296_時輪續注 1290 1104
1105 00080_楞伽經 1179 1105
1105 00232_安樂集 1105 1105
1105 00253_高僧傳 1105 1183
1105 01118_成實論疏 1105 1158
1106 00465_因明入正理論疏 1255 1106
1106 00481_陀羅尼集經 1189 1106
1106 01569_聯燈會要 1106 1107
1107 01207_如是語注 1107 1181
1108 00240_曹洞五位 1108 1155
1108 00480_蘇悉地羯羅經 1198 1108
1108 01555_二入四行論 1382 1108
1109 00084_地藏經 1109 1137
1109 00156_集量論 1109 1228
1109 00502_密續總集 1109 1201
1110 00159_集菩薩學論 1110 1189
1111 00914_增支部九法集 1487 1111
1111 01202_無礙解道注 1124 1111
1111 01296_金剛經疏 1220 1111
1112 00082_圓覺經 1301 1112
1113 00254_續高僧傳 1113 1175
1114 01231_吉祥經注 1114 1147
1114 01368_時輪六支瑜伽灌頂 1114 1303
1114 01435_華嚴一乘教義分齊章 1116 1114
1115 00231_往生論注 1209 1115
1115 00897_相應部禪那相應 1571 1115
1115 00971_圓覺經三譯本合集 1115 1158
1116 00997_甘珠爾佛說寶行王正論 1116 1247
1116 01313_三論義疏 1116 1141
1117 29747_鈴木大拙英文禪學著作 1341 1117
1118 00150_佛護論 1118 1266
1118 00249_蕅益大師全集 1151 1118
1118 00466_因明大疏 1238 1118
1118 01246_本事經注 1118 1158
1119 00136_瑜伽師地論 1119 1325
1119 00912_增支部七法集 1119 1149
1119 00976_甘珠爾佛說大乘莊嚴經論 1119 1203
1120 00993_甘珠爾佛說迴諍論 1145 1120
1121 01153_佛說阿羅漢修行經 1121 1176
1121 01299_梵網經合注 1163 1121
1121 29758_佛光大辭典 1555 1121
1122 00089_大集經 1218 1122
1122 00123_優婆塞戒經 1122 1392
1122 00473_大乘百法明門論釋 1168 1122
1122 00478_大日經疏 1261 1122
1122 29748_Conze般若學研究 1516 1122
1123 00158_大史 1123 1129
1123 00257_開元釋教錄 1123 1189
1123 01241_南傳法句經注 1123 1221
1125 00121_菩薩地持經 1125 1228
1125 00122_菩薩善戒經 1125 1210
1125 00132_法華經文句 1125 1220
1125 00209_玄奘譯經羣 1125 1469
1125 00244_大慧語錄 1225 1125
1126 00980_甘珠爾佛說大乘阿毗達磨集論 1327 1126
1127 00086_大般涅槃經_大乘 1200 1127
1127 00917_小部所行藏經 1128 1127
1128 00243_從容錄 1150 1128
1128 00968_金光明經三譯本合集 1129 1128
1128 29737_高楠順次郎著作 1972 1128
1129 00090_密嚴經 1129 1228
1129 00969_藥師經三譯本合集 1148 1129
1129 01566_景德傳燈錄 1129 1170
1130 01214_餓鬼事注 1130 1226
1131 00125_仁王般若經 1131 1521
1131 00975_四分律五譯本合集 1313 1131
1132 00212_天台宗典籍羣 1132 1303
1132 00509_律宗典籍羣 1132 1212
1133 00248_紫柏大師全集 1133 1158
1133 29725_圓瑛法師著作 1801 1133
1134 00464_成唯識論述記 1213 1134
1134 00911_增支部六法集 1134 1258
1134 00988_甘珠爾佛說集量論 1213 1134
1134 01574_祖堂集 1134 1208
1135 00146_六十頌如理論 1135 1161
1136 00206_曇曜與雲岡刻經 1136 1424
1137 01545_信心銘註解 1241 1137
1138 00198_安世高譯經羣 1138 1329
1138 00213_華嚴宗典籍羣 1138 1376
1138 00998_甘珠爾佛說勸發諸王要偈 1138 1138
1138 01310_涅槃經疏 1138 1208
1139 00983_甘珠爾佛說唯識二十論 1139 1174
1140 00889_中部牧牛者經 1613 1140
1140 01027_金剛經梵藏漢對照 1252 1140
1141 00260_南海寄歸內法傳 1234 1141
1141 00308_辨了不了義善說藏論 1265 1141
1141 00311_知識寶藏 1330 1141
1141 29700_大莊嚴論經 1905 1141
1142 00978_甘珠爾佛說辨中邊論 1240 1142
1143 00157_釋量論 1143 1277
1143 00238_宛陵錄 1194 1143
1143 00457_入中論釋 1143 1183
1143 00989_甘珠爾佛說釋量論 1146 1143
1143 29761_中英佛學辭典 1781 1143
1144 00258_大唐西域記 1144 1230
1144 00301_普作王續 1295 1144
1145 00199_支婁迦讖譯經羣 1145 1348
1145 00302_大圓滿虛空藏 1340 1145
1145 00462_瑜伽師地論釋 1254 1145
1148 00982_甘珠爾佛說唯識三十頌 1157 1148
1148 01255_天宮事 1148 1243
1148 01269_瑜伽續總集 1148 1246
1149 01263_佛種姓 1154 1149
1149 01323_觀音義疏 1149 1215
1150 00120_大悲經 1150 1330
1150 00913_增支部八法集 1150 1317
1151 00139_入菩薩行論 1151 1350
1151 00898_相應部道品相應 1564 1151
1153 00251_弘明集 1254 1153
1153 01249_義釋 1153 1247
1154 00205_求那跋陀羅譯經羣 1154 1405
1155 00091_二萬五千頌般若經 1235 1155
1155 01363_那洛六法灌頂儀軌 1155 1283
1156 00085_藥師經 1185 1156
1156 00247_憨山夢遊集 1208 1156
1156 00463_唯識三十頌釋論 1221 1156
1156 01307_中論疏 1156 1338
1157 00908_增支部三法集 1157 1314
1158 00195_大乘阿毗達磨雜集論 1158 1303
1158 00197_漢文大藏經 1158 1278
1158 00883_長部遊行經 1673 1158
1159 00211_實叉難陀譯經羣 1159 1492
1159 00977_甘珠爾佛說辨法法性論 1184 1159
1159 01275_普賢金剛薩埵略瑜伽唸誦儀軌 1274 1159
1160 00083_楞嚴經 1353 1160
1160 00140_大乘起信論 1160 1274
1160 00991_甘珠爾佛說量決定論 1214 1160
1160 29817_那爛陀寺教學體系 1425 1160
1161 00887_中部多界經 1529 1161
1162 00078_金剛經 1196 1162
1162 00196_漢傳宗派典籍總覽 1162 1262
1163 01582_林間錄 1205 1163
1164 00116_如來藏經 1164 1307
1164 01211_天宮事注 1164 1260
1164 01305_大智度論疏 1164 1262
1165 00921_小部彌蘭陀問經 1359 1165
1165 01570_嘉泰普燈錄 1165 1193
1165 29751_Lopez佛教研究 1712 1165
1166 00303_多羅那他佛教史 1298 1166
1166 00307_三主要道 1313 1166
1166 00316_西藏王統記 1403 1166
1166 01584_禪林寶訓 1317 1166
1167 00145_回諍論 1167 1268
1168 00153_唯識二十論 1168 1571
1169 29819_印度佛教因明教學傳統 1411 1169
1170 01579_續禪林僧寶傳 1291 1170
1171 00965_勝鬘經三譯本合集 1211 1171
1171 01293_四分律比丘戒相表記 1171 1225
1172 00137_俱舍論 1172 1191
1172 00207_菩提流支譯經羣 1172 1361
1172 01277_蘇悉地經疏 1263 1172
1173 01271_無上瑜伽續總集 1173 1398
1173 29752_Thurman藏傳佛教研究 1772 1173
1174 00117_不增不減經 1174 1379
1174 00148_百論 1174 1206
1174 01297_心經疏 1174 1206
1175 00147_寶行王正論 1235 1175
1176 00881_沙門果經 1771 1176
1177 29762_法集論 1939 1177
1179 01448_華嚴修慈分 1179 1195
1180 01295_梵網經菩薩戒疏 1300 1180
1182 00118_大法鼓經 1182 1260
1182 00141_成唯識論 1182 1397
1182 00204_佛陀跋陀羅譯經羣 1182 1374
1182 00995_甘珠爾佛說七十空性論 1182 1240
1182 01201_長老尼偈注 1182 1384
1183 00194_大乘五道十地論 1183 1265
1183 01136_辟支佛因緣論 1183 1536
1184 00298_勝樂續 1379 1184
1185 00119_央掘魔羅經 1185 1355
1186 00079_心經 1277 1186
1186 00885_大本經 1592 1186
1186 01098_說一切有部界身足論 1186 1487
1188 00210_義淨譯經羣 1188 1422
1188 01304_解深密經疏 1188 1295
1189 00877_無我相經 1658 1189
1189 01258_餓鬼事 1189 1284
1189 29724_弘一法師著作 1926 1189
1190 00482_文殊師利根本儀軌經 1279 1190
1191 00879_安般守意經 1534 1191
1191 00888_中部八城經 1472 1191
1191 29755_Snellgrove藏傳佛教文獻 1727 1191
1192 00143_中觀莊嚴論與中觀思想發展 1192 1272
1192 00994_甘珠爾佛說六十頌如理論 1290 1192
1192 01561_證道歌註解 1420 1192
1193 00133_華嚴經探玄記 1193 1279
1193 01289_四分律含注戒本疏 1195 1193
1193 01300_維摩經疏 1193 1223
1193 01342_勝樂金剛灌頂儀軌 1193 1415
1194 00299_大威德續 1370 1194
1194 00901_相應部神足相應 1552 1194
1196 00208_真諦譯經羣 1196 1412
1196 01092_說一切有部發智論 1196 1334
1196 01173_發趣論注 1196 1418
1197 00893_中部大空經 1506 1197
1197 29705_觀普賢菩薩行法經 1589 1197
1198 00300_寧瑪十七續 1327 1198
1198 00986_甘珠爾佛說觀所緣緣論 1246 1198
1199 00312_米龐仁波切著述 1330 1199
1199 00925_小部經集犀牛角經 1590 1199
1200 29818_印度阿毗達磨學習次第 1485 1200
1201 00382_阿毗達磨發智論 1201 1287
1201 00984_甘珠爾佛說大乘百法明門論 1276 1201
1201 01287_四分律行事鈔 1201 1243
1202 00259_佛國記 1202 1224
1202 00314_山法了義海論 1421 1202
1202 00370_大正新修大藏經 1346 1202
1203 00310_現觀莊嚴論金鬘疏 1324 1203
1203 00920_小部藏論 1225 1203
1205 01324_金光明經疏 1422 1205
1206 01360_大手印灌頂儀軌 1206 1406
1206 29821_俱舍論學習指南 1411 1206
1207 00428_華嚴經入法界品 1207 1261
1207 00440_涅槃經後分 1207 1328
1207 01452_唯識三十頌釋 1207 2117
1208 00361_回鶻語佛教文獻 1208 1266
1209 01164_分別論注 1209 1413
1209 01366_道果灌頂儀軌 1209 1354
1210 00992_甘珠爾佛說中論 1210 1335
1211 00325_奈良時代佛教文獻 1211 1491
1211 00430_華嚴經十地品 1219 1211
1211 00452_十二門論註疏 1211 1228
1211 00985_甘珠爾佛說大乘五蘊論 1224 1211
1212 00317_蓮花生大士傳 1424 1212
1213 29753_Collins涅槃論 1841 1213
1214 00437_往生論 1232 1214
1215 29727_呂澂佛學著作 2042 1215
1215 29759_望月佛教大辭典 1798 1215
1216 00202_東晉譯經羣 1216 1424
1216 00448_中論頌與青目釋 1218 1216
1216 01285_南山律在家備覽 1399 1216
1217 00434_淨土三經一論 1277 1217
1218 00429_華嚴經普賢行願品 1218 1262
1218 00884_大善見王經 1701 1218
1219 00447_大乘經典集成 1263 1219
1219 00903_相應部力相應 1514 1219
1220 00450_中論頌與月稱釋 1220 1310
1220 01248_無礙解道 1220 1316
1221 00105_入定不定印經 1221 1270
1221 00368_歐洲佛教學術史 1221 1398
1221 00427_理趣般若經 1244 1221
1221 29726_歐陽竟無著作 2035 1221
1222 00315_藏傳別解脫經 1434 1222
1222 00425_仁王護國般若經 1222 1275
1223 00423_摩訶般若鈔經 1223 1236
1223 00882_梵網經 1756 1223
1224 00426_實相般若經 1224 1294
1224 01262_譬喻 1224 1318
1225 00112_文殊師利問經 1225 1284
1225 00433_法華經安樂行品 1266 1225
1225 00891_中部譬喻經 1709 1225
1225 01308_勝鬘經疏 1225 1237
1226 00451_回諍論頌與注 1226 1235
1227 00081_解深密經 1233 1227
1227 00101_大乘莊嚴經論 1227 1360
1227 00899_相應部念處相應 1515 1227
1228 00444_圓覺經諸註疏 1228 1448
1228 00445_維摩詰經諸註疏 1228 1421
1228 29754_Gombrich上座部佛教 1904 1228
1229 00436_阿彌陀經要解 1229 1344
1230 00439_寶積經諸品彙編 1230 1407
1230 00999_甘珠爾佛說龍樹菩薩傳 1230 1475
1230 01627_華嚴金師子章注 1366 1230
1231 00907_增支部二法集 1231 1284
1231 00967_解深密經三譯本合集 1240 1231
1232 00360_粟特語佛教文獻 1232 1247
1233 00309_入中論善顯密意疏 1399 1233
1233 00438_大集經諸品彙編 1305 1233
1233 01096_說一切有部施設足論 1233 1559
1234 01260_行藏 1234 1328
1234 01303_瑜伽菩薩戒本 1265 1234
1235 00313_覺囊他空見文獻 1504 1235
1235 00431_法華經觀世音菩薩普門品 1235 1349
1237 00115_大雲經 1237 1387
1237 00324_日本佛教初傳文獻 1415 1237
1237 00386_阿毗達磨藏顯宗論 1240 1237
1237 00424_文殊師利般若經 1237 1290
1237 00432_法華經提婆達多品 1254 1237
1238 29738_木村泰賢佛教思想論 2029 1238
1240 00974_菩薩戒經三譯本合集 1240 1278
1240 01306_密嚴經疏 1349 1240
1241 00359_吐火羅語佛教文獻 1241 1247
1242 01302_楞伽經疏 1264 1242
1243 00442_藥師經諸譯本 1243 1419
1243 00896_相應部因緣相應 1585 1243
1243 29739_宇井伯壽禪宗史研究 2259 1243
1244 00104_三昧王經 1287 1244
1244 00135_入中論 1244 1330
1244 00322_東南亞上座部佛教典籍 1329 1244
1244 00363_近現代佛學研究與數據庫 1244 1333
1245 00996_甘珠爾佛說廣破論 1245 1362
1246 00108_般舟三昧經 1246 1358
1246 00384_阿毗達磨俱舍論 1246 1454
1247 01291_華嚴經疏 1247 1253
1248 00895_相應部無我相應 1656 1248
1250 00383_阿毗達磨大毗婆沙論 1250 1366
1250 00387_巴利論藏註疏 1250 1350
1250 00446_思益經與持世經 1250 1417
1250 01088_迦葉遺部律 1250 1368
1251 29750_Williams大乘佛教 1646 1251
1252 01147_佛說阿羅漢具德經 1252 1444
1253 00906_增支部一法集 1312 1253
1254 01354_幻化網灌頂儀軌 1254 1349
1255 00880_念處經 1536 1255
1255 01372_生起次第總論 1255 1443
1255 29731_陳垣佛教史籍著作 2222 1255
1256 01124_舍利弗阿毗曇論 1256 1519
1256 29701_佛本行集經 2122 1256
1256 29706_觀彌勒菩薩上生兜率天經 1746 1256
1257 00318_米拉日巴傳 1504 1257
1257 00902_相應部根相應 1502 1257
1257 01087_解脫戒經 1257 1317
1258 00107_大方廣菩薩藏經 1286 1258
1258 00336_越南佛教典籍總覽 1258 1818
1258 00876_轉法輪經 1594 1258
1258 01222_譬喻注 1258 1353
1259 00441_金光明經諸品 1259 1337
1259 01137_十八部論 1259 1484
1260 01428_二諦義 1260 1628
1262 00124_梵網經 1262 1407
1263 00096_勝鬘經 1263 1267
1263 00354_吐蕃時期佛教文獻 1548 1263
1263 00381_小部經典詳注 1263 1341
1263 00886_大因緣經 1585 1263
1263 00973_梵網經三譯本合集 1371 1263
1263 01357_大圓滿灌頂儀軌 1263 1316
1264 00100_寶性論 1264 1274
1264 00142_攝大乘論 1264 1277
1264 01432_法華經新羅疏 1264 1622
1265 00131_法華經玄義 1265 1328
1265 00321_朝鮮與越南佛教典籍 1321 1265
1265 00371_巴利聖典協會出版物 1265 1293
1266 01090_曇無德部律 1266 1409
1266 01094_說一切有部集異門足論 1266 1504
1267 00320_日本佛教典籍 1323 1267
1267 00443_楞嚴經十卷本 1267 1428
1268 00375_律藏經分別與犍度 1268 1332
1268 00966_楞伽經四譯本合集 1270 1268
1269 00355_蒙古佛教文獻 1340 1269
1269 00380_巴利增支部經典詳注 1354 1269
1270 00389_阿育王傳 1270 1406
1271 00372_梵文佛典寫本研究 1290 1271
1272 00435_觀無量壽佛經 1336 1272
1272 01162_法集論注 1272 1568
1273 00923_小部經集八頌經 1328 1273
1274 29760_佛教梵語辭典 1724 1274
1275 00385_阿毗達磨順正理論 1275 1416
1275 00388_清淨道論大疏 1275 1309
1276 00373_批判佛教運動 1276 1372
1277 01093_說一切有部品類足論 1277 1501
1279 01116_成實論 1279 1486
1280 00114_大集經月藏分 1315 1280
1280 00981_甘珠爾佛說攝大乘論 1462 1280
1280 01344_大威德金剛灌頂儀軌 1280 1393
1281 00319_那若巴傳 1406 1281
1282 00392_巴利語法句經注 1282 1326
1283 01104_阿毗達磨顯宗論 1283 1626
1283 01384_頗瓦法 1283 1361
1284 29730_湯用彤佛教史著作 2369 1284
1286 29707_佛說彌勒下生經 1752 1286
1287 00449_中論頌與佛護釋 1287 1312
1287 01348_時輪金剛灌頂儀軌 1287 1352
1288 00099_月燈三昧經 1288 1366
1288 29728_王恩洋著作 2221 1288
1290 00924_小部經集彼岸道 1490 1290
1290 29703_那先比丘經 2260 1290
1291 00369_日本近代佛教學術 1291 1402
1291 00878_大念處經 1655 1291
1292 01097_說一切有部識身足論 1292 1440
1295 00890_中部聖求經 1642 1295
1295 00894_相應部苦諦相應 1535 1295
1296 00391_律藏經典集要 1296 1330
1296 00900_相應部正勤相應 1499 1296
1296 01151_佛說阿羅漢因緣經 1296 1519
1298 00362_高麗大藏經 1298 1357
1298 29735_趙樸初佛教論著 2426 1298
1299 00904_相應部覺支相應 1299 1361
1299 01447_五蘊論廣釋 1299 2093
1299 29763_分別論 1949 1299
1300 01378_氣脈明點論 1300 1369
1301 00564_佛教版本學 1350 1301
1301 00569_佛教梵文文法 1301 1324
1301 00577_巴利律藏複復注 1325 1301
1301 01108_阿毗達磨雜集論 1301 1561
1302 00192_學處集要 1302 1357
1302 00571_佛教藏文文法 1316 1302
1303 00562_佛教全球化與本土化 1303 1341
1303 00591_經集註疏 1303 1311
1304 00127_大乘密嚴經 1304 1346
1304 00549_佛教與科學 1304 1364
1304 00565_佛教校勘學 1307 1304
1305 01125_甘露味論 1305 1456
1306 00227_華嚴發菩提心章 1358 1306
1306 00887_大念處經詳注 1756 1306
1307 00545_佛教心理學 1307 1320
1307 00552_佛教與人權 1367 1307
1307 00573_佛教文獻學方法論 1342 1307
1307 00574_佛教文獻學前沿 1363 1307
1308 00550_佛教與生態 1308 1330
1309 00592_經集復注 1321 1309
1311 00594_本生經復注 1311 1317
1312 00553_佛教與和平 1354 1312
1312 00584_相應部復注 1312 1318
1312 01273_大日經疏 1312 1377
1312 29712_正法眼藏 1697 1312
1312 29823_南傳內觀禪修訓練體系 1312 1527
1313 00092_十萬頌般若經 1313 1407
1313 00541_佛教音樂史 1368 1313
1313 00568_佛教語言學 1354 1313
1313 00572_佛教漢語研究 1313 1319
1313 00590_法句經復注 1331 1313
1314 00546_佛教社會學 1345 1314
1314 01436_大乘義章 1314 1855
1315 00542_佛教文學史 1354 1315
1315 00582_大正新修大藏經 1357 1315
1315 00586_增支部復注 1315 1326
1315 29799_智力階梯藏傳攝類學新論 2294 1315
1317 00154_成業論 1317 1426
1317 00536_藏傳佛教儀軌集成 1317 1324
1318 00548_佛教政治思想 1370 1318
1318 00563_佛教經典目錄學 1318 1329
1319 00538_佛教考古學概論 1319 1327
1319 00554_佛教與教育 1341 1319
1319 00905_相應部阿羅漢相應 1338 1319
1319 29820_印度佛教寺院教育制度 1423 1319
1320 00539_佛教藝術史 1374 1320
1320 01281_事師法五十頌 1440 1320
1321 00113_大乘本生心地觀經 1321 1364
1321 00544_佛教倫理學 1367 1321
1321 00588_小部復注 1336 1321
1322 00110_持世經 1322 1336
1322 00570_佛教巴利文文法 1322 1331
1322 00576_巴利律藏復注 1341 1322
1323 00520_法苑珠林 1354 1323
1323 00580_中部註疏 1339 1323
1323 00581_中部復注 1358 1323
1326 00578_長部註疏 1326 1493
1326 01121_三彌底部論 1326 1706
1326 29742_柳田聖山禪學著作 2631 1326
1327 00585_增支部註疏 1354 1327
1327 00593_本生經註疏 1327 1363
1329 00540_佛教建築史 1329 1356
1329 00555_佛教與醫療 1341 1329
1329 00556_佛教與禪修科學 1329 1381
1330 01095_說一切有部法蘊足論 1330 1527
1331 00326_最澄著述 1331 1362
1332 01089_彌沙塞部律 1335 1332
1333 00579_長部復注 1368 1333
1333 01113_阿毗達磨俱舍論疏 1333 1573
1333 01458_大乘起信論裂網疏 1333 2148
1333 29756_Tucci藏學著作 1789 1333
1333 29782_唐密東密與台密分流 2443 1333
1334 00109_思益梵天所問經 1357 1334
1334 00543_佛教哲學史 1334 1363
1335 00525_地藏菩薩靈驗記 1335 1436
1335 00537_藏傳佛教藝術典籍 1364 1335
1335 00557_佛教數位人文 1335 1346
1335 00566_佛教訓詁學 1335 1353
1337 00547_佛教經濟學 1355 1337
1338 01167_人施設論注 1338 1497
1339 00559_佛教開放獲取資源 1361 1339
1340 00528_藏傳佛教道次第集成 1516 1340
1340 00575_巴利律藏註疏 1357 1340
1341 00583_相應部註疏 1358 1341
1342 00527_淨土論注集成 1342 1429
1342 29704_付法藏因緣傳 2257 1342
1343 00558_佛教文獻數位化 1343 1379
1344 00106_四十華嚴 1352 1344
1344 00358_於闐佛教文獻 1435 1344
1344 00589_法句經註疏 1344 1386
1346 00220_景德傳燈錄 1383 1346
1346 01340_原人論 1346 1870
1347 00216_律宗典籍羣 1347 1381
1347 01433_華嚴經新羅疏 1347 1647
1348 00097_金光明經 1348 1362
1348 00379_巴利相應部經典詳注 1388 1348
1349 00378_巴利中部經典詳注 1349 1365
1349 00523_羅漢傳 1349 1413
1351 00219_宗密著述羣 1351 1418
1351 00587_小部註疏 1351 1351
1352 00356_滿文大藏經 1437 1352
1353 00111_超日明三昧經 1353 1371
1353 00128_大乘同性經 1353 1360
1353 00190_修心七要 1472 1353
1353 00225_華嚴一乘教義分齊章 1353 1390
1353 00345_義湘著述 1353 1481
1353 01456_大乘起信論疏筆削記 1353 2045
1354 00323_中亞絲路佛教文獻 1359 1354
1355 01085_優婆離問佛經 1355 1405
1355 29736_南懷瑾佛學著作 2444 1355
1357 00189_菩提道燈論 1357 1421
1357 00223_摩訶止觀 1357 1446
1357 00519_佛祖歷代通載 1357 1391
1357 29708_大乘大集地藏十輪經 1853 1357
1358 00374_印順法師著述 1358 1362
1358 00929_無量壽經 1701 1358
1359 00218_不空譯經羣 1359 1388
1359 00531_藏傳佛教中觀典籍 1359 1445
1359 00567_佛教翻譯史 1374 1359
1360 00215_淨土宗典籍羣 1360 1409
1360 29824_南傳阿毗達磨學習指南 1360 1628
1362 00513_禪林寶訓 1362 1413
1363 00126_佔察善惡業報經 1435 1363
1364 01442_因明大疏 1364 1978
1365 00551_佛教與性別 1365 1381
1365 29740_中村元佛教思想史 2206 1365
1366 00130_注維摩詰經 1373 1366
1366 00529_藏傳佛教大圓滿典籍 1366 1404
1367 00532_藏傳佛教因明典籍 1367 1449
1367 00560_佛教國際學術會議 1367 1382
1367 01438_大乘法苑義林章 1367 1950
1368 00533_藏傳佛教詩歌集成 1437 1368
1369 00095_首楞嚴三昧經 1369 1432
1370 00350_泰國上座部文獻 1451 1370
1371 00514_緇門警訓 1427 1371
1372 00230_淨土十疑論 1372 1404
1372 00390_善見律毗婆沙 1372 1506
1372 29732_陳寅恪佛教論著 2503 1372
1372 29734_任繼愈中國佛教史 2385 1372
1374 00357_西夏佛教文獻 1582 1374
1374 01223_佛種姓注 1374 1470
1375 00094_觀無量壽經 1503 1375
1375 00217_唐密典籍羣 1412 1375
1378 00376_比丘尼戒經與羯磨 1378 1386
1379 00534_藏傳佛教歷史集成 1450 1379
1379 29718_日本大藏經 1809 1379
1380 00191_入行論注 1394 1380
1380 29729_梁啟超佛學論著 2226 1380
1381 00377_巴利長部經典詳注 1381 1427
1381 00561_佛教未來研究方向 1382 1381
1383 01100_說一切有部大毗婆沙論 1383 1595
1384 29741_平川彰印度佛教史 2570 1384
1385 00228_原人論 1446 1385
1385 00517_釋氏稽古略 1460 1385
1386 00518_佛祖統紀 1472 1386
1388 00522_神僧傳 1388 1414
1388 01279_密宗道次第廣論 1448 1388
1388 01440_唯識述記 1388 2175
1389 00221_碧巖錄 1439 1389
1389 00222_無門關 1393 1389
1389 01146_大阿羅漢難提蜜多羅所說法住記 1389 1604
1391 29796_熱堆攝類 2147 1391
1393 00343_良寬著述 1393 1396
1396 00344_元曉著述 1396 1587
1397 00155_因明正理門論 1397 1431
1397 00340_一遍著述 1397 1443
1399 00224_天台四教儀 1420 1399
1399 00524_觀音慈林集 1478 1399
1399 01091_婆蹉富羅部律 1399 1501
1401 29822_清淨道論修學次第 1461 1401
1402 29713_教行信證 1917 1402
1404 01444_瑜伽師地論略纂 1404 1828
1406 00338_日本天台宗典籍 1406 1475
1407 00193_大乘二十頌論 1487 1407
1409 00327_空海著述 1409 1561
1409 29794_賽倉攝類學 2015 1409
1411 00521_太平廣記佛教類 1421 1411
1412 00229_禪源諸詮集都序 1412 1426
1412 01110_阿毗達磨俱舍論本頌 1412 1645
1413 00129_圓覺經大疏 1427 1413
1413 00342_白隱著述 1522 1413
1414 29709_如實論 1792 1414
1415 00098_入楞伽經 1415 1455
1415 29825_巴利語學習教材體系 1415 1472
1416 00353_敦煌佛教文獻 1546 1416
1417 29783_藏傳佛教各派分立史 2292 1417
1419 00516_翻譯名義集 1419 1427
1422 00515_教乘法數 1450 1422
1424 00093_阿彌陀經 1508 1424
1424 00530_藏傳佛教大手印典籍 1427 1424
1427 00349_緬甸上座部文獻 1568 1427
1427 00535_藏傳佛教傳記集成 1458 1427
1428 01454_觀所緣緣論釋 1428 1846
1429 00346_知訥著述 1441 1429
1431 00339_日本華嚴宗典籍 1431 1489
1432 00328_法然著述 1432 1542
1435 00337_東南亞上座部典籍總覽 1435 2096
1438 29733_季羨林佛教論著 2374 1438
1440 29743_鐮田茂雄中國佛教史 2601 1440
1441 00226_華嚴金師子章 1485 1441
1441 00329_親鸞著述 1441 1541
1441 00333_越南佛教文獻 1441 1451
1451 00347_涵虛著述 1451 1598
1451 01446_大乘百法明門論解 1451 1918
1454 00288_藏傳佛教薩迦派典籍 1454 1712
1455 00335_朝鮮佛教典籍總覽 1455 1889
1455 00351_斯里蘭卡佛教文獻 1457 1455
1457 00927_佛遺教經 1671 1457
1457 29710_方便心論 1835 1457
1458 00332_朝鮮半島佛教文獻 1458 1516
1458 00341_榮西著述 1458 1545
1458 00352_中亞佛教寫本 1545 1458
1461 00348_越南竹林禪派文獻 1461 1521
1462 29719_卍續藏 1947 1462
1463 00932_普賢行願品 1856 1463
1468 29798_攝類學要義 2354 1468
1470 00526_彌陀經典集成 1508 1470
1474 29792_攝類辯論 2184 1474
1482 01283_真言宗綱要 1546 1482
1484 00330_道元著述 1559 1484
1485 01450_唯識二十論述記 1485 2139
1485 29800_攝類問答集與應成百題 2379 1485
1489 29784_藏傳利美運動 2725 1489
1489 29801_格西拉讓巴答辯錄 2361 1489
1492 29826_南傳佛教僧伽教育制度 1535 1492
1493 00331_日蓮著述 1575 1493
1508 00102_大乘阿毗達摩雜集論 1508 1802
1508 00938_佛說父母恩重難報經 1885 1508
1510 29690_長阿含經 1510 1597
1519 00044_大史 1519 1967
1523 00931_阿彌陀經 1802 1523
1524 29744_塚本善隆佛教著作 2692 1524
1526 29714_歎異鈔 1863 1526
1536 29715_十住心論 1942 1536
1537 29793_理路幻鑰 1783 1537
1538 00926_四十二章經 1723 1538
1542 00364_佛教考古與文獻學 1542 2304
1547 00930_觀無量壽佛經 1876 1547
1548 00928_八大人覺經 1718 1548
1557 29716_辨顯密二教論 1929 1557
1566 01434_起信論新羅疏 1566 1759
1580 01343_大乘起信論義記 1580 1853
1587 29764_蓮花生伏藏文獻 2171 1587
1597 01346_圓覺經大疏 1597 2110
1614 01411_金光明經文句 1614 1790
1619 00286_藏傳佛教格魯派典籍 1619 2056
1625 29813_漢傳佛教受戒與戒律學習體系 1625 1879
1631 29802_宗義論集 2469 1631
1638 00365_佛教數字人文 1638 1947
1638 29827_南傳佛教考試與升級制度 1638 1681
1653 00289_藏傳佛教噶舉派典籍 1653 2182
1656 29717_顯戒論 2031 1656
1662 00334_日本佛教典籍總覽 1662 2579
1670 00287_藏傳佛教寧瑪派典籍 1670 1725
1684 00103_大乘起信論 1684 1997
1698 01421_三論玄義 1698 2021
1701 29765_藏傳伏藏法要 2218 1701
1710 01396_四分律戒相表記 1812 1710
1717 29720_鈴木大拙禪學著作 2035 1717
1726 01395_四分律比丘尼戒相表記 1798 1726
1729 01355_大乘起信論義記 1729 2622
1729 01415_阿彌陀佛經義記 1729 1979
1734 01393_四分律刪補隨機羯磨 1843 1734
1738 01406_六妙法門 1738 2007
1741 29711_辯中邊論 1982 1741
1742 01358_佛性論 1742 2272
1743 29795_洛色林攝類學 2374 1743
1752 29814_百丈清規與叢林制度 1831 1752
1771 29812_漢傳因明教學傳統 2035 1771
1772 29803_辯經制度與學修體系 1919 1772
1774 01401_天台止觀 1774 2050
1778 01392_四分律隨機羯磨 1786 1778
1783 29691_中阿含經 1842 1783
1787 01388_四分律拾毗尼義鈔 1787 2233
1790 01410_金光明經玄義 1790 2064
1798 01414_請觀音經疏 1825 1798
1801 29694_別譯雜阿含經 1801 1893
1805 29692_增壹阿含經 1863 1805
1806 29785_日本佛教宗派成立史 2705 1806
1812 29815_佛學院教育史 2047 1812
1818 01376_密嚴經 1818 2116
1825 01391_四分律比丘尼戒本 1825 2017
1828 29770_大小乘教義比較 2581 1828
1838 01386_四分律羯磨疏 1838 1985
1842 01370_成唯識論疏 1842 2437
1847 29721_真心直說 2082 1847
1851 29805_藏傳因明應成論式詳解 2293 1851
1853 01416_維摩經玄疏 1853 1963
1858 29771_法華一乘思想與開權顯實 2933 1858
1859 01349_喜金剛灌頂儀軌 1859 2182
1861 01408_觀心論 1861 1993
1864 01367_大乘法界無差別論 1864 2143
1870 01390_四分律比丘戒本 1870 2015
1874 01403_法華文句 1874 2168
1875 01419_金剛般若經疏 1880 1875
1880 01389_四分律比丘尼鈔 1880 2013
1882 29780_華嚴判教體系與宗派建立 3354 1882
1883 29797_清晰思辯練習本 2645 1883
1884 29693_雜阿含經 1897 1884
1886 01382_唯識二十論疏 1886 2428
1892 29804_五部大論辯經教輔體系 2284 1892
1905 01364_涅槃經集解 1905 2165
1909 01352_大乘起信論疏 1909 2469
1915 01373_圓滿次第總論 1915 2471
1929 01417_維摩經文疏 1929 2133
1945 01405_小止觀 1945 2204
1949 01397_梵網經菩薩戒本 1949 2055
1949 29778_禪宗南北分宗與五家七宗 2915 1949
1953 01361_佛性論 1953 2103
1953 29772_佛身論演變史 3317 1953
1988 29808_天台教觀修學次第 2154 1988
1989 29807_漢傳佛教教學體系總論 2102 1989
1996 29779_天台判教體系與宗派建立 2894 1996
1998 01379_中陰救度法 1998 2388
2020 29816_漢傳佛教講經與註疏傳統 2020 2343
2130 01394_四分律刪繁補闕行事鈔 2130 2235
2131 29788_白蓮教與民間佛教 3530 2131
2138 29773_大乘涅槃思想演變 3432 2138
2168 00160_俱舍論自注 2799 2168
2183 29810_禪宗叢林參學體系 2964 2183
2229 29806_辯經邏輯與西方邏輯比較 2701 2229
2276 29790_佛教與外道辯論史 3174 2276
2286 29775_淨土思想起源與演變 3637 2286
2305 29774_大乘經典成立史 3873 2305
2358 00366_佛教研究工具書與數據庫 2358 2609
2427 29811_淨土宗行持儀軌與課程 3124 2427
2437 29781_淨土宗傳承與十三祖系譜 3827 2437
2442 29767_大乘起源學術爭議 4626 2442
2477 29776_從部派到大乘的戒律轉變 3382 2477
2557 00367_重要佛教學者與學術史 3971 2557
2565 29766_大乘佛教興起史 4032 2565
2586 29786_上座部各國傳統分化 3572 2586
2623 29791_佛教與其他宗教對話史 3610 2623
2701 29777_大乘佛教文獻學 3876 2701
2702 29768_菩薩思想起源與演變 4101 2702
2811 00049_法集論注 3336 2811
3069 29789_近現代佛教復興運動 4220 3069
3122 29769_般若思想溯源 5071 3122